# Postprocessed results of turbulent pipe flow 
# Velocity fluctuations 
# ------------------------------------------------------------------
# uTau = 0.0241079 
# nu = 1.20482e-05 
# ------------------------------------------------------------------
# r	 1-r	 y+	 urur	 utut	 uzuz	 urut	 uruz	 utuz	 
# ------------------------------------------------------------------
1	0	0	3.43054912075522e-38	3.32002588228183e-38	3.16645264065004e-39	9.52129400000000e-11	-8.28960651607869e-44	-1.57320288723013e-42
0.999955187634167	4.48123658329802e-05	0.0897072246894398	1.06419960951976e-08	0.000648112903882032	0.00148070325424696	9.52129400000000e-11	-7.62033636149450e-07	-5.77650713619591e-08
0.999902564001706	9.74359982940376e-05	0.195051362036554	2.30097200173336e-07	0.00298626239869901	0.00698370817299380	1.02777100000000e-09	-7.91739787341469e-06	-2.64467729105765e-07
0.999842130928339	0.000157869071661043	0.316028757236195	1.52681573537522e-06	0.00761340765946302	0.0182876931877319	3.95968900000000e-09	-3.40701425851266e-05	-6.69575786207613e-07
0.999773890361304	0.000226109638695959	0.452635512227709	6.15774755308622e-06	0.0151154885147543	0.0374180189571879	1.19071900000000e-08	-0.000101341765595497	-1.31981996278035e-06
0.999697844369260	0.000302155630739986	0.604867485885396	1.87340898977654e-05	0.0260369848436437	0.0666420085162358	2.97772500000000e-08	-0.000244905463210015	-2.25779543916318e-06
0.999613995142192	0.000386004857808042	0.772720294207650	4.73920821456776e-05	0.0408555091017615	0.108460699811022	5.93929600000000e-08	-0.000517002678157270	-3.52226045826332e-06
0.999522344991310	0.000477655008690014	0.956189310519645	0.000105081847672867	0.0599605543682359	0.165592553292878	1.16358900000000e-07	-0.000991237007699162	-5.15084165248793e-06
0.999422896348953	0.000577103651047017	1.15526966566603	0.000210857435154664	0.0836372711541958	0.240942714597463	2.00170800000000e-07	-0.00176678564364058	-7.18586444574223e-06
0.999315651768484	0.000684348231515974	1.36995624822028	0.000391036041376215	0.112055897631571	0.337549902835634	3.12096300000000e-07	-0.00297199637358966	-9.68392868485964e-06
0.999200613924187	0.000799386075812980	1.60024370469162	0.000680096726711987	0.145267211633527	0.458502524537898	4.53601200000000e-07	-0.00476668282352951	-1.27296055457432e-05
0.999077785611161	0.000922214388838993	1.84612643973660	0.00112120890630929	0.183204093788855	0.606817041089055	7.47182700000000e-07	-0.00734234257417491	-1.64531747565288e-05
0.998947169745211	0.00105283025478897	2.10759861637757	0.00176631538717548	0.225688976460037	0.785275621474749	1.02186000000000e-06	-0.0109195572828919	-2.10514896273267e-05
0.998808769362744	0.00119123063725601	2.38465415621113	0.00267573846275980	0.272446601619380	0.996226799150855	1.36595100000000e-06	-0.0157420313831583	-2.68096507260636e-05
0.998662587620649	0.00133741237935103	2.67728673964774	0.00391732404283710	0.323121141975494	1.24136141987446	1.86603400000000e-06	-0.0220670912638941	-3.41192848580266e-05
0.998508627796193	0.00149137220380702	2.98548980612041	0.00556518128596544	0.377296396686327	1.52148486826195	2.25511500000000e-06	-0.0301529564560373	-4.34876084181780e-05
0.998346893286899	0.00165310671310104	3.30925655432894	0.00769810821655311	0.434517515285869	1.83631308562645	2.79059100000000e-06	-0.0402436207924769	-5.55313107447171e-05
0.998177387610434	0.00182261238956605	3.64857994246372	0.0103978137285962	0.494312588922199	2.18432208500569	3.30817700000000e-06	-0.0525526350374884	-7.09515467080618e-05
0.998000114404488	0.00199988559551201	4.00345268844822	0.0137470517957513	0.556212512867107	2.56267729799671	4.33779800000000e-06	-0.0672473623960234	-9.04908344208963e-05
0.997815077426654	0.00218492257334602	4.37386727017945	0.0178277754098642	0.619767769092411	2.96726032777352	3.83145500000000e-06	-0.0844353220327783	-0.000114877934946294
0.997622280554307	0.00237771944569298	4.75981592576956	0.0227193983781287	0.684561167121890	3.39279812219442	2.77759800000000e-06	-0.104154034884576	-0.000144770619524957
0.997421727784479	0.00257827221552098	5.16129065379673	0.0284972265308046	0.750216055250871	3.83308575417287	3.93351400000000e-06	-0.126365384693208	-0.000180706885527311
0.997213423233732	0.00278657676626803	5.57828321355902	0.0352310907043492	0.816400004202866	4.28128165233298	4.16227000000000e-06	-0.150954985091254	-0.000223072501839641
0.996997371138035	0.00300262886196501	6.01078512532036	0.0429841866786746	0.882824408339618	4.73024550871089	1.88324900000000e-06	-0.177736492754050	-0.000272088177599138
0.996773575852631	0.00322642414736896	6.45878767057750	0.0518121060214276	0.949240795766056	5.17288545977900	3.69472000000000e-06	-0.206460309949357	-0.000327815187439342
0.996542041851904	0.00345795814809602	6.92228189232603	0.0617620291789550	1.01543485525597	5.60248261087975	3.76996600000000e-07	-0.236825737260521	-0.000390175259362366
0.996302773729253	0.00369722627074698	7.40125859531174	0.0728720490656459	1.08121926205279	6.01296668316225	-5.12787300000000e-07	-0.268495401261556	-0.000458978880827344
0.996055776196952	0.00394422380304804	7.89570834631242	0.0851705989073111	1.14642632446669	6.39912499760840	-1.22085800000000e-06	-0.301110699423521	-0.000533955226924969
0.995801054086013	0.00419894591398695	8.40562147441039	0.0986759697101994	1.21090130527142	6.75673644489618	-3.05804900000000e-06	-0.334307062056853	-0.000614776899907070
0.995538612346054	0.00446138765394599	8.93098807125867	0.113395917016770	1.27449703512637	7.08263095563607	-5.74480300000000e-06	-0.367728000521805	-0.000701074887886154
0.995268456045154	0.00473154395484599	9.47179799136933	0.129327370037547	1.33707017212452	7.37468213427712	-9.88777200000000e-06	-0.401037155545730	-0.000792443343226107
0.994990590369711	0.00500940963028895	10.0280408523990	0.146456266002957	1.39847920818119	7.63174553284979	-9.50897200000000e-06	-0.433927839725018	-0.000888436712584434
0.994705020624303	0.00529497937569701	10.5997060354270	0.164757536953202	1.45858410505638	7.85355740517943	-1.09995100000000e-05	-0.466129847394163	-0.000988560948962538
0.994411752231539	0.00558824776846101	11.1867826852527	0.184195274905028	1.51724727845824	8.04060897396567	-9.20359900000000e-06	-0.497413554056069	-0.00109225769881935
0.994110790731916	0.00588920926808401	11.7892597106831	0.204723094808514	1.57433554921486	8.19400977972661	-1.30962300000000e-05	-0.527591527389757	-0.00119888054502728
0.993802141783668	0.00619785821633201	12.4071257848341	0.226284703891960	1.62972264818147	8.31535118329508	-1.67392600000000e-05	-0.556518013400461	-0.00130766980167313
0.993485811162616	0.00651418883738397	13.0403693454312	0.248814673079494	1.68329188813771	8.40657816281222	-1.80347600000000e-05	-0.584086742462245	-0.00141774208737348
0.993161804762017	0.00683819523798301	13.6889785951121	0.272239392812698	1.73493868301601	8.46987467310449	-1.72406300000000e-05	-0.610227523438483	-0.00152810938841443
0.992830128592411	0.00716987140758896	14.3529415017319	0.296478183388108	1.78457267947630	8.50756534490790	-1.76556900000000e-05	-0.634902070358178	-0.00163772490516135
0.992490788781466	0.00750921121853398	15.0322457986747	0.321444521445900	1.83211935249100	8.52203434492926	-1.70133900000000e-05	-0.658099451011941	-0.00174553557051463
0.992143791573819	0.00785620842618096	15.7268789851709	0.347047339131017	1.87752099939488	8.51566081772136	-2.68173800000000e-05	-0.679831474416905	-0.00185052454190185
0.991789143330920	0.00821085666907995	16.4368283266100	0.373192351953686	1.92073714172483	8.49076942425980	-1.67389400000000e-05	-0.700128255434932	-0.00195174290232797
0.991426850530871	0.00857314946912902	17.1620808548630	0.399783374778441	1.96174440065436	8.44959400640152	-2.09664900000000e-05	-0.719034117922937	-0.00204833403460907
0.991056919768265	0.00894308023173496	17.9026233686038	0.426723590696282	2.00053593383978	8.39425224829128	-1.74930000000000e-05	-0.736603933714086	-0.00213955179359489
0.990679357754020	0.00932064224597995	18.6584424336429	0.453916745013198	2.03712050879636	8.32672924885048	-2.34599200000000e-05	-0.752899946146484	-0.00222477524789658
0.990294171315216	0.00970582868478398	19.4295243832526	0.481268241868799	2.07152127299841	8.24886810832512	-2.21943200000000e-05	-0.767989088593051	-0.00230353205235050
0.989901367394930	0.0100986326050700	20.2158553184978	0.508686125321343	2.10377427498608	8.16236589038208	-1.54450600000000e-05	-0.781940780103448	-0.00237554041722675
0.989500953052064	0.0104990469479360	21.0174211085797	0.536081933380703	2.13392675769465	8.06877355870689	-1.58640500000000e-05	-0.794825163341162	-0.00244076386606589
0.989092935461176	0.0109070645388240	21.8342073911752	0.563371419714624	2.16203524565481	7.96949875484807	-1.91414500000000e-05	-0.806711728515618	-0.00249948575612165
0.988677321912312	0.0113226780876881	22.6661995727727	0.590475141353629	2.18816356039562	7.86581058669479	-1.05651500000000e-05	-0.817668262391300	-0.00255238811206525
0.988254119810828	0.0117458801891720	23.5133828290274	0.617318914457511	2.21238097443939	7.75884582882842	-1.43675700000000e-05	-0.827760078849958	-0.00260054150675138
0.987823336677216	0.0121766633227840	24.3757421051117	0.643834141760969	2.23476065011891	7.64961610690890	-1.01769900000000e-06	-0.837049494612747	-0.00264523541858329
0.987384980146932	0.0126150198530680	25.2532621160577	0.669958016406225	2.25537837239537	7.53901570619187	-1.46509600000000e-06	-0.845595503474091	-0.00268769156367492
0.986939057970213	0.0130609420297870	26.1459273471242	0.695633613791070	2.27431147491740	7.42782963158458	5.86046200000000e-06	-0.853453603551683	-0.00272881022582302
0.986485578011899	0.0135144219881010	27.0537220541534	0.720809893931353	2.29163787905847	7.31674182642741	1.66884700000000e-06	-0.860675732969718	-0.00276911298815545
0.986024548251253	0.0139754517487470	27.9766302639304	0.745441621313388	2.30743522726670	7.20634362457253	7.44496700000000e-06	-0.867310285012796	-0.00280882388290787
0.985555976781777	0.0144440232182230	28.9146357745524	0.769489215023365	2.32178000906945	7.09714216733218	1.57247300000000e-05	-0.873402211309845	-0.00284786335466703
0.985079871811029	0.0149201281889710	29.8677221557945	0.792918549833146	2.33474663903449	6.98956839697846	1.81861400000000e-05	-0.878993193932810	-0.00288576669444816
0.984596241660436	0.0154037583395640	30.8358727494839	0.815700722036407	2.34640670791023	6.88398446222224	1.99061500000000e-05	-0.884121840676141	-0.00292180682625342
0.984105094765106	0.0158949052348940	31.8190706698772	0.837811796969363	2.35682861698611	6.78069062371075	2.30026000000000e-05	-0.888823864781898	-0.00295537684559739
0.983606439673643	0.0163935603263570	32.8172988040294	0.859232543361492	2.36607755386141	6.67993174304610	2.34924800000000e-05	-0.893132264739384	-0.00298629198744509
0.983100285047950	0.0168997149520500	33.8305398121895	0.879948153682464	2.37421562155352	6.58190334350254	3.19277300000000e-05	-0.897077499444099	-0.00301473917053682
0.982586639663045	0.0174133603369550	34.8587761281675	0.899947936671026	2.38130185971209	6.48675728988168	3.01901200000000e-05	-0.900687629818837	-0.00304099536291023
0.982065512406857	0.0179344875931430	35.9019899597444	0.919224984102831	2.38739214520366	6.39460706644632	3.26276300000000e-05	-0.903988466027047	-0.00306526861364302
0.981536912280045	0.0184630877199550	36.9601632890331	0.937775830352692	2.39253929469863	6.30553241297511	3.58788300000000e-05	-0.907003729851962	-0.00308773461753509
0.981000848395788	0.0189991516042120	38.0332778728997	0.955600137753495	2.39679345103933	6.21958326155113	4.04504800000000e-05	-0.909755231428039	-0.00310853790868050
0.980457329979594	0.0195426700204060	39.1213152433454	0.972700405850143	2.40020242092836	6.13678341252208	4.38779300000000e-05	-0.912263060954624	-0.00312778833492589
0.979906366369101	0.0200936336308990	40.2242567079049	0.989081704186042	2.40281179521872	6.05713429615344	3.95441500000000e-05	-0.914545803123177	-0.00314563437540108
0.979347967013871	0.0206520329861291	41.3420833500590	1.00475144050928	2.40466509549345	5.98061866792441	4.72211000000000e-05	-0.916620711860557	-0.00316230770543839
0.978782141475193	0.0212178585248070	42.4747760296283	1.01971913929037	2.40580396015508	5.90720369837060	4.76110100000000e-05	-0.918503827143044	-0.00317815202199409
0.978208899425876	0.0217911005741240	43.6223153831894	1.03399622658998	2.40626817814620	5.83684353821823	4.77586100000000e-05	-0.920210018390716	-0.00319359859512247
0.977628250650044	0.0223717493499560	44.7846818244826	1.04759582226872	2.40609546132735	5.76948185558945	5.06206900000000e-05	-0.921753008298338	-0.00320909375496418
0.977040205042929	0.0229597949570710	45.9618555448283	1.06053254283381	2.40532126737281	5.70505371830037	5.27975000000000e-05	-0.923145432718711	-0.00322513729772430
0.976444772610664	0.0235552273893360	47.1538165135408	1.07282232107510	2.40397908014870	5.64348598306014	4.88977600000000e-05	-0.924398910405124	-0.00324231073378988
0.975841963470071	0.0241580365299290	48.3605444783523	1.08448224468174	2.40210094345542	5.58469736235160	6.28220100000000e-05	-0.925524059496152	-0.00326102611780605
0.975231787848450	0.0247682121515500	49.5820189658361	1.09553034982265	2.39971770380412	5.52859998125464	6.42749900000000e-05	-0.926530566231201	-0.00328105339433623
0.974614256083370	0.0253857439166300	50.8182192818239	1.10598538796080	2.39685862099496	5.47510185091551	6.42364400000000e-05	-0.927427337984790	-0.00330137933752392
0.973989378622450	0.0260106213775499	52.0691245118455	1.11586666437806	2.39355094516993	5.42410865438441	5.72775600000000e-05	-0.928222659877851	-0.00332079168033619
0.973357166023145	0.0266428339768550	53.3347135215561	1.12519389703404	2.38982043408668	5.37552489243170	6.46903700000000e-05	-0.928924221732077	-0.00333850300223970
0.972717628952531	0.0272823710474690	54.6149649571672	1.13398705167636	2.38569222505584	5.32925480782172	6.71168300000000e-05	-0.929539094806426	-0.00335412774023097
0.972070778187083	0.0279292218129170	55.9098572458906	1.14226620573691	2.38119112173475	5.28520275428943	7.06201800000000e-05	-0.930073744042847	-0.00336753234933306
0.971416624612461	0.0285833753875390	57.2193685963675	1.15005146660841	2.37634128903703	5.24327313172620	7.71373000000000e-05	-0.930534052646974	-0.00337905697017497
0.970755179223280	0.0292448207767200	58.5434769991287	1.15736295012986	2.37116578320460	5.20337040438523	7.76497400000000e-05	-0.930925300482972	-0.00338970618380849
0.970086453122898	0.0299135468771020	59.8821602270183	1.16422069911690	2.36568649892281	5.16539988210276	7.62874800000000e-05	-0.931252208025537	-0.00340076556703938
0.969410457523182	0.0305895424768180	61.2353958356628	1.17064458223825	2.35992444605735	5.12926864215811	8.28381200000000e-05	-0.931519090446995	-0.00341301233791685
0.968727203744291	0.0312727962557090	62.6031611639057	1.17665421540122	2.35389969401058	5.09488581530663	8.80811900000000e-05	-0.931729916415825	-0.00342635439239293
0.968036703214443	0.0319632967855570	63.9854333342730	1.18226890513689	2.34763094514607	5.06216291001532	8.29973600000000e-05	-0.931888304936453	-0.00344023922133690
0.967338967469691	0.0326610325303091	65.3821892534230	1.18750759856800	2.34113557587424	5.03101448429317	8.41444300000000e-05	-0.931997511690172	-0.00345436266222134
0.966634008153692	0.0333659918463080	66.7934056126067	1.19238880186714	2.33443032409370	5.00135866016218	7.52461900000000e-05	-0.932060490315299	-0.00346916739019813
0.965921837017476	0.0340781629825240	68.2190588881328	1.19693051612600	2.32753182826122	4.97311714148754	8.18972700000000e-05	-0.932080076213313	-0.00348580541535063
0.965202465919214	0.0347975340807860	69.6591253418300	1.20115019164891	2.32045682715538	4.94621442851103	8.26384400000000e-05	-0.932059040116523	-0.00350539244840737
0.964475906823987	0.0355240931760130	71.1135810215102	1.20506474559637	2.31322207612589	4.92057696005842	8.62957300000000e-05	-0.931999957691809	-0.00352823223448842
0.963742171803546	0.0362578281964540	72.5824017614490	1.20869059190777	2.30584401778197	4.89613316351575	8.08282900000000e-05	-0.931905063802928	-0.00355385642345931
0.963001273036081	0.0369987269639190	74.0655631828486	1.21204361845420	2.29833828268300	4.87281444155644	7.48577700000000e-05	-0.931776311195151	-0.00358184987086148
0.962253222805982	0.0377467771940180	75.5630406943145	1.21513914778559	2.29071959206728	4.85055597226333	7.78986700000000e-05	-0.931615507336316	-0.00361235755823905
0.961498033503598	0.0385019664964020	77.0748094923406	1.21799190459432	2.28300220044361	4.82929644187146	7.28928000000000e-05	-0.931424373458917	-0.00364600212238779
0.960735717625002	0.0392642823749980	78.6008445617769	1.22061596891586	2.27519996763360	4.80897740540186	8.61959500000000e-05	-0.931204458515361	-0.00368358921479072
0.959966287771743	0.0400337122282570	80.1411206763280	1.22302476391223	2.26732562838673	4.78954297708481	7.44431600000000e-05	-0.930957122798723	-0.00372560852067750
0.959189756650610	0.0408102433493900	81.6956123990246	1.22523109164489	2.25939017645452	4.77093970581567	7.52435100000000e-05	-0.930683535498305	-0.00377181498543574
0.958406137073383	0.0415938629266170	83.2642940827222	1.22724722896510	2.25140337478742	4.75311687726593	8.02309000000000e-05	-0.930384747393871	-0.00382117101027994
0.957615441956593	0.0423845580434070	84.8471398705810	1.22908497337488	2.24337481818279	4.73602711798962	8.07336700000000e-05	-0.930061781818513	-0.00387215235724500
0.956817684321269	0.0431823156787310	86.4441236965734	1.23075558266639	2.23531372572422	4.71962646713397	7.51215000000000e-05	-0.929715681955552	-0.00392330532459699
0.956012877292696	0.0439871227073040	88.0552192859677	1.23226977257980	2.22722810359102	4.70387400064984	7.80835400000000e-05	-0.929347566917418	-0.00397375193639539
0.955201034100165	0.0447989658998350	89.6804001558287	1.23363764407636	2.21912492387905	4.68873146021743	7.66490000000000e-05	-0.928958684263649	-0.00402306765333685
0.954382168076720	0.0456178319232800	91.3196396155240	1.23486864220525	2.21101072739363	4.67416234888617	8.19634500000000e-05	-0.928550182028874	-0.00407089867536612
0.953556292658908	0.0464437073410920	92.9729107672254	1.23597150730087	2.20289192286780	4.66013129290733	8.75556200000000e-05	-0.928122819925237	-0.00411686669830182
0.952723421386529	0.0472765786134710	94.6401865064075	1.23695426364000	2.19477514241266	4.64660431047444	8.10536100000000e-05	-0.927676989925626	-0.00416027196610918
0.951883567902379	0.0481164320976210	96.3214395223641	1.23782425322851	2.18666792106352	4.63354949611172	8.27277500000000e-05	-0.927212986447531	-0.00420010472803678
0.951036745951995	0.0489632540480049	98.0166422987178	1.23858813088217	2.17857872171710	4.62093684204648	8.52297400000000e-05	-0.926731182735145	-0.00423546036280455
0.950182969383401	0.0498170306165990	99.7257671139285	1.23925200514191	2.17051598203090	4.60873726016179	6.62157200000000e-05	-0.926232147284811	-0.00426587877991083
0.949322252146848	0.0506777478531520	101.448786041814	1.23982167526827	2.16248712932814	4.59692213407290	9.06287800000000e-05	-0.925716435327758	-0.00429161178239095
0.948454608294556	0.0515453917054440	103.185670952065	1.24030271469266	2.15449808173413	4.58546444955654	7.63917800000000e-05	-0.925184625100613	-0.00431354333877400
0.947580051980455	0.0524199480195450	104.936393510767	1.24070042490189	2.14655343641632	4.57433931439630	8.27621900000000e-05	-0.924637434898417	-0.00433266723625516
0.946698597459924	0.0533014025400760	106.700925180921	1.24101984072083	2.13865688809807	4.56352328259500	7.25644600000000e-05	-0.924075545954030	-0.00434926774096322
0.945810259089527	0.0541897409104730	108.479237222969	1.24126571914430	2.13081157233811	4.55299454795163	8.57974900000000e-05	-0.923499288284278	-0.00436273745551294
0.944915051326751	0.0550849486732490	110.271300695324	1.24144249608429	2.12302040456002	4.54273355486952	7.98834100000000e-05	-0.922908654353722	-0.00437210758748155
0.944012988729740	0.0559870112702600	112.077086454897	1.24155434147804	2.11528636491536	4.53272300163008	8.16050800000000e-05	-0.922303657134857	-0.00437698077742777
0.943104085957032	0.0568959140429680	113.896565157630	1.24160521094422	2.10761186140650	4.52294762102716	8.57780500000000e-05	-0.921684485139799	-0.00437785566655034
0.942188357767289	0.0578116422327110	115.729707259029	1.24159888772956	2.09999850850499	4.51339388186813	7.69484800000000e-05	-0.921051603369064	-0.00437539263417074
0.941265819019031	0.0587341809809691	117.576483014702	1.24153903899383	2.09244787417201	4.50404897526512	7.93156900000000e-05	-0.920405561891185	-0.00437019369749706
0.940336484670365	0.0596635153296350	119.436862480899	1.24142930615358	2.08496089778885	4.49489900280283	8.14180200000000e-05	-0.919746670087969	-0.00436291235994066
0.939400369778716	0.0605996302212840	121.310815515052	1.24127334849980	2.07753725226305	4.48592812162331	9.69152700000000e-05	-0.919074890166907	-0.00435421954123591
0.938457489500555	0.0615425104994450	123.198311776318	1.24107462854982	2.07017589374079	4.47712049644883	7.77008300000000e-05	-0.918390089784128	-0.00434502565513829
0.937507859091128	0.0624921409088720	125.099320726122	1.24083628446139	2.06287619796662	4.46846224860513	9.31331900000000e-05	-0.917692376598658	-0.00433669797184819
0.936551493904178	0.0634485060958220	127.013811628715	1.24056102876831	2.05563926148268	4.45994153570195	7.99305300000000e-05	-0.916982090899830	-0.00433087706290556
0.935588409391676	0.0644115906083240	128.941753551708	1.24025105566056	2.04846779748797	4.45154811503307	8.84219700000000e-05	-0.916259678741548	-0.00432915257035244
0.934618621103541	0.0653813788964590	130.883115366640	1.23990810758938	2.04136472254773	4.44327309664470	8.96101200000000e-05	-0.915525549666508	-0.00433253758168355
0.933642144687362	0.0663578553126381	132.837865749528	1.23953362468100	2.03433216373808	4.43510871847867	8.64496200000000e-05	-0.914779948538156	-0.00434112235146414
0.932658995888126	0.0673410041118741	134.805973181413	1.23912893297476	2.02737169968965	4.42704806645507	9.13572200000000e-05	-0.914022927858902	-0.00435435042774809
0.931669190547931	0.0683308094520690	136.787405948935	1.23869530233619	2.02048522337577	4.41908457292476	7.70895100000000e-05	-0.913254581921889	-0.00437159102854861
0.930672744605713	0.0693272553942870	138.782132144883	1.23823394699228	2.01367452785946	4.41121078416718	9.30212100000000e-05	-0.912475096844423	-0.00439257697104073
0.929669674096957	0.0703303259030430	140.790119668766	1.23774604598744	2.00694047621339	4.40341805010520	9.70609000000000e-05	-0.911684628472288	-0.00441696970019256
0.928659995153424	0.0713400048465760	142.811336227367	1.23723276293683	2.00028277581270	4.39569760197420	0.000100639300000000	-0.910883378063866	-0.00444407136338553
0.927643724002858	0.0723562759971420	144.845749335325	1.23669533323255	1.99369948969169	4.38804163668623	8.15005000000000e-05	-0.910071420365725	-0.00447286073116337
0.926620876968707	0.0733791230312930	146.893326315695	1.23613508007416	1.98718758707444	4.38044402622373	9.39292800000000e-05	-0.909248907455624	-0.00450271942454245
0.925591470469839	0.0744085295301610	148.954034300515	1.23555337848870	1.98074451629044	4.37289955031442	8.51339500000000e-05	-0.908416017936567	-0.00453410030340793
0.924555521020249	0.0754444789797510	151.027840231397	1.23495160104846	1.97436932415159	4.36540341108483	9.05620700000000e-05	-0.907572789778193	-0.00456791528530141
0.923513045228779	0.0764869547712210	153.114710860081	1.23433098818662	1.96806215547923	4.35795175356157	0.000114118600000000	-0.906719220424392	-0.00460485619342258
0.922464059798821	0.0775359402011790	155.214612749036	1.23369257164565	1.96182287672229	4.35054166486243	7.67309500000000e-05	-0.905855370172848	-0.00464484838287468
0.921408581528037	0.0785914184719631	157.327512272014	1.23303715260423	1.95565056829137	4.34317130655534	9.91738100000000e-05	-0.904981445289122	-0.00468687665786758
0.920346627308059	0.0796533726919410	159.453375614657	1.23236529017337	1.94954348843008	4.33583880161750	8.77846500000000e-05	-0.904097752531013	-0.00472910076736594
0.919278214124205	0.0807217858757950	161.592168775063	1.23167739481784	1.94349860215429	4.32854172751560	8.64823200000000e-05	-0.903204482202888	-0.00476873332911105
0.918203359055181	0.0817966409448190	163.743857564378	1.23097381156121	1.93751196262374	4.32127773525278	9.98360000000000e-05	-0.902301758434468	-0.00480270037795128
0.917122079272789	0.0828779207272110	165.908407607389	1.23025498027633	1.93157979773733	4.31404504476888	0.000107805800000000	-0.901389644939269	-0.00482826207158592
0.916034392041636	0.0839656079583641	168.085784343099	1.22952154145581	1.92569879838334	4.30684175517409	0.000100776300000000	-0.900468259330440	-0.00484280464297583
0.914940314718831	0.0850596852811690	170.275953025339	1.22877446572004	1.91986540413992	4.29966538375174	0.000100709300000000	-0.899537748157990	-0.00484436208863778
0.913839864753694	0.0861601352463060	172.478878723348	1.22801494194087	1.91407496838721	4.29251380944854	0.000112659700000000	-0.898598036771182	-0.00483244699712479
0.912733059687460	0.0872669403125400	174.694526322364	1.22724411920081	1.90832252559481	4.28538482114676	9.39373200000000e-05	-0.897648988158670	-0.00480847207522350
0.911619917152973	0.0883800828470270	176.922860524240	1.22646291181452	1.90260469727478	4.27827489094235	0.000110608100000000	-0.896690684658497	-0.00477542040204920
0.910500454874393	0.0894995451256070	179.163845848028	1.22567192044164	1.89691989575568	4.27117981399968	0.000104184300000000	-0.895723424834991	-0.00473681626510980
0.909374690666895	0.0906253093331050	181.417446630583	1.22487155530042	1.89126789353005	4.26409630587373	0.000120875000000000	-0.894747312935612	-0.00469600557717607
0.908242642436366	0.0917573575636340	183.683627027169	1.22406201445427	1.88564942031782	4.25702162901631	0.000104644600000000	-0.893762194210034	-0.00465562596820732
0.907104328179100	0.0928956718209000	185.962351012070	1.22324338551006	1.88006584432566	4.24995288124945	9.70956200000000e-05	-0.892767917996785	-0.00461740456946647
0.905959765981502	0.0940402340184980	188.253582379180	1.22241570311618	1.87451873036355	4.24288763364244	0.000111859100000000	-0.891764522167456	-0.00458253482932837
0.904808974019777	0.0951910259802230	190.557284742631	1.22157907987462	1.86900972116160	4.23582388203418	0.000122141900000000	-0.890752119974337	-0.00455191374655978
0.903651970559629	0.0963480294403710	192.873421537390	1.22073368679592	1.86354100412480	4.22875960891689	0.000124599600000000	-0.889730850121743	-0.00452615046805377
0.902488773955955	0.0975112260440451	195.201956019874	1.21987975110521	1.85811552315445	4.22169236000426	0.000139504700000000	-0.888700987797819	-0.00450518678498009
0.901319402652534	0.0986805973474660	197.542851268573	1.21901751861409	1.85273638849520	4.21461977644355	0.000123337900000000	-0.887662810549706	-0.00448842525066431
0.900143875181723	0.0998561248182770	199.896070184657	1.21814731989334	1.84740562977113	4.20754004567399	0.000136971100000000	-0.886616580311087	-0.00447533554470813
0.898962210164150	0.101037789835850	202.261575492592	1.21726953630618	1.84212297100162	4.20045080244742	0.000127539300000000	-0.885562454600319	-0.00446544571383153
0.897774426308399	0.102225573691601	204.639329740772	1.21638453248751	1.83688622478642	4.19334853617006	0.000117843300000000	-0.884500452060173	-0.00445790981967140
0.896580542410705	0.103419457589295	207.029295302124	1.21549268877081	1.83169273915099	4.18623070440097	0.000139726500000000	-0.883430228977206	-0.00445153148096400
0.895380577354638	0.104619422645362	209.431434374747	1.21459418091244	1.82654037485699	4.17909718131878	0.000144514900000000	-0.882351341047394	-0.00444539292020433
0.894174550110796	0.105825449889204	211.845708982523	1.21368903970570	1.82142735457542	4.17194884964814	0.000153810400000000	-0.881263749766976	-0.00443869785739267
0.892962479736486	0.107037520263514	214.272080975756	1.21277724387073	1.81635187855193	4.16478623156198	0.000139286200000000	-0.880167723566385	-0.00443019887982346
0.891744385375415	0.108255614624585	216.710512031790	1.21185876252495	1.81131232393597	4.15760904772072	0.000137884000000000	-0.879063495184379	-0.00441869296695525
0.890520286257375	0.109479713742625	219.160963655644	1.21093347450437	1.80630716203154	4.15041652506608	0.000173573900000000	-0.877951230335002	-0.00440410803569406
0.889290201697924	0.110709798302076	221.623397180644	1.21000115324357	1.80133494439333	4.14320782281743	0.000169831700000000	-0.876831111600474	-0.00438749587001654
0.888054151098072	0.111945848901928	224.097773769055	1.20906148098372	1.79639490912160	4.13598181257230	0.000176516800000000	-0.875703197991908	-0.00436952755327067
0.886812153943965	0.113187846056035	226.584054412715	1.20811413898684	1.79148776648838	4.12873691715560	0.000186205400000000	-0.874567614240985	-0.00435016109135354
0.885564229806563	0.114435770193437	229.082199933675	1.20715889550845	1.78661546597436	4.12147181521251	0.000179362400000000	-0.873424650441793	-0.00432963233919537
0.884310398341324	0.115689601658676	231.592170984837	1.20619566134739	1.78177997800159	4.11418575833400	0.000169175500000000	-0.872274636084309	-0.00430894533175362
0.883050679287887	0.116949320712113	234.113928050586	1.20522442684177	1.77698180383489	4.10687898619185	0.000157744200000000	-0.871117689330425	-0.00428964137184631
0.881785092469745	0.118214907530255	236.647431447443	1.20424518963386	1.77222008184676	4.09955214463799	0.000190361500000000	-0.869953787324731	-0.00427291623394006
0.880513657793928	0.119486342206072	239.192641324703	1.20325797484691	1.76749362514437	4.09220483659009	0.000206598000000000	-0.868782785997079	-0.00425912545293773
0.879236395250680	0.120763604749320	241.749517665077	1.20226276304620	1.76280092528801	4.08483593500492	0.000196624400000000	-0.867604496302802	-0.00424880172119918
0.877953324913137	0.122046675086863	244.318020285343	1.20125936905719	1.75814031664345	4.07744453966333	0.000194490200000000	-0.866418858041649	-0.00424290168284912
0.876664466937001	0.123335533062999	246.898108836993	1.20024750635713	1.75351012036852	4.07003068357172	0.000190014400000000	-0.865225899900176	-0.00424193486490462
0.875369841560218	0.124630158439782	249.489742806879	1.19922672941809	1.74890783836623	4.06259574232781	0.000188957900000000	-0.864025807737903	-0.00424613096327050
0.874069469102652	0.125930530897348	252.092881517868	1.19819644558749	1.74433044897812	4.05514180420025	0.000210518000000000	-0.862818738620852	-0.00425547630050430
0.872763369965759	0.127236630034241	254.707484129492	1.19715598993775	1.73977521632170	4.04767038768940	0.000215662300000000	-0.861604604615767	-0.00426910808558569
0.871451564632258	0.128548435367742	257.333509638606	1.19610476408454	1.73524041947143	4.04018173817685	0.000226869900000000	-0.860383412537984	-0.00428528405313194
0.870134073665809	0.129865926334191	259.970916880037	1.19504246885427	1.73072576505381	4.03267385609630	0.000196447300000000	-0.859155446903889	-0.00430243629187143
0.868810917710678	0.131189082289322	262.619664527249	1.19396919287774	1.72623174358813	4.02514314897492	0.000250109200000000	-0.857921307669074	-0.00431998960656885
0.867482117491414	0.132517882508586	265.279711092993	1.19288554558163	1.72175804155804	4.01758709363481	0.000249084600000000	-0.856681511267051	-0.00433869517991070
0.866147693812515	0.133852306187485	267.951014929976	1.19179241253967	1.71730302106788	4.01000556579200	0.000218359100000000	-0.855436104318743	-0.00436005385099377
0.864807667558100	0.135192332441900	270.633534231514	1.19069065926372	1.71286464429489	4.00240121651884	0.000240308500000000	-0.854184850308506	-0.00438566309459792
0.863462059691576	0.136537940308424	273.327227032203	1.18958085366659	1.70844102879255	3.99477844160062	0.000240024200000000	-0.852927355860398	-0.00441696144792612
0.862110891255308	0.137889108744692	276.032051208577	1.18846332507076	1.70403077358353	3.98714183643917	0.000253496500000000	-0.851663160142044	-0.00445451076149084
0.860754183370285	0.139245816629715	278.747964479778	1.18733810261329	1.69963394713719	3.97949518598840	0.000249179200000000	-0.850392038522794	-0.00449830558438097
0.859391957235788	0.140608042764212	281.474924408218	1.18620509226267	1.69525100704235	3.97184113753410	0.000244878600000000	-0.849114077614641	-0.00454879359575802
0.858024234129054	0.141975765870946	284.212888400256	1.18506401647692	1.69088240305349	3.96418086530468	0.000284881300000000	-0.847829360846797	-0.00460650112045034
0.856651035404942	0.143348964595058	286.961813706862	1.18391452036430	1.68652849492244	3.95651391413220	0.000291103900000000	-0.846537984106006	-0.00467087289226777
0.855272382495598	0.144727617504402	289.721657424291	1.18275621666256	1.68218957362302	3.94883851250121	0.000276380300000000	-0.845240025791499	-0.00474006065090087
0.853888296910119	0.146111703089881	292.492376494753	1.18158872940963	1.67786614510738	3.94115179883893	0.000288849100000000	-0.843935533174004	-0.00481194435588036
0.852498800234217	0.147501199765783	295.273927707089	1.18041159310609	1.67355893897762	3.93345187651686	0.000278791500000000	-0.842624596430037	-0.00488560363007513
0.851103914129877	0.148896085870123	298.066267697453	1.17922436985475	1.66926688661517	3.92573940725595	0.000308226900000000	-0.841307308998002	-0.00496150964184564
0.849703660335026	0.150296339664974	300.869352949972	1.17802683233074	1.66498664227739	3.91801701942851	0.000289279200000000	-0.839983957700427	-0.00503977186950542
0.848298060663188	0.151701939336812	303.683139797445	1.17681890263471	1.66071505129100	3.91028835665094	0.000309166700000000	-0.838654793790278	-0.00511844690321441
0.846887137003148	0.153112862996852	306.507584422006	1.17560056127838	1.65645051484896	3.90255642661869	0.000321162400000000	-0.837319868653902	-0.00519446717336048
0.845470911318609	0.154529088681391	309.342642855819	1.17437189360367	1.65219341903042	3.89482145241611	0.000309785900000000	-0.835979074561969	-0.00526542421693440
0.844049405647854	0.155950594352146	312.188270981748	1.17313303041582	1.64794528928604	3.88708141314610	0.000324593400000000	-0.834632144560660	-0.00533017526503225
0.842622642103404	0.157377357896596	315.044424534044	1.17188416528373	1.64370707408925	3.87933504455948	0.000333479200000000	-0.833278916516178	-0.00538859964872533
0.841190642871674	0.158809357128326	317.911059099037	1.17062576412551	1.63947869135963	3.87158186354152	0.000335141300000000	-0.831919356052502	-0.00544143915696098
0.839753430212632	0.160246569787368	320.788130115812	1.16935865925274	1.63526021425615	3.86382049411604	0.000313451100000000	-0.830553553937343	-0.00549006034959557
0.838311026459455	0.161688973540545	323.675592876903	1.16808404824337	1.63105218159653	3.85604747759016	0.000328301200000000	-0.829181781331103	-0.00553544897609125
0.836863454018185	0.163136545981815	326.573402528981	1.16680310147300	1.62685514378450	3.84825831278380	0.000359802500000000	-0.827804011883155	-0.00557773740715609
0.835410735367385	0.164589264632615	329.481514073539	1.16551673800724	1.62267043336470	3.84044977887044	0.000359023800000000	-0.826420277047561	-0.00561672074885066
0.833952893057793	0.166047106942207	332.399882367590	1.16422536750062	1.61849866659400	3.83261989032308	0.000375170300000000	-0.825030618332468	-0.00565164831697717
0.832489949711976	0.167510050288024	335.328462124353	1.16292910014519	1.61433774226522	3.82476855622831	0.000393778300000000	-0.823634890162124	-0.00568152799048315
0.831021928023984	0.168978071976016	338.267207913952	1.16162770406871	1.61018371434449	3.81689841180743	0.000376688700000000	-0.822233027248592	-0.00570555422854744
0.829548850759004	0.170451149240996	341.216074164107	1.16032088718301	1.60603217080551	3.80901242900742	0.000406221700000000	-0.820825270165452	-0.00572368592571939
0.828070740753009	0.171929259246991	344.175015160833	1.15900841647054	1.60187899740947	3.80111160074143	0.000399720300000000	-0.819411885905502	-0.00573736756143216
0.826587620912413	0.173412379087587	347.143985049136	1.15769018727785	1.59772106649103	3.79319549438978	0.000418924000000000	-0.817992952170685	-0.00574896041362564
0.825099514213723	0.174900485786277	350.122937833704	1.15636623074442	1.59355756312908	3.78526275570819	0.000413230400000000	-0.816568295882249	-0.00576044316692731
0.823606443703183	0.176393556296817	353.111827379625	1.15503663519184	1.58939126559974	3.77730967087717	0.000430282200000000	-0.815137593087017	-0.00577270217768423
0.822108432496435	0.177891567503565	356.110607413063	1.15370138383147	1.58522636431269	3.76933168561165	0.000426641300000000	-0.813700552453845	-0.00578569835386320
0.820605503778156	0.179394496221844	359.119231521983	1.15236032443774	1.58106716211692	3.76132623003659	0.000447741900000000	-0.812257354295610	-0.00579920411183955
0.819097680801716	0.180902319198284	362.137653156840	1.15101319624543	1.57691882533450	3.75329283104879	0.000438135100000000	-0.810808291093023	-0.00581304338211968
0.817584986888823	0.182415013111177	365.165825631286	1.14965959450593	1.57278725601349	3.74523339611038	0.000468596400000000	-0.809353844104938	-0.00582689375910978
0.816067445429171	0.183932554570829	368.203702122876	1.14829898474906	1.56867850813736	3.73715301395787	0.000455214800000000	-0.807894440207481	-0.00584074558442033
0.814545079880086	0.185454920119914	371.251235673777	1.14693085122090	1.56459751319908	3.72905773368355	0.000452165000000000	-0.806430191712010	-0.00585533984919525
0.813017913766177	0.186982086233823	374.308379191464	1.14555485338924	1.56054542516374	3.72095195775228	0.000500223400000000	-0.804960776757442	-0.00587077835925823
0.811485970678974	0.188514029321026	377.375085449450	1.14417083617313	1.55651902614119	3.71283809999632	0.000459095800000000	-0.803485730771621	-0.00588521891211550
0.809949274276582	0.190050725723418	380.451307087973	1.14277886047921	1.55251462655062	3.70471795962047	0.000491261100000000	-0.802004743416234	-0.00589535282264349
0.808407848283322	0.191592151716678	383.536996614719	1.14137913243034	1.54852949070916	3.69659231798402	0.000489955600000000	-0.800518009705039	-0.00589731340799352
0.806861716489375	0.193138283510625	386.632106405531	1.13997204259923	1.54456102361212	3.68846013576925	0.000525552100000000	-0.799026032732854	-0.00588798735553255
0.805310902750428	0.194689097249572	389.736588705119	1.13855806171246	1.54060855948641	3.68031959244035	0.000522440000000000	-0.797529285280245	-0.00586551021055896
0.803755430987315	0.196244569012685	392.850395627783	1.13713739953144	1.53667366450445	3.67216759237162	0.000518556600000000	-0.796027637331158	-0.00582975177313007
0.802195325185662	0.197804674814338	395.973479158115	1.13571007142244	1.53275818027060	3.66399969152171	0.000535162500000000	-0.794520530382071	-0.00578237549105829
0.800630609395529	0.199369390604471	399.105791151722	1.13427594324546	1.52886247630453	3.65581240811711	0.000549102300000000	-0.793007682201795	-0.00572609899064249
0.799061307731051	0.200938692268949	402.247283335945	1.13283488708615	1.52498566532176	3.64760483402707	0.000544754200000000	-0.791489605746027	-0.00566325758659269
0.797487444370081	0.202512555629919	405.397907310569	1.13138685751155	1.52112754855131	3.63937682368633	0.000559058000000000	-0.789966883440783	-0.00559609594305470
0.795909043553829	0.204090956446171	408.557614548550	1.12993169102847	1.51728886777318	3.63112765116042	0.000582474200000000	-0.788439787093019	-0.00552772904126888
0.794326129586505	0.205673870413495	411.726356396727	1.12846915550584	1.51346920407709	3.62285572326132	0.000577418600000000	-0.786908305196542	-0.00546085027865925
0.792738726834954	0.207261273165046	414.904084076554	1.12699921385402	1.50966508745839	3.61455949338937	0.000602445400000000	-0.785372040720560	-0.00539603774501327
0.791146859728301	0.208853140271699	418.090748684812	1.12552226346224	1.50587175414645	3.60623803062662	0.000603971100000000	-0.783830652169734	-0.00533208102145928
0.789550552757588	0.210449447242412	421.286301194331	1.12403911827233	1.50208626362737	3.59788829951621	0.000602911200000000	-0.782284012662331	-0.00526722931438875
0.787949830475412	0.212050169524588	424.490692454720	1.12255066745301	1.49830801472377	3.58950421733242	0.000622340100000000	-0.780732063156504	-0.00520082061850592
0.786344717495563	0.213655282504437	427.703873193089	1.12105758126023	1.49453770839823	3.58108015400218	0.000601624800000000	-0.779174930750524	-0.00513400901198672
0.784735238492660	0.215264761507340	430.925794014776	1.11956013464697	1.49077744844909	3.57261381849184	0.000650603200000000	-0.777612876167234	-0.00506883473709055
0.783121418201792	0.216878581798208	434.156405404071	1.11805860478591	1.48703040937343	3.56410607860475	0.000674545700000000	-0.776046073230552	-0.00500601939451417
0.781503281418153	0.218496718581847	437.395657724941	1.11655342569000	1.48329881582111	3.55555935602130	0.000652586800000000	-0.774474463965151	-0.00494437342566091
0.779880852996674	0.220119147003326	440.643501221770	1.11504522001181	1.47958335251197	3.54697683730216	0.000662946600000000	-0.772897981016734	-0.00488262456952085
0.778254157851668	0.221745842148332	443.899886020067	1.11353449095071	1.47588420073972	3.53836206833545	0.000644772100000000	-0.771316537944209	-0.00482027484577696
0.776623220956454	0.223376779043546	447.164762127224	1.11202147148164	1.47220130405697	3.52971788444848	0.000685519200000000	-0.769730135910009	-0.00475772829169906
0.774988067343000	0.225011932657000	450.438079433223	1.11050605397372	1.46853462236028	3.52104564810208	0.000707781700000000	-0.768138905991035	-0.00469507315529985
0.773348722101556	0.226651277898444	453.719787711378	1.10898782626212	1.46488526824149	3.51234475352515	0.000691370500000000	-0.766543064823216	-0.00463181897741855
0.771705210380286	0.228294789619714	457.009836619065	1.10746607649026	1.46125504514397	3.50361384370509	0.000730948100000000	-0.764942705669852	-0.00456856441439384
0.770057557384900	0.229942442615100	460.308175698466	1.10593992951383	1.45764384354801	3.49485377992232	0.000728152600000000	-0.763337553680467	-0.00450702410750431
0.768405788378293	0.231594211621707	463.614754377285	1.10440860716407	1.45404974066093	3.48606904577743	0.000772470000000000	-0.761727721090137	-0.00444993971824041
0.766749928680171	0.233250071319829	466.929521969499	1.10287146751623	1.45047029251903	3.47726486725439	0.000733945500000000	-0.760113439782448	-0.00440091263552883
0.765090003666690	0.234909996333310	470.252427676084	1.10132808029989	1.44690314153539	3.46844532440747	0.000783358100000000	-0.758494657621010	-0.00436295338999890
0.763426038770081	0.236573961229919	473.583420585759	1.09977822835104	1.44334810472365	3.45961224226993	0.000736997900000000	-0.756871482851476	-0.00433833612532717
0.761758059478287	0.238241940521713	476.922449675720	1.09822224848135	1.43980672890294	3.45076482315212	0.000800443100000000	-0.755244088387458	-0.00432926752655940
0.760086091334590	0.239913908665410	480.269463812381	1.09666077741657	1.43627933116874	3.44190232895317	0.000791451200000000	-0.753612482714021	-0.00433874464533962
0.758410159937245	0.241589840062755	483.624411752110	1.09509441324302	1.43276489716278	3.43302575300765	0.000798836200000000	-0.751976269994443	-0.00436917732256118
0.756730290939107	0.243269709060893	486.987242141972	1.09352340794757	1.42926353675149	3.42413883355742	0.000786473700000000	-0.750335154524180	-0.00442048469224343
0.755046510047264	0.244953489952736	490.357903520470	1.09194790786443	1.42577649146695	3.41524692674980	0.000833861100000000	-0.748689154274045	-0.00449056081621918
0.753358843022664	0.246641156977336	493.736344318285	1.09036809956456	1.42230661798932	3.40635486967288	0.000851859100000000	-0.747038449353480	-0.00457755721941236
0.751667315679746	0.248332684320254	497.122512859019	1.08878406641943	1.41885804612272	3.39746673026448	0.000842444000000000	-0.745383373750380	-0.00468075479153046
0.749971953886066	0.250028046113934	500.516357359940	1.08719562635341	1.41543498649690	3.38858633262198	0.000873327900000000	-0.743724288107911	-0.00479935491894253
0.748272783561929	0.251727216438071	503.917825932724	1.08560251508332	1.41204037482376	3.37971574842093	0.000861245100000000	-0.742061383139742	-0.00493145481695939
0.746569830680015	0.253430169319985	507.326866584199	1.08400459196209	1.40867362757020	3.37085381814355	0.000888894900000000	-0.740394603216027	-0.00507423534096912
0.744863121265005	0.255136878734995	510.743427217095	1.08240183654493	1.40533077980655	3.36199946704164	0.000895327700000000	-0.738723735620848	-0.00522405510027852
0.743152681393209	0.256847318606791	514.167455630789	1.08079426651904	1.40200608392713	3.35315280980173	0.000876377900000000	-0.737048870998545	-0.00537733066313117
0.741438537192197	0.258561462807803	517.598899522045	1.07918196598541	1.39869378573391	3.34431265183702	0.000950485500000000	-0.735370057648567	-0.00553075695798833
0.739720714840420	0.260279285159580	521.037706485768	1.07756541192674	1.39538956637083	3.33547758584030	0.000935754100000000	-0.733687472249626	-0.00567996122771043
0.737999240566837	0.262000759433163	524.483824015759	1.07594532490607	1.39209146695289	3.32664552509227	0.000970106700000000	-0.732001415882616	-0.00582014674336355
0.736274140650544	0.263725859349456	527.937199505449	1.07432287597301	1.38879964126455	3.31781153644455	0.000975024900000000	-0.730312140159493	-0.00594882882673039
0.734545441420397	0.265454558579603	531.397780248659	1.07269934869018	1.38551528733600	3.30896926479084	0.000960108300000000	-0.728619387852611	-0.00606658727841308
0.732813169254636	0.267186830745364	534.865513440349	1.07107603726682	1.38224065506367	3.30011335297969	0.000954522700000000	-0.726922848035235	-0.00617512520379022
0.731077350580513	0.268922649419487	538.340346177367	1.06945369721222	1.37897731374685	3.29124214631263	0.000964396100000000	-0.725222333119924	-0.00627546626648324
0.729338011873913	0.270661988126087	541.822225459205	1.06783240668040	1.37572371570021	3.28235755842019	0.000988644500000000	-0.723518100997242	-0.00636737236804828
0.727595179658981	0.272404820341019	545.311098188746	1.06621161954060	1.37247668938645	3.27346117257364	0.00103483300000000	-0.721810668636205	-0.00644997246235057
0.725848880507744	0.274151119492256	548.806911173021	1.06459040927597	1.36923448874923	3.26455162395562	0.00103408800000000	-0.720100243529054	-0.00652285019453436
0.724099141039733	0.275900858960267	552.309611123964	1.06296758259364	1.36599796341778	3.25562537248792	0.00103186200000000	-0.718386448693836	-0.00658706447124239
0.722345987921611	0.277654012078389	555.819144659161	1.06134187614519	1.36276956367810	3.24667894726949	0.00105065900000000	-0.716668846407990	-0.00664446301625891
0.720589447866790	0.279410552133210	559.335458302612	1.05971218663737	1.35955245468526	3.23771108828051	0.000993845000000000	-0.714947359976349	-0.00669596445747064
0.718829547635055	0.281170452364945	562.858498485486	1.05807757001838	1.35634994178191	3.22872318864060	0.00102070100000000	-0.713221943792895	-0.00674122834448428
0.717066314032193	0.282933685967807	566.388211546864	1.05643731530427	1.35316538546660	3.21971900603965	0.00104149800000000	-0.711492683214923	-0.00678021430318543
0.715299773909601	0.284700226090399	569.924543734522	1.05479086872310	1.34999898858229	3.21070233504082	0.00106812000000000	-0.709759999438096	-0.00681409599449401
0.713529954163921	0.286470045836079	573.467441205664	1.05313800197512	1.34684751669435	3.20167634545660	0.00105881300000000	-0.708024022796273	-0.00684445378142380
0.711756881736655	0.288243118263345	577.016850027689	1.05147877708344	1.34370597230814	3.19264288963554	0.00105383300000000	-0.706284347173015	-0.00687253746800973
0.709980583613783	0.290019416386217	580.572716178961	1.04981352892826	1.34056952454675	3.18360131489367	0.00110751800000000	-0.704540603659353	-0.00689841865119124
0.708201086825391	0.291798913174609	584.134985549549	1.04814281191949	1.33743384773210	3.17454918454565	0.00104529700000000	-0.702792983304562	-0.00692122364780200
0.706418418445287	0.293581581554713	587.703603941998	1.04646738072964	1.33429515635374	3.16548491510449	0.00109459600000000	-0.701041931222974	-0.00694009224320613
0.704632605590618	0.295367394409382	591.278517072096	1.04478807180875	1.33115222488202	3.15640753048098	0.00108099700000000	-0.699287860397029	-0.00695366138657593
0.702843675421498	0.297156324578502	594.859670569618	1.04310542428164	1.32800657410141	3.14731441114427	0.00105777700000000	-0.697530811053957	-0.00695857239206023
0.701051655140619	0.298948344859381	598.447009979101	1.04141948726153	1.32486188212566	3.13820346824355	0.00109315300000000	-0.695770697817670	-0.00695088503890337
0.699256571992876	0.300743428007124	602.040480760603	1.03972997513968	1.32172314354788	3.12907547655414	0.00108959700000000	-0.694007669963346	-0.00692804827522471
0.697458453264982	0.302541546735018	605.640028290468	1.03803641434366	1.31859434852015	3.11993214415033	0.00109380100000000	-0.692241713140495	-0.00688880921698459
0.695657326285088	0.304342673714912	609.245597862085	1.03633835193905	1.31547897272185	3.11077421828559	0.00110466300000000	-0.690472706392416	-0.00683298852512528
0.693853218422405	0.306146781577595	612.857134686650	1.03463521209146	1.31238168347455	3.10160199026547	0.00104804200000000	-0.688700636568183	-0.00676063354230695
0.692046157086815	0.307953842913185	616.474583893941	1.03292632556869	1.30930618698597	3.09241627555045	0.00112461400000000	-0.686925771494578	-0.00667180226345506
0.690236169728493	0.309763830271507	620.097890533077	1.03121103825703	1.30625339902720	3.08321794208019	0.00115751800000000	-0.685148199992992	-0.00656782004847930
0.688423283837527	0.311576716162473	623.726999573277	1.02948893440057	1.30322213460632	3.07400626446784	0.00111163200000000	-0.683367898250653	-0.00645161422167237
0.686607526943528	0.313392473056472	627.361855904640	1.02775990163547	1.30021023871960	3.06477976458212	0.00110567000000000	-0.681585078716347	-0.00632627580555236
0.684788926615254	0.315211073384746	631.002404338901	1.02602415157517	1.29721499893303	3.05553834265093	0.00106901700000000	-0.679799787114701	-0.00619320370896053
0.682967510460224	0.317032489539776	634.648589610199	1.02428207138245	1.29423493818274	3.04628266698942	0.00112280200000000	-0.678011604821989	-0.00605240600540031
0.681143306124333	0.318856693875667	638.300356375853	1.02253422178147	1.29127018865808	3.03701394309615	0.00111238900000000	-0.676220022763948	-0.00590478882559414
0.679316341291471	0.320683658708529	641.957649217122	1.02078113748224	1.28832006435517	3.02773443674066	0.00113298400000000	-0.674425016457366	-0.00575232532270882
0.677486643683139	0.322513356316861	645.620412639971	1.01902323833017	1.28538234050337	3.01844703253559	0.00112454800000000	-0.672626837468036	-0.00559674076344913
0.675654241058062	0.324345758941938	649.288591075851	1.01726066308279	1.28245495545302	3.00915639075038	0.00111408400000000	-0.670825840036394	-0.00543841311685645
0.673819161211805	0.326180838788195	652.962128882464	1.01549344541528	1.27953648096770	2.99986751367792	0.00109656900000000	-0.669022098442102	-0.00527694619597173
0.671981431976394	0.328018568023606	656.640970344524	1.01372168968141	1.27662649289361	2.99058248045796	0.00114921900000000	-0.667215742176075	-0.00511264684329068
0.670141081219921	0.329858918780079	660.325059674546	1.01194567787773	1.27372551886118	2.98130059604737	0.00118657800000000	-0.665406790240933	-0.00494713739344187
0.668298136846168	0.331701863153832	664.014341013598	1.01016564457628	1.27083369589620	2.97201950929813	0.00116779500000000	-0.663594914294177	-0.00478281304745659
0.666452626794218	0.333547373205782	667.708758432083	1.00838189819211	1.26795154686348	2.96273467576541	0.00119440000000000	-0.661779810055831	-0.00462115656552905
0.664604579038068	0.335395420961932	671.408255930512	1.00659473691944	1.26508042175093	2.95344137528671	0.00116065000000000	-0.659961262075798	-0.00446225841881615
0.662754021586245	0.337245978413755	675.112777440269	1.00480459468893	1.26222005764413	2.94413781460556	0.00117351300000000	-0.658139412623537	-0.00430630335765691
0.660900982481420	0.339099017518580	678.822266824392	1.00301192554593	1.25936728842829	2.93482522111470	0.00118660100000000	-0.656314731702209	-0.00415475204234165
0.659045489800021	0.340954510199979	682.536667878338	1.00121713709440	1.25651769367888	2.92550458203395	0.00119326000000000	-0.654487627926334	-0.00400866541539517
0.657187571651847	0.342812428348153	686.255924330765	0.999420551572149	1.25366797200781	2.91617465115194	0.00121814600000000	-0.652658148057232	-0.00386770107547584
0.655327256179680	0.344672743820320	689.979979844302	0.997622384151882	1.25081637874110	2.90683228824987	0.00122249500000000	-0.650826091604650	-0.00373086286561613
0.653464571558901	0.346535428441099	693.708778016319	0.995822749705981	1.24796250567880	2.89747358673108	0.00117535500000000	-0.648991314922875	-0.00359789576205759
0.651599545997100	0.348400454002900	697.442262379711	0.994021678833031	1.24510532709342	2.88809596713221	0.00119082900000000	-0.647153815271491	-0.00346905695432632
0.649732207733689	0.350267792266311	701.180376403669	0.992219126188766	1.24224283281209	2.87869917022082	0.00119107400000000	-0.645313575864140	-0.00334436144155993
0.647862585039518	0.352137414960482	704.923063494451	0.990414821118151	1.23937423318204	2.86928497253455	0.00124443300000000	-0.643470620871842	-0.00322399912744288
0.645990706216481	0.354009293783519	708.670266996168	0.988608423163361	1.23650072514177	2.85985663309970	0.00122656900000000	-0.641625069454283	-0.00310879516480411
0.644116599597133	0.355883400402867	712.421930191555	0.986799384507809	1.23362363325811	2.85041863350195	0.00122633600000000	-0.639776931864876	-0.00299971466720468
0.642240293544303	0.357759706455697	716.177996302742	0.984987175797816	1.23074347670774	2.84097673335597	0.00124036800000000	-0.637926333787805	-0.00289703375574337
0.640361816450700	0.359638183549300	719.938408492045	0.983171349550233	1.22786022233219	2.83153651376481	0.00120935800000000	-0.636073287924114	-0.00280013241446778
0.638481196738528	0.361518803261472	723.703109862733	0.981351755505810	1.22497320218053	2.82210001470226	0.00122256300000000	-0.634217815906612	-0.00270821904650688
0.636598462859101	0.363401537140899	727.472043459804	0.979528406964639	1.22208117027372	2.81266407767948	0.00127876300000000	-0.632359959981578	-0.00262041217968404
0.634713643292444	0.365286356707556	731.245152270782	0.977701340650663	1.21918173118758	2.80322350663739	0.00125123000000000	-0.630499821737647	-0.00253517233807291
0.632826766546916	0.367173233453084	735.022379226467	0.975870537926172	1.21627163037927	2.79377496763802	0.00127049800000000	-0.628637666543588	-0.00245063979546037
0.630937861158812	0.369062138841188	738.803667201739	0.974035772517005	1.21334849149094	2.78431872565042	0.00122184100000000	-0.626773353081785	-0.00236520727832587
0.629046955691977	0.370953044308023	742.588959016326	0.972196788096391	1.21041132493837	2.77485827454467	0.00127174600000000	-0.624906525706136	-0.00227768527839568
0.627154078737417	0.372845921262583	746.378197435584	0.970353156311175	1.20745997488133	2.76539967339440	0.00125084800000000	-0.623037080227418	-0.00218719189928968
0.625259258912909	0.374740741087091	750.171325171278	0.968504564353773	1.20449546854397	2.75594925312108	0.00126140400000000	-0.621165151954672	-0.00209328343146177
0.623362524862608	0.376637475137392	753.968284882368	0.966650806129088	1.20151956205483	2.74651059903396	0.00125444600000000	-0.619290972946198	-0.00199576629946764
0.621463905256663	0.378536094743337	757.769019175779	0.964791941561167	1.19853266572187	2.73708259011159	0.00123774000000000	-0.617414615474745	-0.00189503626191933
0.619563428790820	0.380436571209180	761.573470607194	0.962928036273272	1.19553645814491	2.72766114504959	0.00124083600000000	-0.615535991517108	-0.00179274750164790
0.617661124186036	0.382338875813964	765.381581681828	0.961058944613440	1.19253674548744	2.71824066488972	0.00124664800000000	-0.613655031801837	-0.00169037137847100
0.615757020188090	0.384242979811910	769.193294855206	0.959184301456767	1.18954077616385	2.70881439742241	0.00123906800000000	-0.611771966612822	-0.00158840458461528
0.613851145567186	0.386148854432814	773.008552533958	0.957303615472568	1.18655467920188	2.69937588415876	0.00127412000000000	-0.609887187758188	-0.00148692480325267
0.611943529117567	0.388056470882433	776.827297076593	0.955416324735752	1.18358260828109	2.68992017518704	0.00126053400000000	-0.608000835417086	-0.00138584282721219
0.610034199657126	0.389965800342874	780.649470794274	0.953521974715282	1.18062636735152	2.68044506659335	0.00124551000000000	-0.606112835503919	-0.00128473581621621
0.608123186027007	0.391876813972993	784.475015951623	0.951620200634278	1.17768544992106	2.67095179694265	0.00124014400000000	-0.604222789739400	-0.00118309009582988
0.606210517091221	0.393789482908779	788.303874767481	0.949710727545073	1.17475802618552	2.66144370566472	0.00122449300000000	-0.602330358900604	-0.00108104504900036
0.604296221736254	0.395703778263746	792.135989415701	0.947793139847643	1.17184264014641	2.65192286408092	0.00122869900000000	-0.600435495571881	-0.000979790077534996
0.602380328870669	0.397619671129331	795.971302025941	0.945867040926066	1.16893726998714	2.64238889868668	0.00123413700000000	-0.598538632494528	-0.000880344867027796
0.600462867424722	0.399537132575278	799.809754684433	0.943932135265355	1.16603908716098	2.63284009454017	0.00122116000000000	-0.596640120597733	-0.000783014580780573
0.598543866349968	0.401456133650032	803.651289434770	0.941988408822588	1.16314524362897	2.62327572441113	0.00122084900000000	-0.594740003956065	-0.000688290148569626
0.596623354618864	0.403376645381136	807.495848278706	0.940035990291477	1.16025389336417	2.61369568453745	0.00121426400000000	-0.592837828080791	-0.000596539706477389
0.594701361224385	0.405298638775615	811.343373176917	0.938074948132176	1.15736290025950	2.60409976599637	0.00120005800000000	-0.590933390115514	-0.000507393104107119
0.592777915179627	0.407222084820373	815.193806049804	0.936105026921005	1.15446851478466	2.59448820523732	0.00123238700000000	-0.589026757106968	-0.000420146030292756
0.590853045517412	0.409146954482588	819.047088778276	0.934125612532699	1.15156745218549	2.58486073734951	0.00123062000000000	-0.587118221992061	-0.000334315912727500
0.588926781289904	0.411073218710096	822.903163204525	0.932135885198727	1.14865785508979	2.57521816170784	0.00120753700000000	-0.585208156187258	-0.000249105814463306
0.586999151568207	0.413000848431793	826.761971132828	0.930134928435766	1.14573867575159	2.56556394851682	0.00119419800000000	-0.583296948132410	-0.000164251430741026
0.585070185441979	0.414929814558021	830.623454330319	0.928122082667525	1.14281050276694	2.55590266318209	0.00121358100000000	-0.581384704870739	-8.04650640700295e-05
0.583139912019037	0.416860087980963	834.487554527780	0.926097024396217	1.13987468319501	2.54623983323980	0.00120070100000000	-0.579471061858271	1.25151092903233e-06
0.581208360424962	0.418791639575038	838.354213420433	0.924059992861329	1.13693079460467	2.53658301627212	0.00121425200000000	-0.577555573155544	8.07662952373065e-05
0.579275559802708	0.420724440197292	842.223372668723	0.922011894224785	1.13397699497350	2.52693897886605	0.00114811700000000	-0.575638571084269	0.000159236677092713
0.577341539312211	0.422658460687789	846.094973899099	0.919954385690866	1.13101198435966	2.51731090371162	0.00118936300000000	-0.573720649877906	0.000237290152591546
0.575406328129989	0.424593671870011	849.968958704814	0.917889569560012	1.12803579446244	2.50769869060330	0.00116676100000000	-0.571801888428913	0.000314440935596179
0.573469955448758	0.426530044551242	853.845268646697	0.915819626819005	1.12504768391467	2.49810128044617	0.00118889800000000	-0.569881989051850	0.000390223219382383
0.571532450477029	0.428467549522971	857.723845253957	0.913746433027622	1.12204543348475	2.48851750543441	0.00119198500000000	-0.567960900700632	0.000464558447903255
0.569593842438720	0.430406157561280	861.604630024962	0.911671182851026	1.11902719179805	2.47894399687161	0.00117629100000000	-0.566038564332579	0.000536534127884227
0.567654160572763	0.432345839427237	865.487564428024	0.909594367936091	1.11599336264174	2.46937595045764	0.00118919700000000	-0.564114674251570	0.000604836773754983
0.565713434132707	0.434286565867293	869.372589902191	0.907515885927952	1.11294627004304	2.45981066510566	0.00117605500000000	-0.562189242750578	0.000669248444795806
0.563771692386322	0.436228307613678	873.259647858047	0.905435204426254	1.10988865899073	2.45024756358711	0.00116978500000000	-0.560262570094382	0.000730937706958260
0.561828964615215	0.438171035384785	877.148679678475	0.903351472104191	1.10682500749160	2.44068703194145	0.00116630200000000	-0.558335046252259	0.000792580420772764
0.559885280114424	0.440114719885576	881.039626719470	0.901263676018335	1.10376079395662	2.43112986305814	0.00115742600000000	-0.556406833333370	0.000856453681883235
0.557940668192031	0.442059331807969	884.932430310917	0.899171075051786	1.10070098436184	2.42157809173287	0.00111755100000000	-0.554478036931886	0.000922094986010261
0.555995158168766	0.444004841831234	888.827031757381	0.897073305807254	1.09764916375172	2.41203366107573	0.00114452100000000	-0.552548518055897	0.000987018497207467
0.554048779377611	0.445951220622389	892.723372338900	0.894970376337258	1.09460693262254	2.40249674338404	0.00113651100000000	-0.550617953858702	0.00104892935757777
0.552101561163411	0.447898438836589	896.621393311764	0.892862474237159	1.09157436548255	2.39296835322889	0.00111957400000000	-0.548686192369188	0.00110615295433625
0.550153532882470	0.449846467117530	900.521035909325	0.890749691057947	1.08855092556154	2.38345225850945	0.00113038700000000	-0.546753406333039	0.00115774256685779
0.548204723902166	0.451795276097834	904.422241342765	0.888632271954351	1.08553676890954	2.37395316658391	0.00111599800000000	-0.544820069754385	0.00120377097216273
0.546255163600551	0.453744836399449	908.324950801900	0.886510621276842	1.08253046514470	2.36447509992244	0.00112636500000000	-0.542886469871000	0.00124470685116479
0.544304881365957	0.455695118634043	912.229105455966	0.884385366709500	1.07952783988453	2.35502160154710	0.00108834600000000	-0.540952498289943	0.00128010739615913
0.542353906596604	0.457646093403396	916.134646454406	0.882257326162487	1.07652427314886	2.34559721636723	0.00109933900000000	-0.539018072773488	0.00130805246202436
0.540402268700200	0.459597731299800	920.041514927667	0.880127452243317	1.07351626255890	2.33620765250981	0.00109090800000000	-0.537083216470133	0.00132607085242009
0.538449997093550	0.461550002906450	923.949651987989	0.877996786449200	1.07050112186580	2.32685781676519	0.00108308800000000	-0.535148154951509	0.00133289488696408
0.536497121202161	0.463502878797839	927.858998730189	0.875866339355891	1.06747681612304	2.31755014263132	0.00108137200000000	-0.533213062712770	0.00132855728549584
0.534543670459844	0.465456329540156	931.769496232461	0.873736899488542	1.06444235212990	2.30828496464236	0.00106855800000000	-0.531277810747689	0.00131354703187354
0.532589674308323	0.467410325691677	935.681085557160	0.871608976874662	1.06139696662591	2.29906221421724	0.00105094500000000	-0.529342321922977	0.00128854078979614
0.530635162196834	0.469364837803166	939.593707751602	0.869482832963992	1.05833983690836	2.28988096223493	0.00104081500000000	-0.527406705256279	0.00125402250505040
0.528680163581736	0.471319836418264	943.507303848844	0.867358546255398	1.05526989181409	2.28073993858923	0.00105579800000000	-0.525471228311216	0.00121112688756891
0.526724707926113	0.473275292073887	947.421814868481	0.865236146194590	1.05218600783651	2.27163985215626	0.00104312600000000	-0.523536012018152	0.00116162014450760
0.524768824699375	0.475231175300625	951.337181817444	0.863115911587712	1.04908754951625	2.26258185218464	0.00101965200000000	-0.521600933532657	0.00110680686212813
0.522812543376871	0.477187456623129	955.253345690776	0.860998441897505	1.04597366917836	2.25356417130448	0.00102625100000000	-0.519665783390440	0.00104769674250125
0.520855893439485	0.479144106560515	959.170247472437	0.858884436669109	1.04284340017000	2.24458289183989	0.00102055800000000	-0.517730480293175	0.000985271191560131
0.518898904373246	0.481101095626754	963.087828136091	0.856774449802985	1.03969719672335	2.23563480116523	0.00100745800000000	-0.515795172128780	0.000919521880609825
0.516941605668929	0.483058394331071	967.006028645900	0.854668713151012	1.03653575796301	2.22671871290859	0.00100724600000000	-0.513859945264801	0.000849081389119117
0.514984026821660	0.485015973178340	970.924789957315	0.852567329864703	1.03335837383950	2.21783378585083	0.00100982600000000	-0.511924714070759	0.000772927361059581
0.513026197330525	0.486973802669475	974.844053017861	0.850470075376075	1.03016461591921	2.20897667625288	0.000985477800000000	-0.509989126347284	0.000691464284618539
0.511068146698168	0.488931853301832	978.763758767939	0.848376338361115	1.02695528704843	2.20014164457924	0.000972503200000000	-0.508052775354657	0.000606747446767165
0.509109904430396	0.490890095569604	982.683848141620	0.846285199630311	1.02373215005339	2.19132344004282	0.000967738500000000	-0.506115701483677	0.000521908952652569
0.507151500035789	0.492848499964211	986.604262067423	0.844195655251249	1.02049856958715	2.18251892673046	0.000984741800000000	-0.504178423532690	0.000440186887330433
0.505192963025297	0.494807036974703	990.524941469123	0.842106937198481	1.01725999088588	2.17372729038529	0.000962381200000000	-0.502241397659893	0.000363661063457867
0.503234322911848	0.496765677088152	994.445827266534	0.840018642525310	1.01402219364082	2.16494946232414	0.000967106400000000	-0.500304635585123	0.000293296979375524
0.501275609209953	0.498724390790047	998.366860376302	0.837930770137204	1.01079020184630	2.15618762790449	0.000951811300000000	-0.498368049176953	0.000228849960922345
0.499316851435307	0.500683148564693	1002.28798171270	0.835843359759699	1.00756818724755	2.14744365748219	0.000940774800000000	-0.496431668424890	0.000168698951341797
0.497358079104395	0.502641920895605	1006.20913218843	0.833756269826881	1.00435865927921	2.13871741633188	0.000943542800000000	-0.494495633332131	0.000110172212396435
0.495399321734095	0.504600678265905	1010.13025271540	0.831669004146746	1.00116238458296	2.13000597150313	0.000936514600000000	-0.492559940400130	5.07311382874156e-05
0.493440608841286	0.506559391158714	1014.05128420551	0.829580924270056	0.997978989318532	2.12130478970109	0.000897735300000000	-0.490624487941658	-1.07264748074076e-05
0.491481969942444	0.508518030057556	1017.97216757147	0.827491377458178	0.994807713608143	2.11260906720428	0.000911391200000000	-0.488689201555298	-7.33426086953636e-05
0.489523434553254	0.510476565446746	1021.89284372758	0.825399811566863	0.991649117408973	2.10391534208369	0.000903267300000000	-0.486754142197229	-0.000134792930144778
0.487565032188209	0.512434967811791	1025.81325359052	0.823305879257004	0.988505455726552	2.09522354605170	0.000902387900000000	-0.484819365426988	-0.000192398092804020
0.485606792360218	0.514393207639782	1029.73333808015	0.821209415185932	0.985378997645834	2.08653578809568	0.000911281600000000	-0.482884895162079	-0.000244085362581092
0.483648744580205	0.516351255419795	1033.65303812029	0.819110229770827	0.982271459998092	2.07785426569035	0.000882366200000000	-0.480950583835028	-0.000288095262939628
0.481690918356717	0.518309081643283	1037.57229463953	0.817007915497101	0.979184187987145	2.06918095480060	0.000867978500000000	-0.479016206484374	-0.000322776405723535
0.479733343195527	0.520266656804473	1041.49104857200	0.814901864657609	0.976117988827077	2.06051788800542	0.000883416100000000	-0.477081645624284	-0.000347019831921761
0.477776048599235	0.522223951400765	1045.40924085819	0.812791443683289	0.973072335894379	2.05186616756853	0.000866824400000000	-0.475147167484125	-0.000360241921275747
0.475819064066878	0.524180935933122	1049.32681244574	0.810676178899982	0.970045111569231	2.04322640041514	0.000853023100000000	-0.473213174734417	-0.000361451759092337
0.473862419093528	0.526137580906472	1053.24370429019	0.808555987318313	0.967033571538977	2.03459997027457	0.000837069600000000	-0.471279654591915	-0.000349227688482661
0.471906143169898	0.528093856830102	1057.15985735583	0.806431379269527	0.964034866840309	2.02598869073237	0.000834961900000000	-0.469346403293903	-0.000323359428551410
0.469950265781948	0.530049734218052	1061.07521261647	0.804303415586897	0.961045377920982	2.01739339163550	0.000835566400000000	-0.467413418537362	-0.000285297020173544
0.467994816410485	0.532005183589515	1064.98971105622	0.802173585982271	0.958061274998812	2.00881336343918	0.000871529700000000	-0.465480662882117	-0.000237149711254828
0.466039824530772	0.533960175469228	1068.90329367030	0.800043499816985	0.955079037994332	2.00024561694264	0.000860124200000000	-0.463548066592428	-0.000180890352631731
0.464085319612126	0.535914680387874	1072.81590146581	0.797914579343793	0.952094416798159	1.99168626638186	0.000807951800000000	-0.461615532256360	-0.000118929661746785
0.462131331117527	0.537868668882473	1076.72747546257	0.795788013055966	0.949103026896033	1.98313321128956	0.000829535100000000	-0.459682936820057	-5.40825348288709e-05
0.460177888503218	0.539822111496782	1080.63795669386	0.793664687636922	0.946102410610909	1.97458655833260	0.000854211800000000	-0.457750495213724	1.13299941860042e-05
0.458225021218314	0.541774978781686	1084.54728620725	0.791545274223791	0.943092518794322	1.96604787820271	0.000823416500000000	-0.455818480948516	7.59949908459908e-05
0.456272758704401	0.543727241295599	1088.45540506536	0.789430331308983	0.940075320165419	1.95752028053104	0.000804634600000000	-0.453886812967315	0.000138594768351086
0.454321130395142	0.545678869604858	1092.36225434668	0.787320299397431	0.937054083935569	1.94900827140151	0.000803790300000000	-0.451955315525338	0.000197688612367652
0.452370165715881	0.547629834284119	1096.26777514636	0.785215523067949	0.934031249671759	1.94051613066564	0.000790114700000000	-0.450023892003335	0.000252415189028954
0.450419894083249	0.549580105916751	1100.17190857699	0.783116351654729	0.931006703863368	1.93204714363165	0.000784082100000000	-0.448092611164965	0.000302889034744041
0.448470344904763	0.551529655095237	1104.07459576939	0.781023138717530	0.927978033178407	1.92360420573715	0.000780476700000000	-0.446161619044989	0.000350817851306275
0.446521547578438	0.553478452421562	1107.97577787342	0.778936308767888	0.924942747299620	1.91518872285522	0.000759096300000000	-0.444231153917811	0.000399170381843719
0.444573531492383	0.555426468507617	1111.87539605876	0.776856238022867	0.921900425984984	1.90679902162765	0.000755168400000000	-0.442301379748136	0.000450456543284336
0.442626326024409	0.557373673975591	1115.77339151571	0.774783251176341	0.918852052758984	1.89843119426786	0.000775738300000000	-0.440372337171174	0.000505527245078261
0.440679960541635	0.559320039458365	1119.66970545597	0.772717462174921	0.915798748259859	1.89008126117744	0.000769270900000000	-0.438443981141786	0.000564021964727373
0.438734464400089	0.561265535599911	1123.56427911344	0.770658749898856	0.912741678742056	1.88174574220447	0.000734617700000000	-0.436516049948657	0.000624892839246309
0.436789866944313	0.563210133055687	1127.45705374502	0.768606706557813	0.909682202622879	1.87342278110675	0.000742900600000000	-0.434588306426017	0.000687165750228417
0.434846197506971	0.565153802493029	1131.34797063139	0.766560776233294	0.906622419731130	1.86511254032943	0.000712492800000000	-0.432660847555538	0.000750835093009464
0.432903485408446	0.567096514591554	1135.23697107780	0.764520278023321	0.903566259251037	1.85681583279966	0.000687175100000000	-0.430733848614374	0.000816875992975051
0.430961759956452	0.569038240043548	1139.12399641488	0.762484695897288	0.900519413252510	1.84853360781972	0.000687058300000000	-0.428807530681941	0.000886510756672332
0.429021050445635	0.570978949554365	1143.00898799940	0.760453580981353	0.897487638265933	1.84026619462386	0.000715828500000000	-0.426882152747506	0.000960454828641625
0.427081386157176	0.572918613842824	1146.89188721511	0.758426733903131	0.894474066693885	1.83201326290301	0.000683571800000000	-0.424957839647165	0.00103894636644730
0.425142796358400	0.574857203641600	1150.77263547347	0.756404129429617	0.891479186662402	1.82377556497338	0.000646681800000000	-0.423034637505407	0.00112277182452916
0.423205310302376	0.576794689697624	1154.65117421450	0.754386048284847	0.888503203475837	1.81555554380140	0.000646481100000000	-0.421112474032759	0.00121319405327477
0.421268957227524	0.578731042772476	1158.52744490754	0.752372926883516	0.885547424318636	1.80735576437308	0.000604818200000000	-0.419191134141140	0.00131049614716982
0.419333766357222	0.580666233642778	1162.40138905202	0.750365381213071	0.882613256417794	1.79917727807059	0.000641684900000000	-0.417270499993354	0.00141370486067639
0.417399766899406	0.582600233100594	1166.27294817831	0.748364049049467	0.879700978734732	1.79101906942542	0.000582983400000000	-0.415350564080314	0.00152197129659043
0.415466988046177	0.584533011953823	1170.14206384848	0.746369549696448	0.876809243105717	1.78287935186264	0.000564813100000000	-0.413431201168560	0.00163558489966038
0.413535458973408	0.586464541026592	1174.00867765706	0.744382354842198	0.873936059448545	1.77475633760125	0.000600614600000000	-0.411512196269268	0.00175523666872156
0.411605208840346	0.588394791159654	1177.87273123189	0.742402785177811	0.871079243428484	1.76664754570384	0.000544017600000000	-0.409593563291456	0.00188127274759740
0.409676266789220	0.590323733210780	1181.73416623486	0.740431115310240	0.868235695201233	1.75854926144514	0.000549452000000000	-0.407675414795104	0.00201392230773222
0.407748661944841	0.592251338055159	1185.59292436273	0.738467535143531	0.865402563544445	1.75045815276561	0.000524772200000000	-0.405757990143559	0.00215262222873884
0.405822423414216	0.594177576585784	1189.44894734791	0.736512045949049	0.862578230553222	1.74237292972534	0.000537074300000000	-0.403841494961256	0.00229620627158987
0.403897580286144	0.596102419713856	1193.30217695925	0.734564493658567	0.859760746543680	1.73429321481285	0.000531549000000000	-0.401926054656492	0.00244422859489097
0.401974161630826	0.598025838369174	1197.15255500284	0.732624618829422	0.856947495450911	1.72621848423507	0.000513288400000000	-0.400011631375479	0.00259755801679870
0.400052196499472	0.599947803500528	1201.00002332277	0.730692163151784	0.854136708261512	1.71814894680995	0.000503865300000000	-0.398098242384898	0.00275703486486872
0.398131713923904	0.601868286076096	1204.84452380196	0.728766866802015	0.851328411012327	1.71008559657016	0.000484682900000000	-0.396186021321393	0.00292190070717117
0.396212742916160	0.603787257083840	1208.68599836293	0.726848538061805	0.848523568863667	1.70202948558303	0.000483643000000000	-0.394275202247567	0.00309015207298942
0.394295312468104	0.605704687531896	1212.52438896858	0.724937097344525	0.845722928299124	1.69398239106780	0.000476813300000000	-0.392366040508820	0.00325962515195342
0.392379451551031	0.607620548448969	1216.35963762298	0.723032623371619	0.842926324541027	1.68594754392095	0.000473502100000000	-0.390458612097709	0.00342865384376873
0.390465189115268	0.609534810884732	1220.19168637220	0.721135349198486	0.840132118366689	1.67792918443026	0.000448848300000000	-0.388552966722149	0.00359605909545529
0.388552554089788	0.611447445910212	1224.02047730502	0.719245640171417	0.837337277806470	1.66993102434866	0.000441676900000000	-0.386649109967548	0.00376123820497466
0.386641575381809	0.613358424618191	1227.84595255380	0.717363878004881	0.834537565949923	1.66195509473087	0.000444901100000000	-0.384746872116523	0.00392377935105549
0.384732281876405	0.615267718123595	1231.66805429522	0.715490202306522	0.831729448919803	1.65400239611692	0.000437381700000000	-0.382846095332767	0.00408249417103845
0.382824702436108	0.617175297563892	1235.48672475108	0.713624377283981	0.828911872806325	1.64607450971288	0.000406427600000000	-0.380946833425673	0.00423566053041031
0.380918865900520	0.619081134099480	1239.30190618909	0.711765899076354	0.826085542890920	1.63817325766014	0.000394617300000000	-0.379049361988445	0.00438219347091469
0.379014801085915	0.620985198914085	1243.11354092366	0.709913961021066	0.823251714166864	1.63029979118353	0.000392815100000000	-0.377153851004903	0.00452245803372598
0.377112536784847	0.622887463215153	1246.92157131666	0.708067606145070	0.820412208368096	1.62245484938367	0.000388170500000000	-0.375260330569546	0.00465735654267540
0.375212101765756	0.624787898234244	1250.72593977828	0.706225674260277	0.817569470695236	1.61463910034139	0.000383951100000000	-0.373368740301727	0.00478756861432928
0.373313524772579	0.626686475227421	1254.52658876771	0.704387010618456	0.814726057739027	1.60685377405325	0.000386222500000000	-0.371479087050803	0.00491349960064019
0.371416834524351	0.628583165475649	1258.32346079402	0.702550576689027	0.811884342596641	1.59910088970518	0.000396137800000000	-0.369591375503931	0.00503550091767483
0.369522059714816	0.630477940285184	1262.11649841690	0.700715552678289	0.809046404149344	1.59138270134310	0.000380985300000000	-0.367705497572106	0.00515372383830494
0.367629229012034	0.632370770987966	1265.90564424746	0.698881330636293	0.806214176068607	1.58370160378685	0.000369023200000000	-0.365821435419187	0.00526761002234453
0.365738371057985	0.634261628942015	1269.69084094901	0.697047588666851	0.803390168871984	1.57605937618639	0.000362228700000000	-0.363939241193075	0.00537565010683758
0.363849514468183	0.636150485531817	1273.47203123785	0.695214382653230	0.800577194863413	1.56845564434754	0.000362902000000000	-0.362058906393686	0.00547571631851587
0.361962687831276	0.638037312168724	1277.24915788405	0.693382169896950	0.797776519050375	1.56088822848444	0.000344311100000000	-0.360180354734194	0.00556568655901760
0.360077919708662	0.639922080291338	1281.02216371224	0.691551674884019	0.794987339309291	1.55335433571010	0.000359570400000000	-0.358303519101088	0.00564391464619890
0.358195238634087	0.641804761365913	1284.79099160240	0.689723587393097	0.792208153291612	1.54585160971978	0.000374518200000000	-0.356428482020966	0.00570914496243917
0.356314673113265	0.643685326886735	1288.55558449063	0.687898357133084	0.789437771578413	1.53837967405009	0.000360667800000000	-0.354555343816210	0.00576011063333973
0.354436251623474	0.645563748376526	1292.31588536995	0.686076155382668	0.786675343072390	1.53094021426515	0.000352477200000000	-0.352684199072989	0.00579549325226445
0.352560002613174	0.647439997386826	1296.07183729107	0.684256882262865	0.783920487054488	1.52353547670151	0.000334542800000000	-0.350815167437430	0.00581449634556788
0.350685954501610	0.649314045498390	1299.82338336319	0.682440319986097	0.781173801637637	1.51616723068077	0.000314548200000000	-0.348948408610611	0.00581716093349514
0.348814135678424	0.651185864321576	1303.57046675475	0.680626095710061	0.778437447721284	1.50883645749688	0.000346984200000000	-0.347084017823336	0.00580359348319589
0.346944574503260	0.653055425496740	1307.31303069427	0.678813724068833	0.775714463800650	1.50154367641821	0.000320917100000000	-0.345222001810815	0.00577375357059169
0.345077299305376	0.654922700694624	1311.05101847108	0.677002718050800	0.773007869967043	1.49428965761496	0.000310867200000000	-0.343362335847445	0.00572782642613575
0.343212338383254	0.656787661616746	1314.78437343612	0.675192726287147	0.770320298583324	1.48707541896482	0.000300779200000000	-0.341505043615980	0.00566613787577554
0.341349720004205	0.658650279995795	1318.51303900274	0.673383562171970	0.767653632757574	1.47990160450640	0.000293585000000000	-0.339650150056549	0.00558894537344477
0.339489472403982	0.660510527596018	1322.23695864745	0.671575195915509	0.765008517607928	1.47276797572942	0.000293242800000000	-0.337797581097915	0.00549700688740806
0.337631623786390	0.662368376213610	1325.95607591071	0.669767771028649	0.762383666342495	1.46567439666177	0.000302990600000000	-0.335947268871947	0.00539180016142979
0.335776202322893	0.664223797677107	1329.67033439775	0.667961573608486	0.759776117464082	1.45862157145796	0.000291709200000000	-0.334099249283216	0.00527477432368990
0.333923236152225	0.666076763847775	1333.37967777930	0.666156991492192	0.757182501408912	1.45161025775049	0.000262016400000000	-0.332253508134832	0.00514672983138541
0.332072753380003	0.667927246619997	1337.08404979238	0.664354499100031	0.754600027088269	1.44464032910939	0.000267147900000000	-0.330409887390206	0.00500811128078133
0.330224782078333	0.669775217921667	1340.78339424111	0.662554721789889	0.752026228985090	1.43771106728004	0.000262830600000000	-0.328568369379976	0.00485978588729883
0.328379350285422	0.671620649714578	1344.47765499745	0.660758364948946	0.749458539619114	1.43082198803729	0.000276120400000000	-0.326729163412585	0.00470338796340734
0.326536486005191	0.673463513994809	1348.16677600202	0.658966210678266	0.746894325323501	1.42397388228046	0.000242359100000000	-0.324892667595119	0.00454126679311477
0.324696217206884	0.675303782793116	1351.85070126484	0.657179007461287	0.744331003817284	1.41716916335921	0.000269305300000000	-0.323059242028077	0.00437635003478100
0.322858571824677	0.677141428175323	1355.52937486613	0.655397405652325	0.741765847445426	1.41041128939720	0.000254526100000000	-0.321228950518534	0.00421175296918327
0.321023577757293	0.678976422242707	1359.20274095709	0.653621900816596	0.739196511431657	1.40370384770609	0.000257711700000000	-0.319401748537712	0.00405040049368315
0.319191262867613	0.680808737132387	1362.87074376067	0.651852776626320	0.736622432738958	1.39704949572002	0.000276063800000000	-0.317577651815455	0.00389482206457971
0.317361654982285	0.682638345017715	1366.53332757234	0.650090201282322	0.734045044772092	1.39044906233163	0.000230963400000000	-0.315756806426888	0.00374660363877518
0.315534781891338	0.684465218108662	1370.19043676090	0.648334284387190	0.731466405786950	1.38390145779941	0.000219339100000000	-0.313939452186612	0.00360626073908032
0.313710671347793	0.686289328652207	1373.84201576920	0.646585124314567	0.728887758132815	1.37740488435837	0.000229199600000000	-0.312125759149134	0.00347373165278854
0.311889351067277	0.688110648932723	1377.48800911498	0.644842779070554	0.726309072936240	1.37095765281216	0.000262617900000000	-0.310315609553270	0.00334906335246422
0.310070848727634	0.689929151272366	1381.12836139159	0.643107233942022	0.723729466236708	1.36455869983331	0.000249636800000000	-0.308508726688105	0.00323260178897398
0.308255191968537	0.691744808031463	1384.76301726882	0.641378367508218	0.721147728562624	1.35820797369452	0.000240789100000000	-0.306704980683693	0.00312467635987548
0.306442408391105	0.693557591608895	1388.39192149361	0.639655929505239	0.718563588808395	1.35190544520320	0.000232441100000000	-0.304904258013225	0.00302539214204489
0.304632525557511	0.695367474442489	1392.01501889087	0.637939644552929	0.715978782971846	1.34565055620364	0.000215423900000000	-0.303106361052298	0.00293479677329483
0.302825570990597	0.697174429009403	1395.63225436427	0.636229252410825	0.713396733878731	1.33944232283470	0.000215712700000000	-0.301311194238997	0.00285293243243386
0.301021572173492	0.698978427826508	1399.24357289694	0.634524605615129	0.710821177268959	1.33327902058909	0.000214078400000000	-0.299518884924427	0.00277959282956803
0.299220556549218	0.700779443450782	1402.84891955233	0.632825685966833	0.708254736642727	1.32715787639553	0.000223014300000000	-0.297729664995688	0.00271434058728921
0.297422551520311	0.702577448479689	1406.44823947491	0.631132535583622	0.705698748857688	1.32107556113514	0.000220520700000000	-0.295943734879530	0.00265629406052253
0.295627584448431	0.704372415551569	1410.04147789101	0.629445158400654	0.703154750568593	1.31502941999666	0.000218478000000000	-0.294161199488688	0.00260399718919845
0.293835682653982	0.706164317346018	1413.62858010952	0.627763502812411	0.700625497243769	1.30901817418755	0.000237049300000000	-0.292382061950985	0.00255633618193300
0.292046873415717	0.707953126584283	1417.20949152271	0.626087529189589	0.698113929768449	1.30304145270220	0.000183013900000000	-0.290606262280079	0.00251298423865015
0.290261183970365	0.709738816029635	1420.78415760700	0.624417341309363	0.695622199373866	1.29709930123208	0.000224674800000000	-0.288833807601051	0.00247411114520397
0.288478641512238	0.711521358487762	1424.35252392369	0.622753222654536	0.693151594313495	1.29119188656857	0.000193125400000000	-0.287064794075599	0.00244044648052835
0.286699273192849	0.713300726807151	1427.91453611978	0.621095664662542	0.690702390827774	1.28531896500476	0.000186964300000000	-0.285299375065279	0.00241322299918295
0.284923106120528	0.715076893879472	1431.47013992871	0.619445302529510	0.688273761461533	1.27947942807608	0.000224577500000000	-0.283537639494746	0.00239361895916031
0.283150167360040	0.716849832639960	1435.01928117111	0.617802819711076	0.685864200101350	1.27367118748123	0.000194181500000000	-0.281779577881896	0.00238200526525598
0.281380483932197	0.718619516067803	1438.56190575564	0.616168841267824	0.683472337845911	1.26789198778531	0.000200748300000000	-0.280025162716985	0.00237748092787616
0.279614082813479	0.720385917186521	1442.09795967966	0.614543850327487	0.681097112116020	1.26214002644230	0.000195464200000000	-0.278274352208033	0.00237783695313872
0.277850990935649	0.722149009064351	1445.62738903008	0.612928190964434	0.678737723496314	1.25641419887016	0.000170315300000000	-0.276527067731185	0.00238035259189239
0.276091235185371	0.723908764814629	1449.15013998407	0.611322017863197	0.676393670568642	1.25071438332076	0.000191511600000000	-0.274783181031062	0.00238283752245379
0.274334842403824	0.725665157596176	1452.66615880987	0.609725298035056	0.674064974414689	1.24504197695979	0.000191506400000000	-0.273042524711791	0.00238400524209830
0.272581839386326	0.727418160613674	1456.17539186750	0.608137893959928	0.671752617215492	1.23940023811688	0.000193315300000000	-0.271304997210840	0.00238326840142779
0.270832252881948	0.729167747118052	1459.67778560960	0.606559576731299	0.669458115740367	1.23379327743678	0.000165056800000000	-0.269570606268666	0.00238029985274422
0.269086109593132	0.730913890406868	1463.17328658211	0.604990089241534	0.667182696781010	1.22822472779329	0.000179242300000000	-0.267839425030366	0.00237432442811201
0.267343436175311	0.732656563824689	1466.66184142511	0.603429168421695	0.664927033825112	1.22269703962457	0.000170998900000000	-0.266111458548016	0.00236359006504703
0.265604259236530	0.734395740763470	1470.14339687352	0.601876611411482	0.662691698521654	1.21721151803319	0.000147046900000000	-0.264386669834960	0.00234559637442026
0.263868605337060	0.736131394662940	1473.61789975790	0.600332258905450	0.660477258647516	1.21176869471807	0.000165835800000000	-0.262664948222123	0.00231778771624313
0.262136500989023	0.737863499010977	1477.08529700522	0.598796009661558	0.658283685200453	1.20636868601544	0.000170733400000000	-0.260946172900156	0.00227837292912131
0.260407972656008	0.739592027343992	1480.54553563956	0.597267838697777	0.656109634465018	1.20101190982255	0.000187503800000000	-0.259230369772749	0.00222694751978417
0.258683046752694	0.741316953247306	1483.99856278296	0.595747834388441	0.653952329663431	1.19569925078283	0.000157135500000000	-0.257517753988243	0.00216430302471342
0.256961749644468	0.743038250355532	1487.44432565611	0.594236249596198	0.651808862937994	1.19043113332772	0.000122066300000000	-0.255808596662219	0.00209168364982297
0.255244107647048	0.744755892352952	1490.88277157911	0.592733483940162	0.649677415950205	1.18520664600267	0.000125411200000000	-0.254103009980750	0.00201036152651594
0.253530147026102	0.746469852973898	1494.31384797229	0.591240082964907	0.647557156320567	1.18002357353503	0.000143890900000000	-0.252400978147177	0.00192189899835057
0.251819893996874	0.748180106003126	1497.73750235690	0.589756701080971	0.645447320054073	1.17487880151325	0.000110325100000000	-0.250702498699957	0.00182828451684977
0.250113374723799	0.749886625276201	1501.15368235590	0.588284049669578	0.643347018978314	1.16976867662209	0.000117580200000000	-0.249007635885231	0.00173154281607306
0.248410615320131	0.751589384679869	1504.56233569472	0.586822773468376	0.641255690119322	1.16468956768662	0.000120621000000000	-0.247316470601787	0.00163317756762167
0.246711641847563	0.753288358152437	1507.96341020199	0.585373370939651	0.639173402060720	1.15963857867123	0.000101965800000000	-0.245629028304652	0.00153373870527469
0.245016480315848	0.754983519684152	1511.35685381033	0.583936132951171	0.637100679336083	1.15461358145970	0.000104352700000000	-0.243945305609674	0.00143279685490334
0.243325156682429	0.756674843317571	1514.74261455706	0.582511142060833	0.635037851998550	1.14961274963620	0.000126173700000000	-0.242265324619397	0.00132931471579260
0.241637696852054	0.758362303147946	1518.12064058501	0.581098324966409	0.632985026986407	1.14463410823431	9.59768500000000e-05	-0.240589111584625	0.00122239153559589
0.239954126676406	0.760045873323594	1521.49088014322	0.579697479425852	0.630942861866410	1.13967523346083	8.43116800000000e-05	-0.238916690498500	0.00111196570533110
0.238274471953723	0.761725528046277	1524.85328158773	0.578308323089680	0.628913064408273	1.13473359127681	9.77628500000000e-05	-0.237248092058449	0.000998886399915647
0.236598758428429	0.763401241571571	1528.20779338228	0.576930548563061	0.626898018173536	1.12980759901362	8.43300400000000e-05	-0.235583388705851	0.000884368973392976
0.234927011790751	0.765072988209249	1531.55436409914	0.575563845416026	0.624899864963200	1.12489741061147	9.93267500000000e-05	-0.233922600637937	0.000769360387943036
0.233259257676350	0.766740742323650	1534.89294241980	0.574207975883893	0.622920184354621	1.12000484478289	8.78266900000000e-05	-0.232265740339057	0.000654271536093349
0.231595521665946	0.768404478334054	1538.22347713572	0.572862794774758	0.620960074281273	1.11513256456499	8.33553100000000e-05	-0.230612839192345	0.000539051045889278
0.229935829284942	0.770064170715058	1541.54591714911	0.571528288569315	0.619019928154621	1.11028312302085	7.70610600000000e-05	-0.228963894797065	0.000423404153777433
0.228280206003051	0.771719793996949	1544.86021147365	0.570204586542662	0.617099235595867	1.10545849998608	8.35556700000000e-05	-0.227318883625447	0.000306937892035424
0.226628677233927	0.773371322766073	1548.16630923526	0.568891919494997	0.615196811372583	1.10066020844598	6.78498500000000e-05	-0.225677811532130	0.000189198165715649
0.224981268334786	0.775018731665214	1551.46415967283	0.567590579354396	0.613311369492139	1.09588981223147	6.43809200000000e-05	-0.224040661238817	6.96460678502386e-05
0.223338004606040	0.776661995393960	1554.75371213895	0.566300851991889	0.611441813067232	1.09114912613320	4.85103100000000e-05	-0.222407367697811	-5.23520411996133e-05
0.221698911290919	0.778301088709081	1558.03491610070	0.565023002835639	0.609587037079082	1.08643992914061	4.26256800000000e-05	-0.220777915435513	-0.000177650128562293
0.220064013575105	0.779935986424895	1561.30772114035	0.563757242863646	0.607745897110385	1.08176341212301	4.40722100000000e-05	-0.219152345372007	-0.000307369762861817
0.218433336586358	0.781566663413642	1564.57207695612	0.562503731357235	0.605917520323367	1.07712008900424	4.68999000000000e-05	-0.217530678127870	-0.000442562584224593
0.216806905394145	0.783193094605855	1567.82793336293	0.561262592799137	0.604101515217473	1.07251045973165	3.23061300000000e-05	-0.215912970936206	-0.000583824468993710
0.215184745009273	0.784815254990727	1571.07524029313	0.560033885810334	0.602297864230220	1.06793530487884	4.50379600000000e-05	-0.214299359983229	-0.000731279173231398
0.213566880383515	0.786433119616485	1574.31394779724	0.558817630275023	0.600506618501909	1.06339519448450	5.10889900000000e-05	-0.212689991086301	-0.000884674616941020
0.211953336409245	0.788046663590755	1577.54400604468	0.557613823416480	0.598727840306245	1.05888985426030	1.90498700000000e-05	-0.211084928258051	-0.00104329207622867
0.210344137919065	0.789655862080935	1580.76536532454	0.556422491145628	0.596961820301269	1.05441773623607	2.67217300000000e-05	-0.209484147960400	-0.00120597515672842
0.208739309685440	0.791260690314560	1583.97797604628	0.555243705620986	0.595209116344037	1.04997609808207	4.83405900000000e-05	-0.207887626828025	-0.00137133964378508
0.207138876420327	0.792861123579673	1587.18178874051	0.554077535756083	0.593470293068865	1.04556187427279	5.02660100000000e-05	-0.206295328359765	-0.00153809269145632
0.205542862774811	0.794457137225189	1590.37675405966	0.552923997966231	0.591745830380518	1.04117279405179	3.91662800000000e-05	-0.204707181753981	-0.00170543252759095
0.203951293338734	0.796048706661266	1593.56282277880	0.551783003041339	0.590036331112252	1.03680806903973	1.90335400000000e-05	-0.203123211307649	-0.00187324510381968
0.202364192640332	0.797635807359668	1596.73994579629	0.550654323481532	0.588342776590901	1.03246833090832	3.67234100000000e-05	-0.201543528045924	-0.00204184305502328
0.200781585145865	0.799218414854135	1599.90807413458	0.549537604650227	0.586666344163011	1.02815493578978	3.78648800000000e-05	-0.199968228042966	-0.00221157042627438
0.199203495259254	0.800796504740746	1603.06715894091	0.548432415855730	0.585007673763025	1.02386935802473	1.05594200000000e-05	-0.198397399260978	-0.00238270810004736
0.197629947321718	0.802370052678282	1606.21715148801	0.547338309716885	0.583366540219125	1.01961293031126	3.34977100000000e-05	-0.196831154761434	-0.00255552711101275
0.196060965611403	0.803939034388597	1609.35800317492	0.546254864928040	0.581742243850411	1.01538687032114	1.62608100000000e-05	-0.195269590784741	-0.00273001741769151
0.194496574343022	0.805503425656978	1612.48966552763	0.545181681439398	0.580134176073925	1.01119228624829	6.10524000000000e-06	-0.193712700456811	-0.00290553208304524
0.192936797667490	0.807063202332510	1615.61209019985	0.544118358851831	0.578541902628162	1.00703006903856	-1.38453700000000e-05	-0.192160390618495	-0.00308087719926504
0.191381659671564	0.808618340328436	1618.72522897372	0.543064497537380	0.576964793938079	1.00290113037179	4.68224600000000e-06	-0.190612590981721	-0.00325468585885652
0.189831184377474	0.810168815622526	1621.82903376057	0.542019736637616	0.575401917232534	0.998806640921407	-1.97154600000000e-06	-0.189069325175495	-0.00342572566080090
0.188285395742566	0.811714604257434	1624.92345660159	0.540983783076133	0.573852272307580	0.994747751812874	6.45666000000000e-06	-0.187530649362500	-0.00359301297293211
0.186744317658936	0.813255682341064	1628.00844966863	0.539956445362439	0.572314983365270	0.990725107949293	9.11034300000000e-06	-0.185996606827450	-0.00375585099500747
0.185207973953074	0.814792026046926	1631.08396526483	0.538937633700033	0.570789450597684	0.986738779510511	-2.39884000000000e-05	-0.184467241374184	-0.00391397134101868
0.183676388385498	0.816323611614502	1634.14995582542	0.537927338619088	0.569275444472563	0.982788504750733	-5.10090200000000e-06	-0.182942577128950	-0.00406755447820878
0.182149584650397	0.817850415349603	1637.20637391840	0.536925602190044	0.567773008368134	0.978874007323599	-1.74732600000000e-05	-0.181422609332646	-0.00421685897962975
0.180627586375271	0.819372413624729	1640.25317224529	0.535932500863007	0.566282167045305	0.974995403486177	-1.56370200000000e-05	-0.179907309034935	-0.00436179628985266
0.179110417120569	0.820889582879431	1643.29030364180	0.534948156943774	0.564802587717390	0.971153558083394	-1.48790700000000e-05	-0.178396633774032	-0.00450193196043629
0.177598100379335	0.822401899620665	1646.31772107861	0.533972760411920	0.563333693441858	0.967350093036579	-2.28832800000000e-05	-0.176890556003969	-0.00463673978052618
0.176090659576847	0.823909340423153	1649.33537766204	0.533006576775423	0.561875185034947	0.963586851254522	-2.02283700000000e-06	-0.175389059037813	-0.00476580984878631
0.174588118070257	0.825411881929743	1652.34322663478	0.532049942359160	0.560427281055965	0.959865192889246	-2.21826000000000e-05	-0.173892116975037	-0.00488903809760950
0.173090499148241	0.826909500851759	1655.34122137662	0.531103237530098	0.558990577080056	0.956185616677741	-1.41120100000000e-05	-0.172399701001435	-0.00500677569722639
0.171597826030637	0.828402173969363	1658.32931540512	0.530166864870378	0.557565859088178	0.952547786201710	-1.50815700000000e-05	-0.170911829168744	-0.00511972504561963
0.170110121868089	0.829889878131911	1661.30746237640	0.529241224014301	0.556153960946069	0.948950881442381	-1.43636900000000e-05	-0.169428611184641	-0.00522864226721266
0.168627409741696	0.831372590258304	1664.27561608575	0.528326684738328	0.554755678517706	0.945393872604651	-4.70604600000000e-05	-0.167950217520156	-0.00533416070125151
0.167149712662653	0.832850287337347	1667.23373046844	0.527423572573783	0.553371674726361	0.941875552484239	2.69054300000000e-06	-0.166476816678830	-0.00543680731463001
0.165677053571898	0.834322946428102	1670.18175960034	0.526532152938375	0.552002295056202	0.938394669650991	-3.22568400000000e-05	-0.165008512737646	-0.00553704472340323
0.164209455339760	0.835790544660240	1673.11965769872	0.525652628335329	0.550647508420235	0.934950306913176	-3.71153500000000e-05	-0.163545336151948	-0.00563526347811031
0.162746940765606	0.837253059234394	1676.04737912285	0.524785141498387	0.549307075300065	0.931542248650351	-2.46626800000000e-05	-0.162087293658727	-0.00573165807249205
0.161289532577484	0.838710467422516	1678.96487837480	0.523929791798349	0.547980740392826	0.928171098211460	-4.25244200000000e-05	-0.160634427022253	-0.00582603620620022
0.159837253431778	0.840162746568222	1681.87211010011	0.523086672867047	0.546668341892579	0.924838113525172	-4.36244100000000e-05	-0.159186820389523	-0.00591781041192491
0.158390125912853	0.841609874087147	1684.76902908846	0.522255905101689	0.545369942473645	0.921544768461374	-4.35180100000000e-05	-0.157744549739076	-0.00600634562523149
0.156948172532703	0.843051827467297	1687.65559027442	0.521437670983007	0.544085983026535	0.918292228901543	-3.29272600000000e-05	-0.156307633816817	-0.00609137113184019
0.155511415730605	0.844488584269395	1690.53174873815	0.520632219799045	0.542817318889102	0.915081098951841	-4.44081600000000e-05	-0.154876034560469	-0.00617297696884038
0.154079877872768	0.845920122127232	1693.39745970603	0.519839844660251	0.541565051373470	0.911911523157422	-3.92965400000000e-05	-0.153449671335623	-0.00625128877398002
0.152653581251983	0.847346418748017	1696.25267855146	0.519060858920305	0.540330420214837	0.908783462966223	-3.23972600000000e-05	-0.152028461952062	-0.00632624482611366
0.151232548087275	0.848767451912725	1699.09736079548	0.518295553619597	0.539114770483747	0.905696861949247	-4.28015800000000e-05	-0.150612358353170	-0.00639755598925673
0.149816800523559	0.850183199476441	1701.93146210749	0.517544160029908	0.537919282837562	0.902651597425921	-3.01202900000000e-05	-0.149201358992973	-0.00646480925065605
0.148406360631288	0.851593639368712	1704.75493830597	0.516806829115328	0.536744665770580	0.899647377317749	-2.38187700000000e-05	-0.147795501422712	-0.00652765661713241
0.147001250406112	0.852998749593888	1707.56774535912	0.516083611497898	0.535591153793557	0.896683709131410	-4.20534900000000e-05	-0.146394839287610	-0.00658585081059056
0.145601491768529	0.854398508231471	1710.36983938559	0.515374453225538	0.534458621035420	0.893760000419929	-4.70625800000000e-05	-0.144999432755662	-0.00663914972306064
0.144207106563540	0.855792893436460	1713.16117665517	0.514679196217640	0.533346601934527	0.890875697975492	-4.89817200000000e-05	-0.143609345062140	-0.00668728921646460
0.142818116560307	0.857181883439693	1715.94171358946	0.513997584058832	0.532254461666928	0.888030316624372	-3.97439700000000e-05	-0.142224630045550	-0.00672997435378877
0.141434543451810	0.858565456548190	1718.71140676256	0.513329275002854	0.531181681692488	0.885223370153943	-2.95227800000000e-05	-0.140845317683936	-0.00676680426391484
0.140056408854501	0.859943591145499	1721.47021290178	0.512673866606323	0.530127950196414	0.882454388698060	-3.12163100000000e-05	-0.139471434097589	-0.00679721852756500
0.138683734307964	0.861316265692036	1724.21808888831	0.512030925007526	0.529093106837024	0.879723062303051	-4.95945300000000e-05	-0.138103024805074	-0.00682056850619652
0.137316541274573	0.862683458725427	1726.95499175787	0.511400011919212	0.528077025058182	0.877029267248057	-4.31883000000000e-05	-0.136740142879877	-0.00683627206073899
0.135954851139152	0.864045148860848	1729.68087870146	0.510780705794735	0.527079435944389	0.874372793831982	-3.57870800000000e-05	-0.135382808532273	-0.00684396954143205
0.134598685208633	0.865401314791367	1732.39570706600	0.510172609837558	0.526099819628227	0.871752968809967	-4.28922200000000e-05	-0.134030999118102	-0.00684358964450181
0.133248064711720	0.866751935288280	1735.09943435498	0.509575347281285	0.525137423716902	0.869168596676642	-3.88086800000000e-05	-0.132684687564001	-0.00683528478803037
0.131903010798546	0.868096989201454	1737.79201822923	0.508988553059815	0.524191320175640	0.866618213099859	-3.57224400000000e-05	-0.131343869527232	-0.00681929635348686
0.130563544540339	0.869436455459661	1740.47341650748	0.508411869393240	0.523260451230636	0.864100311809298	-4.08872000000000e-05	-0.130008566633494	-0.00679586453272060
0.129229686929082	0.870770313070918	1743.14358716713	0.507844940183185	0.522343715412826	0.861613507142282	-3.72488700000000e-05	-0.128678822586658	-0.00676523118363354
0.127901458877179	0.872098541122821	1745.80248834487	0.507287399592893	0.521440084053641	0.859156716838495	-2.68895900000000e-05	-0.127354683459498	-0.00672764466276620
0.126578881217118	0.873421118782882	1748.45007833739	0.506738864714509	0.520548664597726	0.856729221101847	-3.01445500000000e-05	-0.126036173326262	-0.00668331851967774
0.125261974701134	0.874738025298866	1751.08631560200	0.506198939653039	0.519668646839266	0.854330509928445	-2.70517600000000e-05	-0.124723296311001	-0.00663243772797243
0.123950760000879	0.876049239999121	1753.71115875735	0.505667230152121	0.518799227533785	0.851960120053095	-2.43975200000000e-05	-0.123416053941621	-0.00657526928114754
0.122645257707084	0.877354742292916	1756.32456658408	0.505143369060230	0.517939680007726	0.849617618762262	-2.36830300000000e-05	-0.122114451360974	-0.00651225162520866
0.121345488329231	0.878654511670769	1758.92649802546	0.504627041893025	0.517089505309803	0.847302648059485	-3.00474900000000e-05	-0.120818492702685	-0.00644399306436674
0.120051472295216	0.879948527704784	1761.51691218810	0.504118002676402	0.516248505471861	0.845014931016980	-1.18570500000000e-05	-0.119528192699095	-0.00637125496896131
0.118763229951022	0.881236770048978	1764.09576834258	0.503616078272783	0.515416733326197	0.842754292726727	-1.75394800000000e-05	-0.118243603200436	-0.00629494352133691
0.117480781560385	0.882519218439615	1766.66302592412	0.503121160946483	0.514594400839037	0.840520655677421	-1.20405400000000e-05	-0.116964814845817	-0.00621604290432256
0.116204147304467	0.883795852695533	1769.21864453325	0.502633196085626	0.513781819129759	0.838313949604085	-3.02785400000000e-06	-0.115691924531741	-0.00613546895605418
0.114933347281528	0.885066652718472	1771.76258393645	0.502152170739569	0.512979347986110	0.836134041570228	-1.07471700000000e-05	-0.114424999267066	-0.00605392917791876
0.113668401506594	0.886331598493406	1774.29480406682	0.501678109182076	0.512187362052140	0.833980754459634	1.09994100000000e-05	-0.113164064458120	-0.00597185247213383
0.112409329911132	0.887590670088868	1776.81526502474	0.501211067065168	0.511406238255872	0.831853886224464	1.61453200000000e-05	-0.111909107984027	-0.00588940949361688
0.111156152342724	0.888843847657276	1779.32392707852	0.500751127016645	0.510636373665918	0.829753134918378	7.61610200000000e-06	-0.110660104486024	-0.00580659121111371
0.109908888564741	0.890091111435259	1781.82075066501	0.500298390051151	0.509878201057571	0.827678027266293	1.70346500000000e-05	-0.109417047573527	-0.00572326905984953
0.108667558256017	0.891332441743983	1784.30569639034	0.499852960517164	0.509132137783458	0.825627921212236	3.08156400000000e-05	-0.108179963289032	-0.00563923933443735
0.107432181010528	0.892567818989472	1786.77872503048	0.499414935375329	0.508398504216275	0.823602076866253	2.45954300000000e-05	-0.106948912385567	-0.00555426225036271
0.106202776337064	0.893797223662936	1789.23979753193	0.498984385032475	0.507677520626832	0.821599757253975	2.80007600000000e-05	-0.105723973533405	-0.00546807710743995
0.104979363658911	0.895020636341089	1791.68887501238	0.498561332787976	0.506969396800804	0.819620324310530	2.97012300000000e-05	-0.104505228311350	-0.00538039088773305
0.103761962313528	0.896238037686472	1794.12591876130	0.498145736261514	0.506274420877430	0.817663293864973	3.62960200000000e-05	-0.103292751561761	-0.00529087754711126
0.102550591552225	0.897449408447775	1796.55089024063	0.497737482991157	0.505592993206642	0.815728286364271	4.51872500000000e-05	-0.102086601762657	-0.00519920740907274
0.101345270539846	0.898654729460154	1798.96375108541	0.497336400374371	0.504925614681070	0.813814961431289	4.74755300000000e-05	-0.100886802275401	-0.00510507970504737
0.100146018354447	0.899853981645553	1801.36446310441	0.496942272450688	0.504272820578445	0.811923059398999	4.41723700000000e-05	-0.0996933253546365	-0.00500825805595979
0.0989528539869803	0.901047146013020	1803.75298828075	0.496554857739524	0.503635101896939	0.810052507599202	5.01808500000000e-05	-0.0985061036872708	-0.00490859670496078
0.0977657963409758	0.902234203659024	1806.12928877260	0.496173905128242	0.503012841491236	0.808203472295843	4.31436300000000e-05	-0.0973250635311040	-0.00480604369971222
0.0965848642322262	0.903415135767774	1808.49332691371	0.495799169325436	0.502406239561468	0.806376325956856	4.02243600000000e-05	-0.0961501510745963	-0.00470061864519745
0.0954100763884696	0.904589923611531	1810.84506521414	0.495430428568068	0.501815214688010	0.804571565382093	5.45479100000000e-05	-0.0949813376862127	-0.00459237126477232
0.0942414514490770	0.905758548550923	1813.18446636083	0.495067498747768	0.501239326600328	0.802789712738854	6.49494300000000e-05	-0.0938186124385456	-0.00448135186799537
0.0930790079647369	0.906920992035263	1815.51149321826	0.494710239969532	0.500677805294226	0.801031233876297	4.70801200000000e-05	-0.0926619778115402	-0.00436761838583313
0.0919227643971439	0.908077235602856	1817.82610882906	0.494358555303766	0.500129714689541	0.799296488734682	4.98553200000000e-05	-0.0915114528313156	-0.00425127222140995
0.0907727391186860	0.909227260881314	1820.12827641463	0.494012384098062	0.499594144357513	0.797585681641855	6.08490700000000e-05	-0.0903670720687401	-0.00413249862541933
0.0896289504121345	0.910371049587866	1822.41795937576	0.493671693941748	0.499070302248860	0.795898815105479	6.14238100000000e-05	-0.0892288807162774	-0.00401158506950639
0.0884914164703329	0.911508583529667	1824.69512129328	0.493336471476837	0.498557532102989	0.794235710091780	5.10644300000000e-05	-0.0880969334975064	-0.00388888758708629
0.0873601553958892	0.912639844604111	1826.95972592866	0.493006713358581	0.498055335429950	0.792596093222027	6.25288900000000e-05	-0.0869712918947218	-0.00376475270561813
0.0862351852008669	0.913764814799133	1829.21173722460	0.492682413497089	0.497563385298294	0.790979672349717	4.90447700000000e-05	-0.0858520093319681	-0.00363944955700672
0.0851165238064779	0.914883476193522	1831.45111930570	0.492363552239907	0.497081486012936	0.789386182411991	5.79034500000000e-05	-0.0847391152298343	-0.00351314481677223
0.0840041890427768	0.915995810957223	1833.67783647901	0.492050088163577	0.496609470377420	0.787815459793796	4.73183800000000e-05	-0.0836326155445821	-0.00338590404618240
0.0828981986483551	0.917101801351645	1835.89185323471	0.491741955297895	0.496147082077627	0.786267526294060	5.03026700000000e-05	-0.0825325049896904	-0.00325770479316610
0.0817985702700373	0.918201429729963	1838.09313424666	0.491439064465894	0.495693932145300	0.784742591297096	4.94385200000000e-05	-0.0814387750131195	-0.00312847560647625
0.0807053214625775	0.919294678537423	1840.28164437304	0.491141308001907	0.495249571754922	0.783240963208586	5.16670800000000e-05	-0.0803514196761178	-0.00299817402808870
0.0796184696883570	0.920381530311643	1842.45734865693	0.490848565377956	0.494813602991424	0.781762948337549	6.19216300000000e-05	-0.0792704447405803	-0.00286687314754737
0.0785380323170827	0.921461967682917	1844.62021232695	0.490560708037633	0.494385709807471	0.780308788715244	5.35478200000000e-05	-0.0781958738348715	-0.00273481114225535
0.0774640266254875	0.922535973374513	1846.77020079783	0.490277604978165	0.493965615263715	0.778878641813538	4.85802300000000e-05	-0.0771277449059918	-0.00260238502677711
0.0763964697970300	0.923603530202970	1848.90727967101	0.489999127948901	0.493553057161307	0.777472575082223	4.71903800000000e-05	-0.0760660994177535	-0.00247010078524017
0.0753353789215969	0.924664621078403	1851.03141473527	0.489725155215604	0.493147820285504	0.776090569823482	4.81975400000000e-05	-0.0750109697256497	-0.00233851748167202
0.0742807709952051	0.925719229004795	1853.14257196729	0.489455574551560	0.492749779108871	0.774732546527293	5.93356800000000e-05	-0.0739623687129314	-0.00220821672682169
0.0732326629197064	0.926767337080294	1855.24071753225	0.489190286689044	0.492358892498454	0.773398396258829	6.26827800000000e-05	-0.0729202882718807	-0.00207979022204741
0.0721910715024905	0.927808928497510	1857.32581778442	0.488929210405754	0.491975145328005	0.772087992920228	5.19679900000000e-05	-0.0718847046438011	-0.00195380373306532
0.0711560134561919	0.928843986543808	1859.39783926777	0.488672289164223	0.491598483822394	0.770801178027171	5.04649600000000e-05	-0.0708555877333104	-0.00183071665355347
0.0701275053983969	0.929872494601603	1861.45674871655	0.488419496686629	0.491228792437399	0.769537740994598	5.17234400000000e-05	-0.0698329112330520	-0.00171079990886899
0.0691055638513506	0.930894436148649	1863.50251305584	0.488170839817726	0.490865919098232	0.768297420663190	5.06128300000000e-05	-0.0688166606847193	-0.00159411202331032
0.0680902052416662	0.931909794758334	1865.53509940218	0.487926356713918	0.490509715665701	0.767079931741777	5.48338500000000e-05	-0.0678068374589778	-0.00148054860536566
0.0670814459000349	0.932918554099965	1867.55447506413	0.487686110093075	0.490160057632326	0.765885000954834	4.45488000000000e-05	-0.0668034565543921	-0.00136992646966442
0.0660793020609365	0.933920697939064	1869.56060754283	0.487450177123842	0.489816841595158	0.764712395334696	4.15825400000000e-05	-0.0658065404732303	-0.00126204901156977
0.0650837898623524	0.934916210137648	1871.55346453262	0.487218637181732	0.489479982380394	0.763561920433480	4.71639100000000e-05	-0.0648161105846990	-0.00115673595900731
0.0640949253454777	0.935905074654522	1873.53301392159	0.486991559970538	0.489149424941045	0.762433384255924	4.73147700000000e-05	-0.0638321791185511	-0.00105383117063306
0.0631127244544357	0.936887275545564	1875.49922379212	0.486768995829906	0.488825168927337	0.761326558542842	4.99537300000000e-05	-0.0628547461386451	-0.000953195482407979
0.0621372030359940	0.937862796964006	1877.45206242152	0.486550969180386	0.488507292202526	0.760241151881025	4.04574900000000e-05	-0.0618838027715656	-0.000854687332375969
0.0611683768392796	0.938831623160720	1879.39149828255	0.486337475296045	0.488195961696950	0.759176785186444	4.05563300000000e-05	-0.0609193391777179	-0.000758147430770916
0.0602062615154976	0.939793738484502	1881.31750004396	0.486128479934812	0.487891420498803	0.758132983417742	4.57874400000000e-05	-0.0599613538188191	-0.000663402874614637
0.0592508726176487	0.940749127382351	1883.23003657115	0.485923920593917	0.487593943451976	0.757109211561419	3.44521700000000e-05	-0.0590098597046060	-0.000570290571255456
0.0583022256002503	0.941697774399750	1885.12907692661	0.485723709092593	0.487303777376693	0.756104954474472	4.28308900000000e-05	-0.0580648862274545	-0.000478688134908600
0.0573603358190564	0.942639664180944	1887.01459037059	0.485527735450066	0.487021101419893	0.755119808881884	4.90324500000000e-05	-0.0571264756674307	-0.000388538121416826
0.0564252185307794	0.943574781469221	1888.88654636155	0.485335873315846	0.486746027703560	0.754153552475915	3.84114100000000e-05	-0.0561946747792561	-0.000299851639354888
0.0554968888928141	0.944503111107186	1890.74491455682	0.485147986517243	0.486478628616557	0.753206175501796	3.25288000000000e-05	-0.0552695258629778	-0.000212683513657206
0.0545753619629618	0.945424638037038	1892.58966481307	0.484963935844556	0.486218958200780	0.752277874129665	4.16101700000000e-05	-0.0543510619849307	-0.000127091507989677
0.0536606526991550	0.946339347300845	1894.42076718691	0.484783585576477	0.485967043131483	0.751369005983469	3.42700100000000e-05	-0.0534393092059354	-4.31037259927614e-05
0.0527527759591849	0.947247224040815	1896.23819193539	0.484606809480873	0.485722846263534	0.750480015779946	3.33736500000000e-05	-0.0525342936231088	3.92954703096537e-05
0.0518517465004288	0.948148253499571	1898.04190951659	0.484433496740058	0.485486234093885	0.749611356086146	3.74586000000000e-05	-0.0516360480281289	0.000120166833808584
0.0509575789795788	0.949042421020421	1899.83189059016	0.484263556339803	0.485256980894856	0.748763433846367	3.49512800000000e-05	-0.0507446126649182	0.000199607374717402
0.0500702879523726	0.949929712047627	1901.60810601782	0.484096919984168	0.485034812737854	0.747936594769589	3.20703300000000e-05	-0.0498600318587984	0.000277727360428680
0.0491898878733239	0.950810112126676	1903.37052686394	0.483933542978076	0.484819465807323	0.747131128789982	3.19356400000000e-05	-0.0489823505262852	0.000354613887997370
0.0483163930954558	0.951683606904544	1905.11912439604	0.483773402711715	0.484610730319474	0.746347261281321	2.90421800000000e-05	-0.0481116100573006	0.000430299681705733
0.0474498178700342	0.952550182129966	1906.85387008537	0.483616495494026	0.484408472232208	0.745585122971021	3.42393500000000e-05	-0.0472478445875790	0.000504756189800941
0.0465901763463021	0.953409823653698	1908.57473560738	0.483462831161195	0.484212642842192	0.744844727045632	3.04721500000000e-05	-0.0463910772871083	0.000577906214297010
0.0457374825712166	0.954262517428783	1910.28169284231	0.483312427145326	0.484023276654476	0.744125976273917	3.68052400000000e-05	-0.0455413194912092	0.000649639256991646
0.0448917504891863	0.955108249510814	1911.97471387567	0.483165302488434	0.483840473661639	0.743428688332557	2.76306000000000e-05	-0.0446985715005303	0.000719819419980666
0.0440529939418089	0.955947006058191	1913.65377099878	0.483021473282994	0.483664375446712	0.742752614868352	2.83855500000000e-05	-0.0438628255040553	0.000788288777319377
0.0432212266676121	0.956778773332388	1915.31883670930	0.482880949790147	0.483495146267094	0.742097457381318	3.03556700000000e-05	-0.0430340714955820	0.000854868825202344
0.0423964623017939	0.957603537698206	1916.96988371173	0.482743734471202	0.483332958974895	0.741462881692846	2.66812600000000e-05	-0.0422123024784813	0.000919361171776500
0.0415787143759655	0.958421285624035	1918.60688491793	0.482609821149841	0.483177977067543	0.740848517053767	2.70146400000000e-05	-0.0413975173843937	0.000981555771390412
0.0407679963178945	0.959232003682106	1920.22981344767	0.482479195168278	0.483030327897860	0.740253933675911	2.66500800000000e-05	-0.0405897213406110	0.00104125224208442
0.0399643214512495	0.960035678548751	1921.83864262906	0.482351834084387	0.482890072274791	0.739678613747593	2.17615900000000e-05	-0.0397889245112924	0.00109828678566144
0.0391677029953472	0.960832297004653	1923.43334599915	0.482227708439924	0.482757179389730	0.739121945401966	2.32894100000000e-05	-0.0389951414400619	0.00115254923342967
0.0383781540648987	0.961621845935101	1925.01389730436	0.482106782343435	0.482631513143080	0.738583251631922	2.46713800000000e-05	-0.0382083909538636	0.00120398138623602
0.0375956876697586	0.962404312330241	1926.58027050104	0.481989013994373	0.482512830818770	0.738061834975584	2.19939200000000e-05	-0.0374286957676809	0.00125256200993741
0.0368203167146752	0.963179683285325	1928.13243975595	0.481874356366579	0.482400789656661	0.737557014454725	2.09134600000000e-05	-0.0366560819627247	0.00129828973686420
0.0360520539990413	0.963947946000959	1929.67037944672	0.481762758197203	0.482294956046599	0.737068149245620	2.29114400000000e-05	-0.0358905786186093	0.00134117045684315
0.0352909122166473	0.964709087783353	1931.19406416241	0.481654165382921	0.482194815741753	0.736594653821616	1.89519000000000e-05	-0.0351322166329540	0.00138120988073178
0.0345369039554343	0.965463096044566	1932.70346870397	0.481548522838848	0.482099785975376	0.736136006311084	1.75371000000000e-05	-0.0343810258367065	0.00141840942915848
0.0337900416972503	0.966209958302750	1934.19856808472	0.481445776531811	0.482009231246218	0.735691748110833	1.91932100000000e-05	-0.0336370309395150	0.00145276353416630
0.0330503378176060	0.966949662182394	1935.67933753087	0.481345875308611	0.481922483989986	0.735261475350211	1.60162700000000e-05	-0.0329002481282521	0.00148425693373788
0.0323178045854328	0.967682195414567	1937.14575248195	0.481248772433353	0.481838868567657	0.734844827198804	1.89390300000000e-05	-0.0321706842331431	0.00151286252322128
0.0315924541628419	0.968407545837158	1938.59778859137	0.481154426879359	0.481757725238446	0.734441474715852	1.66664600000000e-05	-0.0314483389363000	0.00153854295618308
0.0308742986048856	0.969125701395114	1940.03542172682	0.481062804433948	0.481678431728081	0.734051109586114	1.55432700000000e-05	-0.0307332085333985	0.00156125793870601
0.0301633498593182	0.969836650140682	1941.45862797081	0.480973878479344	0.481600421521212	0.733673431031354	1.65960300000000e-05	-0.0300252892361944	0.00158097564787036
0.0294596197663597	0.970540380233640	1942.86738362109	0.480887630114452	0.481523198912770	0.733308130919472	1.66358300000000e-05	-0.0293245791550643	0.00159768517818966
0.0287631200584605	0.971236879941540	1944.26166519117	0.480804047428099	0.481446350992039	0.732954880492919	1.38728400000000e-05	-0.0286310792169938	0.00161140687783456
0.0280738623600674	0.971926137639933	1945.64144941076	0.480723124068174	0.481369555955905	0.732613324706699	1.61965300000000e-05	-0.0279447934502230	0.00162219790279944
0.0273918581873910	0.972608141812609	1947.00671322623	0.480644857445703	0.481292586747748	0.732283087672011	1.40908700000000e-05	-0.0272657288264010	0.00163015200371221
0.0267171189481742	0.973282881051826	1948.35743380110	0.480569246897329	0.481215309848649	0.731963786473854	1.38823300000000e-05	-0.0265938947229042	0.00163539481874275
0.0260496559414626	0.973950344058537	1949.69358851648	0.480496292018808	0.481137679737127	0.731655046237556	1.40928500000000e-05	-0.0259293020554769	0.00163807654330534
0.0253894803573763	0.974610519642624	1951.01515497152	0.480425991242687	0.481059729497793	0.731356510038641	1.14915700000000e-05	-0.0252719621418292	0.00163836242084626
0.0247366032768827	0.975263396723117	1952.32211098391	0.480358340626479	0.480981558288416	0.731067841619283	1.28086100000000e-05	-0.0246218854140004	0.00163642065271824
0.0240910356715703	0.975908964328430	1953.61443459025	0.480293332809997	0.480903316789379	0.730788722876259	1.24090400000000e-05	-0.0239790803191134	0.00163240880309482
0.0234527884034260	0.976547211596574	1954.89210404658	0.480230956160554	0.480825191786438	0.730518849294131	1.01083600000000e-05	-0.0233435529249120	0.00162646178955378
0.0228218722246109	0.977178127775389	1956.15509782879	0.480171194188047	0.480747391290881	0.730257925863334	1.17772400000000e-05	-0.0227153074718860	0.00161868437039227
0.0221982977772397	0.977801702222760	1957.40339463306	0.480114025298717	0.480670132380052	0.730005665527948	1.25006400000000e-05	-0.0220943475511054	0.00160914864499217
0.0215820755931608	0.978417924406839	1958.63697337630	0.480059422817510	0.480593633897177	0.729761791657108	1.12149500000000e-05	-0.0214806773372899	0.00159789508850053
0.0209732160937378	0.979026783906262	1959.85581319659	0.480007355090177	0.480518114356090	0.729526044226082	9.79035400000000e-06	-0.0208743025333627	0.00158493573020183
0.0203717295896327	0.979628270410367	1961.05989345365	0.479957785505668	0.480443793117243	0.729298187179205	1.12356000000000e-05	-0.0202752310228035	0.00157025909961306
0.0197776262805901	0.980222373719410	1962.24919372920	0.479910672401565	0.480370891860136	0.729078013690280	8.90194400000000e-06	-0.0196834733506493	0.00155383685060304
0.0191909162552239	0.980809083744776	1963.42369382743	0.479865968926374	0.480299633799075	0.728865347124255	9.13300600000000e-06	-0.0190990430591431	0.00153563156084397
0.0186116094908037	0.981388390509196	1964.58337377545	0.479823622986745	0.480230239359571	0.728660037465688	7.92611700000000e-06	-0.0185219568060234	0.00151560492649522
0.0180397158530448	0.981960284146955	1965.72821382367	0.479783577398584	0.480162918755646	0.728461954779304	8.00415700000000e-06	-0.0179522342204390	0.00149372565022303
0.0174752450958980	0.982524754904102	1966.85819444622	0.479745770291925	0.480097863450873	0.728270982123466	8.42823200000000e-06	-0.0173898975000746	0.00146997644247599
0.0169182068613421	0.983081793138658	1967.97329634140	0.479710135730034	0.480035238910194	0.728087009882675	8.30071900000000e-06	-0.0168349707155159	0.00144435964055652
0.0163686106791769	0.983631389320823	1969.07350043207	0.479676604452945	0.479975180279961	0.727909932187326	7.72435700000000e-06	-0.0162874787499014	0.00141690118816342
0.0158264659668182	0.984173534033182	1970.15878786606	0.479645104657989	0.479917791509858	0.727739644955040	8.50937600000000e-06	-0.0157474458961177	0.00138765298837969
0.0152917820290947	0.984708217970905	1971.22914001658	0.479615562750777	0.479863147423083	0.727576044670786	7.75416900000000e-06	-0.0152148943266402	0.00135669356933492
0.0147645680580457	0.985235431941954	1972.28453848263	0.479587904022085	0.479811297398770	0.727419027294478	7.80968300000000e-06	-0.0146898427851058	0.00132412675192633
0.0142448331327208	0.985755166867279	1973.32496508940	0.479562053233604	0.479762269119043	0.727268487396220	7.13246100000000e-06	-0.0141723058113066	0.00129007825194938
0.0137325862189807	0.986267413781019	1974.35040188867	0.479537935114088	0.479716071564517	0.727124318160962	7.19848400000000e-06	-0.0136622936138640	0.00125469087500479
0.0132278361693007	0.986772163830699	1975.36083115919	0.479515474765122	0.479672697435716	0.726986412574259	6.88635300000000e-06	-0.0131598124803598	0.00121811933395721
0.0127305917225737	0.987269408277426	1976.35623540707	0.479494597966552	0.479632125531185	0.726854665104656	5.94171500000000e-06	-0.0126648655144304	0.00118052537736900
0.0122408615039170	0.987759138496083	1977.33659736623	0.479475231373747	0.479594323233033	0.726728972638354	6.21561200000000e-06	-0.0121774535340796	0.00114207341751159
0.0117586540244792	0.988241345975521	1978.30189999868	0.479457302614899	0.479559248706491	0.726609233889566	5.33707100000000e-06	-0.0116975760398243	0.00110292669397443
0.0112839776812490	0.988716022318751	1979.25212649499	0.479440740316588	0.479526852235233	0.726495347453312	4.91076200000000e-06	-0.0112252321684271	0.00106324409325216
0.0108168407568659	0.989183159243134	1980.18726027464	0.479425474101325	0.479497076381926	0.726387209223497	4.98909600000000e-06	-0.0107604215141775	0.00102317776116186
0.0103572514194327	0.989642748580567	1981.10728498638	0.479411434602428	0.479469855133001	0.726284709872956	3.90887100000000e-06	-0.0103031447013509	0.000982871525725587
0.00990521772232810	0.990094782277672	1982.01218450863	0.479398553527688	0.479445112555689	0.726187732829856	4.25050700000000e-06	-0.00985340364973831	0.000942459999243610
0.00946074760402322	0.990539252395977	1982.90194294984	0.479386763781268	0.479422761607818	0.726096152975691	3.50995800000000e-06	-0.00941120155296664	0.000902068137049293
0.00902384888789752	0.990976151112103	1983.77654464885	0.479375999631863	0.479402703607876	0.726009836174059	3.32575900000000e-06	-0.00897654264776100	0.000861811020788359
0.00859452928205781	0.991405470717942	1984.63597417525	0.479366196902808	0.479384828603521	0.725928639639470	3.08211200000000e-06	-0.00854943188018929	0.000821793696613254
0.00817279637915857	0.991827203620841	1985.48021632975	0.479357293157424	0.479369016600819	0.725852413052800	2.33433600000000e-06	-0.00812987457737439	0.000782111003983126
0.00775865765622314	0.992241342343777	1986.30925614455	0.479349227859022	0.479355139429092	0.725781000251389	2.14334200000000e-06	-0.00771787621363928	0.000742847432120463
0.00735212047446753	0.992647879525533	1987.12307888367	0.479341942495190	0.479343062947404	0.725714241279818	1.95438600000000e-06	-0.00731344231994641	0.000704077093135213
0.00695319207912536	0.993046807920875	1987.92167004329	0.479335380666305	0.479332649321466	0.725651974562770	1.75209700000000e-06	-0.00691657853243995	0.000665863888240210
0.00656187959927467	0.993438120400725	1988.70501535214	0.479329488146185	0.479323759166033	0.725594038940589	1.60706600000000e-06	-0.00652729072716806	0.000628261892060253
0.00617819004766606	0.993821809952334	1989.47310077181	0.479324212927345	0.479316253424427	0.725540275311604	1.34781800000000e-06	-0.00614558516285287	0.000591315932570633
0.00580213032055286	0.994197869679447	1990.22591249709	0.479319505263933	0.479309994931430	0.725490527683619	9.28929300000000e-07	-0.00577146856101853	0.000555062323877966
0.00543370719752277	0.994566292802477	1990.96343695634	0.479315317722993	0.479304849674752	0.725444643555231	9.70395300000000e-07	-0.00540494808701186	0.000519529708315934
0.00507292734133132	0.994927072658669	1991.68566081177	0.479311605250096	0.479300687824263	0.725402473685262	8.40331400000000e-07	-0.00504603123867031	0.000484739964124983
0.00471979729773660	0.995280202702263	1992.39257095981	0.479308325249517	0.479297384625431	0.725363871411869	5.37624900000000e-07	-0.00469472568155417	0.000450709128962216
0.00437432349533637	0.995625676504664	1993.08415453145	0.479305437673415	0.479294821247406	0.725328691726068	4.27924100000000e-07	-0.00435103907873131	0.000417448287434457
0.00403651224540640	0.995963487754594	1993.76039889250	0.479302905109420	0.479292885640645	0.725296790298151	5.13303500000000e-07	-0.00401497895022319	0.000384964383815199
0.00370636974174038	0.996293630258260	1994.42129164399	0.479300692852976	0.479291473407260	0.725268022624721	2.67261100000000e-07	-0.00368655257430692	0.000353260946911916
0.00338390206049208	0.996616097939508	1995.06682062241	0.479298768950406	0.479290488637431	0.725242243423967	2.48129500000000e-07	-0.00336576692408699	0.000322338738812678
0.00306911516001845	0.996930884839982	1995.69697390009	0.479297104201073	0.479289844633547	0.725219306357188	2.25648100000000e-07	-0.00305262862569306	0.000292196349549785
0.00276201488072557	0.997237985119274	1996.31173978545	0.479295672111747	0.479289464438243	0.725199064098004	1.72122300000000e-07	-0.00274714392777653	0.000262830753359040
0.00246260694491503	0.997537393055085	1996.91110682338	0.479294448802084	0.479289281101380	0.725181368712805	1.84312200000000e-07	-0.00244931867949032	0.000234237826989191
0.00217089695663282	0.997829103043367	1997.49506379544	0.479293412865739	0.479289237654691	0.725166072273588	1.08869600000000e-07	-0.00215915832002194	0.000206412817089632
0.00188689040152026	0.998113109598480	1998.06359972027	0.479292545195841	0.479289286799961	0.725153027604764	7.38076800000000e-08	-0.00187666788449604	0.000179350738539270
0.00161059264666548	0.998389407353335	1998.61670385382	0.479291828785855	0.479289390347479	0.725142089064803	6.17779400000000e-08	-0.00160185202912127	0.000153046689200395
0.00134200894045803	0.998657991059542	1999.15436568962	0.479291248517171	0.479289518461052	0.725133113282838	3.96580800000000e-08	-0.00133471507486747	0.000127496075614464
0.00108114441244415	0.998918855587556	1999.67657495916	0.479290790943777	0.479289648773224	0.725125959794057	2.24577700000000e-08	-0.00107526106550272	0.000102694754280992
0.000828004073184763	0.999171995926815	2000.18332163209	0.479290444082226	0.479289765431533	0.725120491542812	1.51666700000000e-08	-0.000823493833616568	7.86391012134591e-05
0.000582592814114250	0.999417407185886	2000.67459591653	0.479290197212936	0.479289858127697	0.725116575246959	4.54200500000000e-09	-0.000579417067639165	5.53260269307535e-05
0.000344915407401969	0.999655084592598	2001.15038825937	0.479290040696673	0.479289921149926	0.725114081632145	2.81908600000000e-09	-0.000343034373557901	3.27529549281181e-05
0.000114976505814595	0.999885023494185	2001.61068934649	0.479289965808316	0.479289952487125	0.725112885558421	3.12900800000000e-10	-0.000114349326583034	1.09177797910719e-05
