# Postprocessed results of turbulent pipe flow 
# Reynolds stress transporation term: k 
# ------------------------------------------------------------------
# uTau = 0.0241079 
# nu = 1.20482e-05 
# ------------------------------------------------------------------
# r	 1-r	 y+	 production	 Turbulent_Transport	 Viscous_Transport	  Pressure_Strain	 Pressure_Transport	 Viscous_Dissipation	 
# ------------------------------------------------------------------
1	0	0	3.29856300806681e-38	-7.60199672555465e-08	0.000449737807706796	-0.144429429702145	0.144587118571481	2.19947943629253e-21
0.999955187634167	4.48123658329802e-05	0.0898253386646465	1.07018249148609e-08	9.33361748722027e-08	0.000773062436597065	-0.144020768656923	0.143746777938313	-0.000384782592830229
0.999902564001706	9.74359982940376e-05	0.195308178494976	2.31365959222205e-07	9.05364514132644e-07	0.00132144238421054	-0.143004258209176	0.142483889254818	-0.000856867552571966
0.999842130928339	0.000157869071661043	0.316444859873703	1.53501730984185e-06	4.59551413067293e-06	0.00215953503285856	-0.141203512005496	0.140397446707600	-0.00142369758205948
0.999773890361304	0.000226109638695959	0.453231479607750	6.18959707149696e-06	1.63067867527659e-05	0.00313692374496130	-0.138470316553422	0.137333853551391	-0.00209166931083789
0.999697844369260	0.000302155630739986	0.605663891118961	1.88255108758431e-05	4.59982542009571e-05	0.00425387356808458	-0.134698792344329	0.133176939485465	-0.00286485975843754
0.999613995142192	0.000386004857808042	0.773737704633485	4.76025803555484e-05	0.000110430077338670	0.00550272307057834	-0.129837471263348	0.127858124504630	-0.00374354565813479
0.999522344991310	0.000477655008690014	0.957448287384738	0.000105479357712600	0.000234904901165106	0.00686502645742650	-0.123897653295578	0.121363068231970	-0.00472260208743284
0.999422896348953	0.000577103651047017	1.15679076380634	0.000211448558997372	0.000454204009576806	0.00830908898681282	-0.116957313930151	0.113734505631470	-0.00578997825482169
0.999315651768484	0.000684348231515974	1.37176001574176	0.000391573317942726	0.000812059454762603	0.00978852837275552	-0.109160270576520	0.105071416814245	-0.00692552342853738
0.999200613924187	0.000799386075812980	1.60235068265148	0.000679643658861633	0.00135855636575485	0.0112425477524891	-0.100710745695292	0.0955250308399846	-0.00810048893226440
0.999077785611161	0.000922214388838993	1.84855716182489	0.00111727436846872	0.00214513744736484	0.0125984706989550	-0.0918638095559134	0.0852923256121669	-0.00927801284798675
0.998947169745211	0.00105283025478897	2.11037360859901	0.00175328728009029	0.00321739121648550	0.0137767206169099	-0.0829124062737544	0.0746076367417821	-0.0104147692630990
0.998808769362744	0.00119123063725601	2.38779393656726	0.00264226598502771	0.00460644450257622	0.0146978896886854	-0.0741717868647737	0.0637328002929052	-0.0114637579293520
0.998662587620649	0.00133741237935103	2.68081181781935	0.00384224109324234	0.00632035134366905	0.0152909857388607	-0.0659622523589654	0.0529460609700347	-0.0123779664864221
0.998508627796193	0.00149137220380702	2.98942068315023	0.00541155775526589	0.00833716294350731	0.0155015547775678	-0.0585911988705074	0.0425299025168611	-0.0131144297292323
0.998346893286899	0.00165310671310104	3.31361372230470	0.00740508683830383	0.0106012459874196	0.0152982927611310	-0.0523355624810338	0.0327580552880399	-0.0136381029878678
0.998177387610434	0.00182261238956605	3.65338388420148	0.00987005247413188	0.0130238940270150	0.0146770161984900	-0.0474258479432448	0.0238821760709987	-0.0139249883290551
0.998000114404488	0.00199988559551201	4.00872387717602	0.0128418415899299	0.0154884835172472	0.0136613791706884	-0.0440329329042165	0.0161189836609603	-0.0139640926748753
0.997815077426654	0.00218492257334602	4.37962616922126	0.0163402142069243	0.0178595741820276	0.0123003490357675	-0.0422587146692900	0.00963885465658289	-0.0137580122613480
0.997622280554307	0.00237771944569298	4.76608298822959	0.0203663303223517	0.0199946574628327	0.0106630139814087	-0.0421313837362199	0.00455694179663216	-0.0133221689822582
0.997421727784479	0.00257827221552098	5.16808632224403	0.0249009440569435	0.0217568671819536	0.00883166598148742	-0.0436056877567576	0.000927730021905857	-0.0126829175508361
0.997213423233732	0.00278657676626803	5.58562791971243	0.0299039956055124	0.0230269322906786	0.00689423298892793	-0.0465680579306194	-0.00125638285342291	-0.0118748655975807
0.996997371138035	0.00300262886196501	6.01869928973380	0.0353156755283528	0.0237129257523676	0.00493704929476734	-0.0508459961592409	-0.00206233062804457	-0.0109377946740015
0.996773575852631	0.00322642414736896	6.46729170232555	0.0410588705278007	0.0237568382527271	0.00303872413677066	-0.0562207425493468	-0.00160975491843118	-0.00991355037497020
0.996542041851904	0.00345795814809602	6.93139618868995	0.0470427522999100	0.0231375540451718	0.00126557876231978	-0.0624420022751133	-6.12210131554518e-05	-0.00884320549720574
0.996302773729253	0.00369722627074698	7.41100354146576	0.0531671631883823	0.0218703193873449	-0.000331161126341908	-0.0692434206347176	0.00238972676182027	-0.00776471308774052
0.996055776196952	0.00394422380304804	7.90610431501042	0.0593273966192996	0.0200031989080540	-0.00171646680009319	-0.0763575523684763	0.00553152356185117	-0.00671117396818036
0.995801054086013	0.00419894591398695	8.41668882567292	0.0654189685291119	0.0176112791138278	-0.00287112410053667	-0.0835292612446840	0.00914742100183178	-0.00570975765031503
0.995538612346054	0.00446138765394599	8.94274715206038	0.0713420209628474	0.0147894978921382	-0.00379019741376498	-0.0905267693543163	0.0130272135469841	-0.00478124320784248
0.995268456045154	0.00473154395484599	9.48426913532667	0.0770050773502487	0.0116449672470942	-0.00448071612371184	-0.0971498897023166	0.0169770957596318	-0.00394009285160409
0.994990590369711	0.00500940963028895	10.0412443794584	0.0823279649896152	0.00828954013056489	-0.00495895190613308	-0.103235267800787	0.0208271578707152	-0.00319493842283215
0.994705020624303	0.00529497937569701	10.6136622515534	0.0872438191618135	0.00483319114470017	-0.00524760853029322	-0.108658710249877	0.0244362983167546	-0.00254934821521417
0.994411752231539	0.00558824776846101	11.2015118821184	0.0917001732258172	0.00137858009783725	-0.00537317563935983	-0.113334885356183	0.0276945811279798	-0.00200274640489126
0.994110790731916	0.00588920926808401	11.8047821653571	0.0956592116178901	-0.00198301674132240	-0.00536361947071196	-0.117214834991555	0.0305232734168653	-0.00155137566797575
0.993802141783668	0.00619785821633201	12.4234617594717	0.0990973128374954	-0.00517437382473318	-0.00524651145710459	-0.120281853276861	0.0328729709635354	-0.00118921808018319
0.993485811162616	0.00651418883738397	13.0575390869641	0.102004036475607	-0.00813366502065610	-0.00504763672863706	-0.122546369199587	0.0347203521856515	-0.000908814985219744
0.993161804762017	0.00683819523798301	13.7070023349389	0.104380714875280	-0.0108146647918822	-0.00479007575150144	-0.124040457890678	0.0360641411627548	-0.000701951263894737
0.992830128592411	0.00716987140758896	14.3718394554089	0.106238801208184	-0.0131860394308974	-0.00449371053671552	-0.124812476736563	0.0369207900263177	-0.000560191709614003
0.992490788781466	0.00750921121853398	15.0520381656074	0.107598107176908	-0.0152300013407128	-0.00417507597290954	-0.124922150177709	0.0373202553221984	-0.000475273184319070
0.992143791573819	0.00785620842618096	15.7475859483053	0.108485039644970	-0.0169405734731360	-0.00384746363024114	-0.124436266344080	0.0373020835768734	-0.000439365646437628
0.991789143330920	0.00821085666907995	16.4584700521251	0.108930921198855	-0.0183216525969377	-0.00352118721128963	-0.123425019926506	0.0369118919842702	-0.000445222696463480
0.991426850530871	0.00857314946912902	17.1846774918631	0.108970456596037	-0.0193850238976705	-0.00320393051106110	-0.121958978709626	0.0361982901873289	-0.000486252403071870
0.991056919768265	0.00894308023173496	17.9261950488115	0.108640384254600	-0.0201484512911970	-0.00290112404611351	-0.120106672881749	0.0352103132104774	-0.000556538982639587
0.990679357754020	0.00932064224597995	18.6830092710926	0.107978328687356	-0.0206339277409468	-0.00261632964722579	-0.117932856511502	0.0339954598792859	-0.000650828614993534
0.990294171315216	0.00970582868478398	19.4551064739842	0.107021850855651	-0.0208661332498874	-0.00235162204413182	-0.115497493025075	0.0325984100117151	-0.000764484168909398
0.989901367394930	0.0100986326050700	20.2424727402510	0.105807685889929	-0.0208711324717597	-0.00210794536285690	-0.112855375930245	0.0310603426777511	-0.000893425647941388
0.989500953052064	0.0104990469479360	21.0450939204889	0.104371157495114	-0.0206753172056898	-0.00188541924351384	-0.110056045260683	0.0294185559734689	-0.00103406360659768
0.989092935461176	0.0109070645388240	21.8629556334643	0.102745757254956	-0.0203045933077992	-0.00168357071126629	-0.107143658121048	0.0277061124703091	-0.00118323829710319
0.988677321912312	0.0113226780876881	22.6960432664511	0.100962869821280	-0.0197838211550197	-0.00150149536457216	-0.104156809042856	0.0259515290398209	-0.00133817959319180
0.988254119810828	0.0117458801891720	23.5443419755857	0.0990516132057962	-0.0191364800583345	-0.00133798491790969	-0.101128516992707	0.0241787074844190	-0.00149647857515922
0.987823336677216	0.0121766633227840	24.4078366862184	0.0970387576249027	-0.0183845158426963	-0.00119164202451780	-0.0980865188634795	0.0224072213544747	-0.00165604694748439
0.987384980146932	0.0126150198530680	25.2865120932562	0.0949486923153644	-0.0175482866396006	-0.00106098643682445	-0.0950538548914546	0.0206529000670244	-0.00181506168305531
0.986939057970213	0.0130609420297870	26.1803526615304	0.0928034292058099	-0.0166464854497019	-0.000944553700745406	-0.0920496475214248	0.0189285484789669	-0.00197191153534071
0.986485578011899	0.0135144219881010	27.0893426261532	0.0906226549785308	-0.0156960678781893	-0.000840956618891119	-0.0890898519151887	0.0172445810174089	-0.00212516764520832
0.986024548251253	0.0139754517487470	28.0134659928787	0.0884238414055969	-0.0147122693180593	-0.000748889747551640	-0.0861876237253752	0.0156093205510784	-0.00227359294245558
0.985555976781777	0.0144440232182230	28.9527065384715	0.0862223930677959	-0.0137086652266014	-0.000667115691922219	-0.0833532581445095	0.0140289557407517	-0.00241616376453530
0.985079871811029	0.0149201281889710	29.9070478110737	0.0840317910907946	-0.0126972115647284	-0.000594482607828205	-0.0805940901847763	0.0125074520456050	-0.00255206888102682
0.984596241660436	0.0154037583395640	30.8764731305794	0.0818637074867354	-0.0116883017480870	-0.000529956637257941	-0.0779147375505915	0.0110467484152557	-0.00268067154554869
0.984105094765106	0.0158949052348940	31.8609655890124	0.0797280946816856	-0.0106909506381462	-0.000472618896853270	-0.0753177824729231	0.00964740699880580	-0.00280147374195873
0.983606439673643	0.0163935603263570	32.8605080508957	0.0776332607235001	-0.00971303003048036	-0.000421653907197704	-0.0728047259333379	0.00830955004040005	-0.00291408535045827
0.983100285047950	0.0168997149520500	33.8750831536476	0.0755859536091481	-0.00876138645290789	-0.000376353073795340	-0.0703768765636681	0.00703364750758650	-0.00301819412539787
0.982586639663045	0.0174133603369550	34.9046733079497	0.0735914853246876	-0.00784186703356206	-0.000336101918792424	-0.0680357283448607	0.00582072598123601	-0.00311357176223608
0.982065512406857	0.0179344875931430	35.9492606981566	0.0716539038251845	-0.00695930268751124	-0.000300353867583797	-0.0657826335645273	0.00467194558859172	-0.00320007902193081
0.981536912280045	0.0184630877199550	37.0088272826576	0.0697761911738226	-0.00611755461042725	-0.000268592728559251	-0.0636182404528831	0.00358804361748821	-0.00327768010065067
0.981000848395788	0.0189991516042120	38.0833547942989	0.0679604331426174	-0.00531969145835807	-0.000240306015024530	-0.0615422988398975	0.00256918314870345	-0.00334646327865198
0.980457329979594	0.0195426700204060	39.1728247407655	0.0662079031864517	-0.00456808207489985	-0.000215025594956050	-0.0595539298989318	0.00161522175354467	-0.00340661933718081
0.979906366369101	0.0200936336308990	40.2772184049806	0.0645190995814467	-0.00386428041746555	-0.000192396510322595	-0.0576521624529518	0.000726064256388832	-0.00345836861045051
0.979347967013871	0.0206520329861291	41.3965168455183	0.0628938349983540	-0.00320895610907781	-0.000172175407161677	-0.0558362603160563	-9.82307693505218e-05	-0.00350193395852161
0.978782141475193	0.0212178585248070	42.5307008969982	0.0613313928827032	-0.00260209325928394	-0.000154150784748749	-0.0541053956381768	-0.000857717419221204	-0.00353758778275539
0.978208899425876	0.0217911005741240	43.6797511705016	0.0598306543877837	-0.00204322709301026	-0.000138080162713925	-0.0524582106449354	-0.00155287569006759	-0.00356567287030547
0.977628250650044	0.0223717493499560	44.8436480539805	0.0583901453993507	-0.00153144393542412	-0.000123718800376565	-0.0508930048334160	-0.00218463333558677	-0.00358654782245503
0.977040205042929	0.0229597949570710	46.0223717126740	0.0570080840447823	-0.00106519009470552	-0.000110879182753615	-0.0494078492986013	-0.00275459790315946	-0.00360056267178469
0.976444772610664	0.0235552273893360	47.2159020895227	0.0556824787940833	-0.000642086405667308	-9.94328021927916e-05	-0.0479996769809550	-0.00326594822214592	-0.00360808394283198
0.975841963470071	0.0241580365299290	48.4242189055935	0.0544112080420381	-0.000259136752311435	-8.92494487290315e-05	-0.0466635752153180	-0.00372378756123526	-0.00360950472846264
0.975231787848450	0.0247682121515500	49.6473016605032	0.0531919994478386	8.66243718702094e-05	-8.01580929631473e-05	-0.0453939242040828	-0.00413369377450212	-0.00360522950349459
0.974614256083370	0.0253857439166300	50.8851296328362	0.0520223570373335	0.000397630702165520	-7.20017209044403e-05	-0.0441865844814231	-0.00449956347007849	-0.00359560788856637
0.973989378622450	0.0260106213775499	52.1376818805850	0.0508996062213875	0.000675921932604030	-6.46995038644379e-05	-0.0430395009275799	-0.00482314073797391	-0.00358094249626433
0.973357166023145	0.0266428339768550	53.4049372415781	0.0498210943424133	0.000923429721145527	-5.82073964642937e-05	-0.0419510191681811	-0.00510558673975725	-0.00356157953116316
0.972717628952531	0.0272823710474690	54.6868743339113	0.0487843691322358	0.00114197370587473	-5.24550343246688e-05	-0.0409184068924353	-0.00534891177890711	-0.00353792219536898
0.972070778187083	0.0279292218129170	55.9834715563925	0.0477872338262562	0.00133331734716054	-4.73694628435946e-05	-0.0399380086732176	-0.00555610377881580	-0.00351036994639381
0.971416624612461	0.0285833753875390	57.2947070889709	0.0468277435615324	0.00149944587050807	-4.28853906335637e-05	-0.0390058093073747	-0.00573077535887606	-0.00347929795472607
0.970755179223280	0.0292448207767200	58.6205588931983	0.0459041505131323	0.00164251435034790	-3.88838382642207e-05	-0.0381180452716022	-0.00587657733213087	-0.00344507127748490
0.970086453122898	0.0299135468771020	59.9610047126533	0.0450147529263676	0.00176446157731918	-3.52167593548641e-05	-0.0372719533172779	-0.00599632339289106	-0.00340803739412782
0.969410457523182	0.0305895424768180	61.3160220734107	0.0441577790547401	0.00186697551487516	-3.18172509450714e-05	-0.0364657590020690	-0.00609166899936943	-0.00336850015800941
0.968727203744291	0.0312727962557090	62.6855882844768	0.0433314165697549	0.00195166337346119	-2.87318979412551e-05	-0.0356979424915107	-0.00616364579310176	-0.00332674896782446
0.968036703214443	0.0319632967855570	64.0696804382560	0.0425339218818822	0.00202009193350405	-2.60344529128496e-05	-0.0349665682891113	-0.00621344173575183	-0.00328306231548632
0.967338967469691	0.0326610325303091	65.4682754110003	0.0417637095136682	0.00207359666648017	-2.36971320699150e-05	-0.0342690745804347	-0.00624279451100225	-0.00323771956314751
0.966634008153692	0.0333659918463080	66.8813498632711	0.0410193186362790	0.00211316402739419	-2.15757121273795e-05	-0.0336028726040103	-0.00625351781430905	-0.00319098508794747
0.965921837017476	0.0340781629825240	68.3088802404045	0.0402992693786357	0.00213965297972517	-1.95692972778510e-05	-0.0329664619020068	-0.00624664189177737	-0.00314310404647836
0.965202465919214	0.0347975340807860	69.7508427729737	0.0396020138016717	0.00215422191768241	-1.77198131607797e-05	-0.0323590433713269	-0.00622270355957767	-0.00309426285814851
0.964475906823987	0.0355240931760130	71.2072134772541	0.0389260764444885	0.00215833801572730	-1.60911786391895e-05	-0.0317792571756025	-0.00618272045378151	-0.00304461967035976
0.963742171803546	0.0362578281964540	72.6779681557030	0.0382701657960091	0.00215334661489416	-1.46644706063063e-05	-0.0312253807925991	-0.00612812510249529	-0.00299433281935262
0.963001273036081	0.0369987269639190	74.1630823974240	0.0376331610779214	0.00214033535369898	-1.33895246126424e-05	-0.0306959633377080	-0.00606036687788260	-0.00294355167565228
0.962253222805982	0.0377467771940180	75.6625315786442	0.0370140999884155	0.00212034579060947	-1.22421653953076e-05	-0.0301893380336102	-0.00598121096247259	-0.00289241957443687
0.961498033503598	0.0385019664964020	77.1762908631996	0.0364121502873589	0.00209449079917150	-1.12258072631491e-05	-0.0297034603576411	-0.00589275746282630	-0.00284109725727199
0.960735717625002	0.0392642823749980	78.7043352030038	0.0358265416094837	0.00206377374297064	-1.03450777443715e-05	-0.0292364211292671	-0.00579683436544207	-0.00278972782419570
0.959966287771743	0.0400337122282570	80.2466393385470	0.0352565235195710	0.00202897224436178	-9.58135357341966e-06	-0.0287868506573771	-0.00569469509228815	-0.00273843155284330
0.959189756650610	0.0408102433493900	81.8031777993678	0.0347013776119267	0.00199098616576227	-8.91409079548498e-06	-0.0283537334812700	-0.00558759772129867	-0.00268729214747470
0.958406137073383	0.0415938629266170	83.3739249045533	0.0341604652685492	0.00195095915291253	-8.32614633219626e-06	-0.0279353168868276	-0.00547751371065844	-0.00263639326039471
0.957615441956593	0.0423845580434070	84.9588547632190	0.0336331904018954	0.00190978874033056	-7.77929580657221e-06	-0.0275293069708785	-0.00536651998790605	-0.00258584818121589
0.956817684321269	0.0431823156787310	86.5579412750172	0.0331188936317135	0.00186786260719649	-7.21729504600607e-06	-0.0271344241697519	-0.00525560961286081	-0.00253573265041847
0.956012877292696	0.0439871227073040	88.1711581306212	0.0326168403896780	0.00182523185624136	-6.60851246650798e-06	-0.0267505925146689	-0.00514465628415321	-0.00248607160797049
0.955201034100165	0.0447989658998350	89.7984788122269	0.0321263292420727	0.00178195975367287	-5.99570460583771e-06	-0.0263779482676056	-0.00503324422678296	-0.00243689448124785
0.954382168076720	0.0456178319232800	91.4398765940592	0.0316468205017124	0.00173825686271077	-5.47485733318884e-06	-0.0260162377221953	-0.00492127010973738	-0.00238826079076214
0.953556292658908	0.0464437073410920	93.0953245428747	0.0311779976652059	0.00169441721044760	-5.11575815053589e-06	-0.0256648043078552	-0.00480892289467976	-0.00234024227272865
0.952723421386529	0.0472765786134710	94.7647955184606	0.0307196935392060	0.00165046811880841	-4.90258794529076e-06	-0.0253233505860828	-0.00469600219053385	-0.00229292902803483
0.951883567902379	0.0481164320976210	96.4482621741517	0.0302717264851311	0.00160589616259547	-4.75039429094514e-06	-0.0249922629819790	-0.00458153820145789	-0.00224638606162188
0.951036745951995	0.0489632540480049	98.1456969573408	0.0298338125571618	0.00155998148486124	-4.58329165073012e-06	-0.0246718666360568	-0.00446447214062806	-0.00220063728344397
0.950182969383401	0.0498170306165990	99.8570721099882	0.0294056157405199	0.00151245959895427	-4.34460295191143e-06	-0.0243617663444845	-0.00434465061375508	-0.00215570461563122
0.949322252146848	0.0506777478531520	101.582359669142	0.0289867464943227	0.00146361216122537	-3.96541424944974e-06	-0.0240610117439848	-0.00422287924618976	-0.00211162200152685
0.948454608294556	0.0515453917054440	103.321531467455	0.0285766955178452	0.00141388640483078	-3.45220661398680e-06	-0.0237688467507669	-0.00410004395768922	-0.00206835955997266
0.947580051980455	0.0524199480195450	105.074559133707	0.0281749044914651	0.00136392180136072	-2.96969412097131e-06	-0.0234849117892641	-0.00397672604755032	-0.00202586766332594
0.946698597459924	0.0533014025400760	106.841414093324	0.0277810312957694	0.00131451092609712	-2.70527750596064e-06	-0.0232086547135190	-0.00385358513178328	-0.00198413674041601
0.945810259089527	0.0541897409104730	108.622067568910	0.0273950855575588	0.00126603079775055	-2.66378073212903e-06	-0.0229390731370412	-0.00373140477787060	-0.00194324199751618
0.944915051326751	0.0550849486732490	110.416490580770	0.0270171865515703	0.00121828190659764	-2.71302284460278e-06	-0.0226753187767795	-0.00361071743330989	-0.00190323248577432
0.944012988729740	0.0559870112702600	112.224653947444	0.0266473231288159	0.00117081717211926	-2.73815473120495e-06	-0.0224166693247088	-0.00349191611052947	-0.00186410127716698
0.943104085957032	0.0568959140429680	114.046528286238	0.0262853214320547	0.00112318525895038	-2.68776679611931e-06	-0.0221622409812611	-0.00337548927686168	-0.00182584146948857
0.942188357767289	0.0578116422327110	115.882084013757	0.0259308660833434	0.00107531993655471	-2.58564878921532e-06	-0.0219114881232096	-0.00326184560466107	-0.00178841632699181
0.941265819019031	0.0587341809809691	117.731291346448	0.0255835949105071	0.00102776636437050	-2.48301349548093e-06	-0.0216640319004779	-0.00315147784352640	-0.00175178782140715
0.940336484670365	0.0596635153296350	119.594120301132	0.0252432182549587	0.000981275090550945	-2.38229559367054e-06	-0.0214192958293762	-0.00304511091328461	-0.00171594147113668
0.939400369778716	0.0605996302212840	121.470540695556	0.0249095744693250	0.000936057502014741	-2.23507233408969e-06	-0.0211772315111780	-0.00294297055432214	-0.00168089318101488
0.938457489500555	0.0615425104994450	123.360522148928	0.0245825963033863	0.000891712806802365	-2.01239782728449e-06	-0.0209384949436660	-0.00284445744315310	-0.00164666125413793
0.937507859091128	0.0624921409088720	125.264034082463	0.0242622200236366	0.000847753931322866	-1.77363585634021e-06	-0.0207035636899258	-0.00274881066264121	-0.00161322436051715
0.936551493904178	0.0634485060958220	127.181045719944	0.0239483836621690	0.000803998837930404	-1.60889929458941e-06	-0.0204727332819834	-0.00265544681988788	-0.00158055364581736
0.935588409391676	0.0644115906083240	129.111526088255	0.0236410786714027	0.000760391508737205	-1.53135256214377e-06	-0.0202461558258453	-0.00256406907940544	-0.00154865564241472
0.934618621103541	0.0653813788964590	131.055444017949	0.0233403079575580	0.000716942823580543	-1.49716839072653e-06	-0.0200235159379282	-0.00247485559781236	-0.00151752758910827
0.933642144687362	0.0663578553126381	133.012768143800	0.0230460004201191	0.000673809548928782	-1.45267006491490e-06	-0.0198042880788254	-0.00238822479521207	-0.00148716735187471
0.932658995888126	0.0673410041118741	134.983466905348	0.0227579000776408	0.000630985559971164	-1.35852265105895e-06	-0.0195879229063801	-0.00230442131599723	-0.00145758454335029
0.931669190547931	0.0683308094520690	136.967508547480	0.0224755232686055	0.000588400240943946	-1.22672170223493e-06	-0.0193741870386639	-0.00222327680692349	-0.00142876226853190
0.930672744605713	0.0693272553942870	138.964861120972	0.0221983309750196	0.000546310232888206	-1.08738297172481e-06	-0.0191632488085481	-0.00214434624290768	-0.00140066873364072
0.929669674096957	0.0703303259030430	140.975492483068	0.0219258712712457	0.000505260739571583	-9.65923818740476e-07	-0.0189555420297943	-0.00206715221553157	-0.00137328793694265
0.928659995153424	0.0713400048465760	142.999370298032	0.0216577981184053	0.000465809949128405	-8.89384652194183e-07	-0.0187514625625879	-0.00199137365601232	-0.00134660651124027
0.927643724002858	0.0723562759971420	145.036462037730	0.0213938575721968	0.000428230884833284	-8.57544066811836e-07	-0.0185509607182604	-0.00191690157637654	-0.00132061353123798
0.926620876968707	0.0733791230312930	147.086734982193	0.0211338462704901	0.000392514376993190	-8.61724843686046e-07	-0.0183539607013946	-0.00184373062802776	-0.00129526231088764
0.925591470469839	0.0744085295301610	149.150156220185	0.0208776726412107	0.000358872852962216	-8.98837234486947e-07	-0.0181603664259687	-0.00177225314046355	-0.00127050661271671
0.924555521020249	0.0754444789797510	151.226692649788	0.0206253958357754	0.000327867269326110	-9.47975474433504e-07	-0.0179698422897157	-0.00170343506084805	-0.00124633802233389
0.923513045228779	0.0764869547712210	153.316310978967	0.0203771498383218	0.000299769783465805	-9.72253969926225e-07	-0.0177818313716967	-0.00163838141559900	-0.00122273953562785
0.922464059798821	0.0775359402011790	155.418977726165	0.0201331154273600	0.000274230982355517	-9.40910653952585e-07	-0.0175954588484971	-0.00157781528548603	-0.00119968249671709
0.921408581528037	0.0785914184719631	157.534659220860	0.0198934858123689	0.000250239901557027	-8.62599862313195e-07	-0.0174102728579861	-0.00152149615150157	-0.00117716634706936
0.920346627308059	0.0796533726919410	159.663321604171	0.0196583886169441	0.000226472106208400	-7.72976600703195e-07	-0.0172265552483467	-0.00146821440087955	-0.00115520535833441
0.919278214124205	0.0807217858757950	161.804930829428	0.0194278060866467	0.000202068845571768	-6.86505740333359e-07	-0.0170451429218759	-0.00141637126583886	-0.00113379887038325
0.918203359055181	0.0817966409448190	163.959452662761	0.0192015498572881	0.000176735697534680	-6.08087064885528e-07	-0.0168671888296467	-0.00136460133731805	-0.00111290593035131
0.917122079272789	0.0828779207272110	166.126852683697	0.0189793899737499	0.000150735267742757	-5.52583859413618e-07	-0.0166929904292455	-0.00131251935336751	-0.00109250634345010
0.916034392041636	0.0839656079583641	168.307096285735	0.0187611369200129	0.000124555037675139	-5.21109669090579e-07	-0.0165218880314700	-0.00126072272070522	-0.00107260695223149
0.914940314718831	0.0850596852811690	170.500148676956	0.0185465962439453	9.85214742261889e-05	-5.03694545236741e-07	-0.0163528909891366	-0.00121022551984600	-0.00105318010101196
0.913839864753694	0.0861601352463060	172.705974880605	0.0183355992825657	7.30043984779818e-05	-4.91889157751203e-07	-0.0161852629226918	-0.00116188536171538	-0.00103418959747610
0.912733059687460	0.0872669403125400	174.924539735690	0.0181281139459088	4.83495100335804e-05	-4.87318118450624e-07	-0.0160187433704162	-0.00111624618936027	-0.00101563045398145
0.911619917152973	0.0883800828470270	177.155807897585	0.0179242950821139	2.48773528899926e-05	-5.01557365383502e-07	-0.0158527359106778	-0.00107401181180824	-0.000997520247178065
0.910500454874393	0.0894995451256070	179.399743838626	0.0177243265466909	2.93795809883761e-06	-5.32272780637308e-07	-0.0156868185311769	-0.00103570398914375	-0.000979861548367223
0.909374690666895	0.0906253093331050	181.656311848714	0.0175282116157509	-1.74890489097819e-05	-5.51974062117295e-07	-0.0155214734490958	-0.00100094609184193	-0.000962613944771232
0.908242642436366	0.0917573575636340	183.925476035916	0.0173357648958767	-3.70762281632614e-05	-5.31435728861761e-07	-0.0153575792591506	-0.000968748746146595	-0.000945751325525517
0.907104328179100	0.0928956718209000	186.207200327081	0.0171467860007886	-5.66582298263391e-05	-4.79394657334009e-07	-0.0151956874864647	-0.000938190910351314	-0.000929259219512463
0.905959765981502	0.0940402340184980	188.501448468436	0.0169612266046989	-7.68287711016009e-05	-4.18218817698891e-07	-0.0150361069759932	-0.000908476182815642	-0.000913162813997780
0.904808974019777	0.0951910259802230	190.808184026200	0.0167791108040824	-9.80668073162455e-05	-3.47134642227927e-07	-0.0148791568241300	-0.000878805877495501	-0.000897495090880346
0.903651970559629	0.0963480294403710	193.127370387200	0.0166003365469890	-0.000120254746250539	-2.67385676388354e-07	-0.0147247536110151	-0.000848951114467524	-0.000882251545741313
0.902488773955955	0.0975112260440451	195.458970759472	0.0164246649300354	-0.000142593251138726	-1.96404915087256e-07	-0.0145723834140161	-0.000819395356227528	-0.000867414937197275
0.901319402652534	0.0986805973474660	197.802948172894	0.0162518028918647	-0.000164220488360829	-1.62335657101658e-07	-0.0144219349482246	-0.000790612976343097	-0.000852960352964400
0.900143875181723	0.0998561248182770	200.159265479790	0.0160815043329212	-0.000184415539377647	-1.84817287008143e-07	-0.0142735531134427	-0.000762907148532427	-0.000838847892591599
0.898962210164150	0.101037789835850	202.527885355546	0.0159136722354346	-0.000202828808411300	-2.42254091631316e-07	-0.0141272388888172	-0.000736651695847800	-0.000825064641535293
0.897774426308399	0.102225573691601	204.908770299244	0.0157483382748202	-0.000219489355590344	-2.79949609468073e-07	-0.0139828758162721	-0.000712232089580532	-0.000811605539421842
0.896580542410705	0.103419457589295	207.301882634271	0.0155855773581788	-0.000234667432052443	-2.53539179021058e-07	-0.0138404528956983	-0.000689719040106939	-0.000798464822517811
0.895380577354638	0.104619422645362	209.707184508952	0.0154254182972827	-0.000248868276467643	-1.70617103903904e-07	-0.0137003694685964	-0.000668512568030223	-0.000785633689609280
0.894174550110796	0.105825449889204	212.124637897167	0.0152677963620402	-0.000262508990273057	-9.55508168323599e-08	-0.0135630713859024	-0.000647789423023828	-0.000773111061986081
0.892962479736486	0.107037520263514	214.554204598992	0.0151126026920271	-0.000275458790933068	-8.70671406739872e-08	-0.0134283992416886	-0.000627458611556496	-0.000760890843687149
0.891744385375415	0.108255614624585	216.995846241312	0.0149597974705276	-0.000287216283299692	-1.29380160748793e-07	-0.0132957634817459	-0.000608258543232397	-0.000748947729982806
0.890520286257375	0.109479713742625	219.449524278461	0.0148094474167685	-0.000297497239460596	-1.64493594313346e-07	-0.0131646554874908	-0.000591011721600776	-0.000737251472737940
0.889290201697924	0.110709798302076	221.915199992853	0.0146616642392266	-0.000306301853085418	-1.67727260044473e-07	-0.0130346026553175	-0.000576257064226672	-0.000725790011740733
0.888054151098072	0.111945848901928	224.392834495619	0.0145164680993845	-0.000313804621603108	-1.40477540252619e-07	-0.0129050693455268	-0.000564340941669351	-0.000714561858031958
0.886812153943965	0.113187846056035	226.882388727234	0.0143736859468362	-0.000320378498829498	-8.54559463162755e-08	-0.0127758224037731	-0.000555239666108186	-0.000703539372686031
0.885564229806563	0.114435770193437	229.383823458167	0.0142330757436085	-0.000326384636884035	-2.69279544641292e-08	-0.0126473495895251	-0.000548263680466115	-0.000692704847214747
0.884310398341324	0.115689601658676	231.897099289514	0.0140945257184742	-0.000331873844673278	-1.37608852457106e-10	-0.0125204055778483	-0.000542505932422470	-0.000682075213695321
0.883050679287887	0.116949320712113	234.422176653628	0.0139580742483484	-0.000336682931124713	-1.78423063513710e-08	-0.0123954399080230	-0.000537408610663854	-0.000671671276143507
0.881785092469745	0.118214907530255	236.959015814784	0.0138238092272172	-0.000340773707109082	-7.03955606571276e-08	-0.0122726509209244	-0.000532683594366257	-0.000661484794333688
0.880513657793928	0.119486342206072	239.507576869804	0.0136918036199336	-0.000344323639604663	-1.21072822339432e-07	-0.0121519292319912	-0.000528145929446116	-0.000651520390988879
0.879236395250680	0.120763604749320	242.067819748712	0.0135620129348278	-0.000347597356762431	-1.23040069880979e-07	-0.0120331465316761	-0.000523535399992980	-0.000641783775000357
0.877953324913137	0.122046675086863	244.639704215377	0.0134342152422996	-0.000350674461810996	-6.67111276508456e-08	-0.0119166587333147	-0.000518467803460686	-0.000632252862547954
0.876664466937001	0.123335533062999	247.223189868166	0.0133081489286122	-0.000353415713965147	2.39060222662709e-08	-0.0118029680114931	-0.000512728333581559	-0.000622919223354048
0.875369841560218	0.124630158439782	249.818236140590	0.0131836098506320	-0.000355660502550832	1.02724568978356e-07	-0.0116920910889435	-0.000506337617196480	-0.000613792740880670
0.874069469102652	0.125930530897348	252.424802301957	0.0130604074937787	-0.000357256425913317	1.28102902013089e-07	-0.0115837475589000	-0.000499170573253072	-0.000604884782346102
0.872763369965759	0.127236630034241	255.042847458026	0.0129383211143314	-0.000358137216335345	1.09729775961468e-07	-0.0114781390378538	-0.000490756758679204	-0.000596191657431289
0.871451564632258	0.128548435367742	257.672330551666	0.0128171407875732	-0.000358207735271897	8.56547422110736e-08	-0.0113758457714567	-0.000480613151137662	-0.000587681852926192
0.870134073665809	0.129865926334191	260.313210363501	0.0126967799691762	-0.000357378244233059	7.68129000473550e-08	-0.0112769750377382	-0.000468669856815937	-0.000579329992066413
0.868810917710678	0.131189082289322	262.965445512584	0.0125773014790440	-0.000355752015121963	6.60624434977159e-08	-0.0111810923429148	-0.000455353772138693	-0.000571124994271182
0.867482117491414	0.132517882508586	265.628994457041	0.0124589086363525	-0.000353481549524305	3.32597567523326e-08	-0.0110870177470112	-0.000441802287581690	-0.000563067822670696
0.866147693812515	0.133852306187485	268.303815494742	0.0123418796909381	-0.000350957506078197	1.01979792601281e-08	-0.0109930623680704	-0.000429390847837546	-0.000555162962021546
0.864807667558100	0.135192332441900	270.989866763960	0.0122264227590763	-0.000348856977330460	2.70174798059491e-08	-0.0108988253583585	-0.000418470468878819	-0.000547403589916685
0.863462059691576	0.136537940308424	273.687106244036	0.0121126466216647	-0.000347543098830087	5.20056925954081e-08	-0.0108047243086047	-0.000408633487237166	-0.000539780833639353
0.862110891255308	0.137889108744692	276.395491756042	0.0120005797085473	-0.000346920018729428	5.25507438526084e-08	-0.0107107470244648	-0.000399492753694126	-0.000532288686011352
0.860754183370285	0.139245816629715	279.114980963450	0.0118901312355532	-0.000346930315598856	3.44807228205473e-08	-0.0106172608444418	-0.000390347171663385	-0.000524914895755732
0.859391957235788	0.140608042764212	281.845531372796	0.0117811351861991	-0.000347674006584112	1.64028719165652e-08	-0.0105249361119478	-0.000380288156930858	-0.000517660314805886
0.858024234129054	0.141975765870946	284.587100334358	0.0116734222279900	-0.000349224923534398	1.58950653287928e-08	-0.0104340170057042	-0.000368816878442049	-0.000510523891062550
0.856651035404942	0.143348964595058	287.339645042820	0.0115668868686310	-0.000351545918837077	1.91244231528983e-08	-0.0103445242665213	-0.000356101307020866	-0.000503495339437987
0.855272382495598	0.144727617504402	290.103122537946	0.0114615660397814	-0.000354189362503466	-5.84513917899757e-09	-0.0102561262712269	-0.000343156346690966	-0.000496586310896115
0.853888296910119	0.146111703089881	292.877489705256	0.0113576518522800	-0.000356550566122622	-4.77490530731177e-08	-0.0101679326362889	-0.000331568311459599	-0.000489818441351696
0.852498800234217	0.147501199765783	295.662703276695	0.0112554185946479	-0.000358343072295083	-5.38806621936745e-08	-0.0100793618468304	-0.000322502349622184	-0.000483220448872913
0.851103914129877	0.148896085870123	298.458719831321	0.0111550384585718	-0.000359666589700144	8.53706730435283e-09	-0.00999052267925916	-0.000316185120249118	-0.000476803467587321
0.849703660335026	0.150296339664974	301.265495795967	0.0110563757312622	-0.000360556335967247	1.09050700982858e-07	-0.00990191682001518	-0.000312137492045938	-0.000470565067341878
0.848298060663188	0.151701939336812	304.082987445936	0.0109590085516656	-0.000360748643120218	1.89485444054607e-07	-0.00981414998523986	-0.000309450514908228	-0.000464482889145578
0.846887137003148	0.153112862996852	306.911150905670	0.0108624987123208	-0.000360164389176925	2.11761366232135e-07	-0.00972752315628292	-0.000307119120826721	-0.000458520288029987
0.845470911318609	0.154529088681391	309.749942149440	0.0107666450807549	-0.000358909796463247	1.65854635637669e-07	-0.00964225675758942	-0.000304240686057277	-0.000452654457857454
0.844049405647854	0.155950594352146	312.599317002024	0.0106714854185122	-0.000356924959387471	8.64578300451551e-08	-0.00955883717778006	-0.000300131713929737	-0.000446893792438340
0.842622642103404	0.157377357896596	315.459231139390	0.0105770654154686	-0.000354147720367678	2.78961478633168e-08	-0.00947771591361286	-0.000294554561312578	-0.000441224596804018
0.841190642871674	0.158809357128326	318.329640089390	0.0104833855208130	-0.000350855524917147	2.27226600917706e-08	-0.00939891578180079	-0.000287774435162413	-0.000435613478422281
0.839753430212632	0.160246569787368	321.210499232439	0.0103905619848997	-0.000347506132181857	6.84804123794992e-08	-0.00932185643241729	-0.000280502223141693	-0.000430057569404050
0.838311026459455	0.161688973540545	324.101763802204	0.0102988147204167	-0.000344231021712248	1.23651574269001e-07	-0.00924574023382634	-0.000273756181664322	-0.000424571175315895
0.836863454018185	0.163136545981815	327.003388886301	0.0102084059818491	-0.000340804854408645	1.45337518264701e-07	-0.00916970187051180	-0.000268669508968525	-0.000419179474595939
0.835410735367385	0.164589264632615	329.915329426975	0.0101195823810287	-0.000336980403545127	1.19750502491055e-07	-0.00909336038203649	-0.000265826399293899	-0.000413904014674763
0.833952893057793	0.166047106942207	332.837540221799	0.0100324884396179	-0.000332743090891220	7.32685824758986e-08	-0.00901728593006309	-0.000264745806471964	-0.000408747123352358
0.832489949711976	0.167510050288024	335.769975924368	0.00994714550781163	-0.000328385904587455	4.75053227198812e-08	-0.00894205590382602	-0.000264585590852348	-0.000403705709782190
0.831021928023984	0.168978071976016	338.712591044989	0.00986347440209837	-0.000324222842306496	5.04749652445152e-08	-0.00886760839721921	-0.000264890694705612	-0.000398765431752353
0.829548850759004	0.170451149240996	341.665339951378	0.00978133625841629	-0.000320388338636145	7.10383138939474e-08	-0.00879375583953133	-0.000265498687821832	-0.000393930466997192
0.828070740753009	0.171929259246991	344.628176869360	0.00970048596316215	-0.000316851311949134	1.04079437028851e-07	-0.00872036433972217	-0.000266348145200936	-0.000389193061657773
0.826587620912413	0.173412379087587	347.601055883566	0.00962061891866197	-0.000313559095178217	1.37688755352804e-07	-0.00864749871981230	-0.000267289003105926	-0.000384521532243034
0.825099514213723	0.174900485786277	350.583930938125	0.00954160831829749	-0.000310467332369651	1.43473984655956e-07	-0.00857541916879805	-0.000268128482746462	-0.000379893990493802
0.823606443703183	0.176393556296817	353.576755837380	0.00946360787776667	-0.000307491042044319	1.07410666924102e-07	-0.00850392330445180	-0.000269054908476503	-0.000375325705966853
0.822108432496435	0.177891567503565	356.579484246567	0.00938685503077875	-0.000304732090803259	5.50759564289281e-08	-0.00843287812024183	-0.000270293115811292	-0.000370831990600853
0.820605503778156	0.179394496221844	359.592069692544	0.00931151222509601	-0.000302473677484954	2.83075979693918e-08	-0.00836258551518428	-0.000271758109581905	-0.000366415080280209
0.819097680801716	0.180902319198284	362.614465564475	0.00923765991786276	-0.000300784323315111	5.06181515852419e-08	-0.00829325444738616	-0.000273321716816607	-0.000362083438273102
0.817584986888823	0.182415013111177	365.646625114542	0.00916528796858093	-0.000299647409424233	1.02876244425923e-07	-0.00822501868605233	-0.000274742772995869	-0.000357837499315578
0.816067445429171	0.183932554570829	368.688501458650	0.00909432807888960	-0.000299231245927279	1.44900128554396e-07	-0.00815813763629738	-0.000275474790760731	-0.000353686357056550
0.814545079880086	0.185454920119914	371.740047577140	0.00902462765412540	-0.000299621592775817	1.53141834345760e-07	-0.00809272963602474	-0.000275110511061632	-0.000349633395389814
0.813017913766177	0.186982086233823	374.801216315481	0.00895591808825033	-0.000300457247424988	1.27069990949624e-07	-0.00802841360629062	-0.000274021408600031	-0.000345645928417586
0.811485970678974	0.188514029321026	377.871960385006	0.00888797825315376	-0.000301177932474461	9.16146011584601e-08	-0.00796458272003442	-0.000273222305495682	-0.000341704807731702
0.809949274276582	0.190050725723418	380.952232363594	0.00882073292536990	-0.000301123598501761	8.11205829384043e-08	-0.00790068074209816	-0.000273910438431558	-0.000337820473863010
0.808407848283322	0.191592151716678	384.041984696402	0.00875419424918770	-0.000299740915259287	9.98393624755730e-08	-0.00783631117210769	-0.000276970581326520	-0.000333995390797369
0.806861716489375	0.193138283510625	387.141169696567	0.00868847921119388	-0.000296984382202170	1.21400435173188e-07	-0.00777157113726263	-0.000282449773419263	-0.000330247154659465
0.805310902750428	0.194689097249572	390.249739545922	0.00862370721817571	-0.000293279740022956	1.27201803811556e-07	-0.00770673696147412	-0.000289679611499435	-0.000326599903969042
0.803755430987315	0.196244569012685	393.367646295717	0.00855978175220032	-0.000289324641691495	1.23448241886284e-07	-0.00764190858798653	-0.000297859389949361	-0.000323044941242126
0.802195325185662	0.197804674814338	396.494841867325	0.00849645017297306	-0.000285738138799761	1.32249067883773e-07	-0.00757698037504184	-0.000306333740277717	-0.000319561792458717
0.800630609395529	0.199369390604471	399.631278052963	0.00843345210906192	-0.000282910027391566	1.60495862699128e-07	-0.00751238031928364	-0.000314175686369822	-0.000316143252196011
0.799061307731051	0.200938692268949	402.776906516412	0.00837055132677476	-0.000280943925108960	1.85665218512548e-07	-0.00744926904225687	-0.000320079845086001	-0.000312775372652471
0.797487444370081	0.202512555629919	405.931678793732	0.00830764807509731	-0.000279682530078744	1.90438173412114e-07	-0.00738822224759012	-0.000323202114128175	-0.000309463706489932
0.795909043553829	0.204090956446171	409.095546293985	0.00824478748923059	-0.000278913995946345	1.75774127816040e-07	-0.00732902971038864	-0.000323541248305413	-0.000306224799548830
0.794326129586505	0.205673870413495	412.268460299950	0.00818200686863030	-0.000278541307114790	1.59477947833913e-07	-0.00727150096079517	-0.000321449941387425	-0.000303051227706609
0.792738726834954	0.207261273165046	415.450371968856	0.00811932162179088	-0.000278720143265013	1.62444494061128e-07	-0.00721582417399020	-0.000317145939509887	-0.000299923331924593
0.791146859728301	0.208853140271699	418.641232333095	0.00805690766461536	-0.000279744772957886	1.67379491507327e-07	-0.00716187659385551	-0.000310987929078451	-0.000296829553259418
0.789550552757588	0.210449447242412	421.840992300945	0.00799512967277987	-0.000281595608977663	1.53425026347623e-07	-0.00710865093969966	-0.000303882707836504	-0.000293788119326349
0.787949830475412	0.212050169524588	425.049602657301	0.00793415959428784	-0.000283681063685729	1.41711053273694e-07	-0.00705549711521507	-0.000296802902255481	-0.000290806494972927
0.786344717495563	0.213655282504437	428.267014064396	0.00787377499891707	-0.000285182458292357	1.55640723262499e-07	-0.00700276709952694	-0.000290292176688597	-0.000287849482983280
0.784735238492660	0.215264761507340	431.493177062534	0.00781371816688118	-0.000285648260766325	1.78641032754486e-07	-0.00695099231420053	-0.000284525762508870	-0.000284882944491518
0.783121418201792	0.216878581798208	434.728042070808	0.00775403627715893	-0.000285002693151394	1.82101222335534e-07	-0.00690012259892785	-0.000279683140466157	-0.000281914810846905
0.781503281418153	0.218496718581847	437.971559387833	0.00769504608156018	-0.000283379862881591	1.70844020685477e-07	-0.00684939751440584	-0.000276215501158166	-0.000278985881958328
0.779880852996674	0.220119147003326	441.223679192479	0.00763706341703404	-0.000281070721243606	1.60136195648319e-07	-0.00679856991071859	-0.000274184349469257	-0.000276124678883097
0.778254157851668	0.221745842148332	444.484351544591	0.00758016782784307	-0.000278397178265582	1.53688994176154e-07	-0.00674837004362205	-0.000272876292415058	-0.000273322969399091
0.776623220956454	0.223376779043546	447.753526385733	0.00752430874354667	-0.000275780129473520	1.54214141187603e-07	-0.00669945478554951	-0.000271294844306671	-0.000270562462186621
0.774988067343000	0.225011932657000	451.031153539914	0.00746947725456532	-0.000273674062836940	1.57008035878125e-07	-0.00665237869120815	-0.000268500344398163	-0.000267840937092119
0.773348722101556	0.226651277898444	454.317182714312	0.00741570310750077	-0.000272310255660276	1.48541181545554e-07	-0.00660720465604597	-0.000264203522840182	-0.000265164107547658
0.771705210380286	0.228294789619714	457.611563500022	0.00736300479683388	-0.000271393316685198	1.32981430518011e-07	-0.00656333878159884	-0.000259030828289318	-0.000262556216236530
0.770057557384900	0.229942442615100	460.914245372789	0.00731124427380279	-0.000270391560097705	1.36012654341008e-07	-0.00652009965958921	-0.000253916472832400	-0.000260033390628630
0.768405788378293	0.231594211621707	464.225177693730	0.00726010691907408	-0.000268908844056025	1.60015905052579e-07	-0.00647714893472859	-0.000249524378729856	-0.000257574595002269
0.766749928680171	0.233250071319829	467.544309710087	0.00720936695528292	-0.000266665372965969	1.84646493509321e-07	-0.00643425089939392	-0.000246170842106000	-0.000255168410513771
0.765090003666690	0.234909996333310	470.871590555949	0.00715895604404151	-0.000263636188446941	2.05648293202524e-07	-0.00639150948224180	-0.000243653222020286	-0.000252822191085427
0.763426038770081	0.236573961229919	474.206969253005	0.00710878329930491	-0.000260072752457755	2.26320931286177e-07	-0.00634958835217184	-0.000241198131291747	-0.000250511540694230
0.761758059478287	0.238241940521713	477.550394711268	0.00705877818802623	-0.000256192473154654	2.32069048380939e-07	-0.00630926617321929	-0.000238106800447407	-0.000248201512826142
0.760086091334590	0.239913908665410	480.901815729829	0.00700913337615751	-0.000252041231102637	2.02706399860886e-07	-0.00627041578139197	-0.000234405674660821	-0.000245897279712131
0.758410159937245	0.241589840062755	484.261180997584	0.00696021606538933	-0.000247928141523814	1.51016389890959e-07	-0.00623202178410453	-0.000230480845992257	-0.000243631389973410
0.756730290939107	0.243269709060893	487.628439093985	0.00691219422782320	-0.000244544080792213	1.12015595574273e-07	-0.00619373138530489	-0.000226213234668175	-0.000241409079697986
0.755046510047264	0.244953489952736	491.003538489776	0.00686503170137052	-0.000242407804884427	1.05789272792807e-07	-0.00615551126947236	-0.000221404502335566	-0.000239220174183993
0.753358843022664	0.246641156977336	494.386427547739	0.00681865965935994	-0.000241699772691289	1.36757378516981e-07	-0.00611693762096007	-0.000216289324511228	-0.000237058839795934
0.751667315679746	0.248332684320254	497.777054523437	0.00677297987837046	-0.000242551322903649	1.82132222700827e-07	-0.00607784991263113	-0.000211072536539239	-0.000234927028325319
0.749971953886066	0.250028046113934	501.175367565957	0.00672788362596857	-0.000244826534304612	1.99842592992617e-07	-0.00603828973960483	-0.000205888134736844	-0.000232819940339548
0.748272783561929	0.251727216438071	504.581314718656	0.00668335121771939	-0.000247859289409240	1.80099854436504e-07	-0.00599792303427310	-0.000201219162729086	-0.000230741320698721
0.746569830680015	0.253430169319985	507.994843919903	0.00663944052704342	-0.000250795881396908	1.55134635959863e-07	-0.00595657329750814	-0.000197601057758056	-0.000228704201564290
0.744863121265005	0.255136878734995	511.415903003835	0.00659610607684598	-0.000253110436120612	1.47840869946839e-07	-0.00591464304251143	-0.000195289991175024	-0.000226697750946259
0.743152681393209	0.256847318606791	514.844439701099	0.00655312338948883	-0.000254570958325722	1.58632717242742e-07	-0.00587223776402189	-0.000194447018067782	-0.000224701169629300
0.741438537192197	0.258561462807803	518.280401639592	0.00651019552184367	-0.000255306960702028	1.92194834980105e-07	-0.00582967472280222	-0.000194729545483652	-0.000222704514264530
0.739720714840420	0.260279285159580	521.723736345222	0.00646712596533650	-0.000255751224907340	2.35553029255225e-07	-0.00578770175336208	-0.000195169483913295	-0.000220699607034085
0.737999240566837	0.262000759433163	525.174391242653	0.00642391701131247	-0.000256283385810588	2.54839065436792e-07	-0.00574681287340903	-0.000194834145359500	-0.000218694511066126
0.736274140650544	0.263725859349456	528.632313656054	0.00638069641214807	-0.000257008497103121	2.47187902032078e-07	-0.00570695086160507	-0.000193420741612370	-0.000216711397338629
0.734545441420397	0.265454558579603	532.097450809848	0.00633755930364892	-0.000257690866454185	2.30981254876512e-07	-0.00566762923418838	-0.000191435404606641	-0.000214760325836828
0.732813169254636	0.267186830745364	535.569749829470	0.00629454188913243	-0.000257747436267992	2.09212823830267e-07	-0.00562819071133434	-0.000189856875492166	-0.000212835024225114
0.731077350580513	0.268922649419487	539.049157742113	0.00625164493049865	-0.000256702007251443	1.94412457751576e-07	-0.00558838239715414	-0.000189269214250542	-0.000210938368230967
0.729338011873913	0.270661988126087	542.535621477484	0.00620880711965363	-0.000254658035383222	1.95511647710118e-07	-0.00554871750182134	-0.000189380252295544	-0.000209062630328474
0.727595179658981	0.272404820341019	546.029087868556	0.00616597974517470	-0.000251955882596672	2.01454933743969e-07	-0.00550969806072043	-0.000189722850216668	-0.000207187970026517
0.725848880507744	0.274151119492256	549.529503652322	0.00612327473494420	-0.000248787340499256	2.08059571697589e-07	-0.00547147196981475	-0.000190167194890683	-0.000205314521610446
0.724099141039733	0.275900858960267	553.036815470555	0.00608098265942872	-0.000245290642272297	2.11315520286834e-07	-0.00543400129525433	-0.000190798872793195	-0.000203462879024174
0.722345987921611	0.277654012078389	556.550969870553	0.00603945141605807	-0.000241737317829567	2.05294997462957e-07	-0.00539688952825527	-0.000192009640148896	-0.000201647914209650
0.720589447866790	0.279410552133210	560.071913305907	0.00599896211586666	-0.000238226455252973	1.99567906648368e-07	-0.00535944913552615	-0.000194434116676683	-0.000199878127823743
0.718829547635055	0.281170452364945	563.599592137254	0.00595957233003575	-0.000234732967449320	2.14224475133626e-07	-0.00532158238847316	-0.000198078987601240	-0.000198160651208157
0.717066314032193	0.282933685967807	567.133952633021	0.00592103473705042	-0.000231464694071366	2.45236923284808e-07	-0.00528422426500252	-0.000201697636517349	-0.000196496755421854
0.715299773909601	0.284700226090399	570.674940970212	0.00588300108609758	-0.000228672534334055	2.58388249290231e-07	-0.00524872020355301	-0.000203633428299391	-0.000194863442918179
0.713529954163921	0.286470045836079	574.222503235137	0.00584534705113945	-0.000226437864461571	2.43385483475446e-07	-0.00521539492641255	-0.000203428134419793	-0.000193241948767452
0.711756881736655	0.288243118263345	577.776585424185	0.00580820595385667	-0.000224686582877082	2.38460690306360e-07	-0.00518325585109372	-0.000202007770883485	-0.000191648033229030
0.709980583613783	0.290019416386217	581.337133444592	0.00577163381564127	-0.000223333827859513	2.75579684059325e-07	-0.00515141653401468	-0.000200344059817062	-0.000190094876802806
0.708201086825391	0.291798913174609	584.904093115182	0.00573543122887231	-0.000222335208758964	3.23938013289145e-07	-0.00511977264661574	-0.000198626670824855	-0.000188560756613725
0.706418418445287	0.293581581554713	588.477410167141	0.00569940353218014	-0.000221411606758666	3.28468596978031e-07	-0.00508861085231026	-0.000196695140402256	-0.000187035053806772
0.704632605590618	0.295367394409382	592.057030244781	0.00566354594692777	-0.000220098862601804	2.86902451656583e-07	-0.00505756348870674	-0.000195049602927183	-0.000185531296786810
0.702843675421498	0.297156324578502	595.642898906291	0.00562790530099224	-0.000217828786455787	2.49796938408518e-07	-0.00502588184657101	-0.000194739251079731	-0.000184058671861138
0.701051655140619	0.298948344859381	599.234961624511	0.00559240368356879	-0.000214270082284771	2.54554853224786e-07	-0.00499365132163011	-0.000196183006409481	-0.000182604948267472
0.699256571992876	0.300743428007124	602.833163787686	0.00555687013728741	-0.000209327679117003	2.81957429892135e-07	-0.00496154588347282	-0.000199083070802470	-0.000181146795546678
0.697458453264982	0.302541546735018	606.437450700238	0.00552122867090723	-0.000202706899938580	2.97995383325313e-07	-0.00492968422747759	-0.000203413395673231	-0.000179690617711635
0.695657326285088	0.304342673714912	610.047767583529	0.00548549946229602	-0.000194345649882763	3.01665039956099e-07	-0.00489781125917661	-0.000209353183190157	-0.000178253350969228
0.693853218422405	0.306146781577595	613.664059576615	0.00544964340205352	-0.000184742397908393	2.92547504964378e-07	-0.00486590790084778	-0.000216504956873977	-0.000176829618671746
0.692046157086815	0.307953842913185	617.286271737030	0.00541362811131498	-0.000174707702677498	2.65603730757047e-07	-0.00483403282407659	-0.000223838837969245	-0.000175412504377188
0.690236169728493	0.309763830271507	620.914349041539	0.00537751412542849	-0.000165323537356225	2.51947427388634e-07	-0.00480237001606012	-0.000230055840082617	-0.000174017164995293
0.688423283837527	0.311576716162473	624.548236386905	0.00534129247410445	-0.000157486727247947	2.68917147889362e-07	-0.00477151652665750	-0.000233921459005224	-0.000172639282528565
0.686607526943528	0.313392473056472	628.187878590667	0.00530493190502252	-0.000151335892706204	2.75232078991408e-07	-0.00474210391976804	-0.000234832837276092	-0.000171265514444806
0.684788926615254	0.315211073384746	631.833220391894	0.00526864918865295	-0.000146460398780390	2.43737686584777e-07	-0.00471415760665692	-0.000233141059305279	-0.000169910974991600
0.682967510460224	0.317032489539776	635.484206451961	0.00523280944462421	-0.000142288674144424	1.96894803788020e-07	-0.00468732561383650	-0.000229880568091277	-0.000168593480414777
0.681143306124333	0.318856693875667	639.140781355318	0.00519764880299296	-0.000138258276836372	1.65188951269761e-07	-0.00466086657963422	-0.000226376728769596	-0.000167315206216761
0.679316341291471	0.320683658708529	642.802889610255	0.00516324671437377	-0.000134010337617493	1.62446205189519e-07	-0.00463445869111570	-0.000223512844047027	-0.000166071602202713
0.677486643683139	0.322513356316861	646.470475649673	0.00512960195614737	-0.000129519962846100	1.76183327879790e-07	-0.00460834481024360	-0.000221359942760573	-0.000164855593028708
0.675654241058062	0.324345758941938	650.143483831856	0.00509663255668830	-0.000125037266663745	1.95039346334509e-07	-0.00458289674122466	-0.000219445607731601	-0.000163659994473955
0.673819161211805	0.326180838788195	653.821858441246	0.00506416210568667	-0.000120964140707313	2.16465367923327e-07	-0.00455834033734788	-0.000217278085007751	-0.000162475101979702
0.671981431976394	0.328018568023606	657.505543689196	0.00503203629607042	-0.000117289101700623	2.13516358541881e-07	-0.00453424145427083	-0.000214985366078764	-0.000161288496449134
0.670141081219921	0.329858918780079	661.194483714770	0.00500029769661380	-0.000113691476620532	1.76724372162048e-07	-0.00450981560741329	-0.000213149331057744	-0.000160111495101851
0.668298136846168	0.331701863153832	664.888622585488	0.00496920055320324	-0.000110307788608830	1.41783835493114e-07	-0.00448466414018924	-0.000212060716289826	-0.000158970471515508
0.666452626794218	0.333547373205782	668.587904298113	0.00493900075619838	-0.000107630847288049	1.35027939173489e-07	-0.00445871117035520	-0.000211545957510075	-0.000157890135852735
0.664604579038068	0.335395420961932	672.292272779423	0.00490965871993313	-0.000106055078109560	1.57966989202639e-07	-0.00443212848691452	-0.000211081816336153	-0.000156874152067889
0.662754021586245	0.337245978413755	676.001671886981	0.00488074244242770	-0.000105671716491564	1.92166180332883e-07	-0.00440579435131438	-0.000209682687837265	-0.000155886843819944
0.660900982481420	0.339099017518580	679.716045409907	0.00485174822024532	-0.000106262200189547	2.11656981003816e-07	-0.00438041491514817	-0.000206587751500683	-0.000154891958923509
0.659045489800021	0.340954510199979	683.435337069661	0.00482247913271146	-0.000107512034500410	2.19121872442826e-07	-0.00435568379127729	-0.000202018295254468	-0.000153898628871882
0.657187571651847	0.342812428348153	687.159490520807	0.00479299166045398	-0.000109097999319104	2.24867249591010e-07	-0.00433131575813663	-0.000196670489472282	-0.000152919757613394
0.655327256179680	0.344672743820320	690.888449351798	0.00476340587236878	-0.000110477727514649	2.24508332470664e-07	-0.00430719968179954	-0.000191231437076394	-0.000151959619760472
0.653464571558901	0.346535428441099	694.622157085742	0.00473374052332892	-0.000111028532963256	2.14860181332527e-07	-0.00428337201000241	-0.000186178541257110	-0.000151015477796558
0.651599545997100	0.348400454002900	698.360557181184	0.00470389335269878	-0.000110260103740359	2.00262389302975e-07	-0.00425970460650190	-0.000182098418784316	-0.000150069193724060
0.649732207733689	0.350267792266311	702.103593032884	0.00467384947772665	-0.000107833315072097	1.92653693071256e-07	-0.00423519441725272	-0.000180089689321337	-0.000149116360949475
0.647862585039518	0.352137414960482	705.851207972585	0.00464371101319990	-0.000103601738012326	1.87213887552425e-07	-0.00420930703794241	-0.000180867989232960	-0.000148151207770959
0.645990706216481	0.354009293783519	709.603345269802	0.00461359969747564	-9.75940974250297e-05	1.76213987785115e-07	-0.00418273635809181	-0.000184120693954154	-0.000147163628756100
0.644116599597133	0.355883400402867	713.359948132593	0.00458364462821733	-9.02738147181465e-05	1.70832604878663e-07	-0.00415627723590040	-0.000189136917078359	-0.000146142499394441
0.642240293544303	0.357759706455697	717.120959708329	0.00455403392877590	-8.21640785944293e-05	1.72474593044125e-07	-0.00412981821209271	-0.000195662700714231	-0.000145098278662999
0.640361816450700	0.359638183549300	720.886323084491	0.00452497212232923	-7.34790871305259e-05	1.79448599788792e-07	-0.00410249348855855	-0.000203931872990854	-0.000144065139298752
0.638481196738528	0.361518803261472	724.655981289436	0.00449648671879803	-6.43878282849641e-05	1.90872813614939e-07	-0.00407404050504026	-0.000213921304120897	-0.000143055619168246
0.636598462859101	0.363401537140899	728.429877293169	0.00446844557942616	-5.49339880721059e-05	2.01154640597060e-07	-0.00404518102904859	-0.000225109334492528	-0.000142061042091113
0.634713643292444	0.365286356707556	732.207954008149	0.00444075564955747	-4.51412390474751e-05	2.07186917706084e-07	-0.00401659773082564	-0.000236982886471441	-0.000141076357654895
0.632826766546916	0.367173233453084	735.990154290035	0.00441350713350169	-3.52437890579996e-05	1.99341131473740e-07	-0.00398825760207405	-0.000249295051252059	-0.000140095036332080
0.630937861158812	0.369062138841188	739.776420938493	0.00438696408109815	-2.56995713604013e-05	1.76661321813067e-07	-0.00396002425972907	-0.000261678680690764	-0.000139127689434757
0.629046955691977	0.370953044308023	743.566696697964	0.00436132089809487	-1.71516628462439e-05	1.57085826776554e-07	-0.00393205398062646	-0.000273492290651079	-0.000138175890794495
0.627154078737417	0.372845921262583	747.360924258445	0.00433663705936342	-1.03041699844534e-05	1.61058425576786e-07	-0.00390436037074913	-0.000284147231160936	-0.000137235264998544
0.625259258912909	0.374740741087091	751.159046256272	0.00431288355407310	-5.72176258063755e-06	1.86473250714034e-07	-0.00387718907556686	-0.000293022254283245	-0.000136321137337734
0.623362524862608	0.376637475137392	754.961005274907	0.00428988680515203	-3.41719441653669e-06	2.04124187641544e-07	-0.00385099692246857	-0.000299710991067965	-0.000135435583875437
0.621463905256663	0.378536094743337	758.766743845706	0.00426740281177310	-2.77833246534653e-06	2.03534454872635e-07	-0.00382556895569346	-0.000304496463251080	-0.000134571386731849
0.619563428790820	0.380436571209180	762.576204448719	0.00424519175963100	-3.26768488918253e-06	2.02352235806595e-07	-0.00380084413335166	-0.000307585300166483	-0.000133713892167861
0.617661124186036	0.382338875813964	766.389329513459	0.00422306263759588	-4.68822866483796e-06	2.08121883131534e-07	-0.00377718452776148	-0.000308808333517102	-0.000132845364175551
0.615757020188090	0.384242979811910	770.206061419685	0.00420095581580374	-6.80799686258006e-06	2.15376836169388e-07	-0.00375442399687626	-0.000308457020414318	-0.000131969324927442
0.613851145567186	0.386148854432814	774.026342498197	0.00417887937526012	-9.17352791533199e-06	2.19079046139735e-07	-0.00373202519092062	-0.000307400726604654	-0.000131100770193992
0.611943529117567	0.388056470882433	777.850115031607	0.00415681556383559	-1.10650136634292e-05	2.11139871913203e-07	-0.00370963981273763	-0.000306625726451927	-0.000130243930486687
0.610034199657126	0.389965800342874	781.677321255124	0.00413477799512901	-1.19364530945134e-05	1.95346829616597e-07	-0.00368719937026165	-0.000306760788466902	-0.000129393316826862
0.608123186027007	0.391876813972993	785.507903357349	0.00411285182738322	-1.20120957566550e-05	1.88348066182701e-07	-0.00366500044736082	-0.000307698970338754	-0.000128548241370612
0.606210517091221	0.393789482908779	789.341803481049	0.00409114758773344	-1.16825308203385e-05	1.98691933454863e-07	-0.00364330229079543	-0.000308989889750623	-0.000127710432849672
0.604296221736254	0.395703778263746	793.178963723937	0.00406972686538306	-1.10078676126299e-05	2.27994318955493e-07	-0.00362210281741683	-0.000310509266138320	-0.000126881630374771
0.602380328870669	0.397619671129331	797.019326139476	0.00404854008014580	-9.71422267276654e-06	2.54811543449349e-07	-0.00360131724783963	-0.000312497626824862	-0.000126053991494515
0.600462867424722	0.399537132575278	800.862832737644	0.00402753889050687	-7.46821168741148e-06	2.44948615477933e-07	-0.00358097491135519	-0.000315064341956305	-0.000125223331236337
0.598543866349968	0.401456133650032	804.709425485727	0.00400682236712674	-4.38911916449348e-06	2.11344712317026e-07	-0.00356138826707024	-0.000317745973031654	-0.000124410526192019
0.596623354618864	0.403376645381136	808.559046309114	0.00398653684833274	-1.05840608361880e-06	1.99309992649071e-07	-0.00354311614155677	-0.000319753832772868	-0.000123633955988917
0.594701361224385	0.405298638775615	812.411637092063	0.00396672439812005	2.06526448908809e-06	2.12439822181918e-07	-0.00352635786989528	-0.000320602860290847	-0.000122894776016467
0.592777915179627	0.407222084820373	816.267139678503	0.00394731587761212	4.89840727232968e-06	2.25409079723182e-07	-0.00351096226030167	-0.000320178161772418	-0.000122186829032289
0.590853045517412	0.409146954482588	820.125495872822	0.00392814269058551	7.49295853408417e-06	2.37066810802203e-07	-0.00349648672017302	-0.000318842247526445	-0.000121485771210114
0.588926781289904	0.411073218710096	823.986647440637	0.00390900642152173	1.00626317828716e-05	2.48942014496330e-07	-0.00348198152579642	-0.000317556076237919	-0.000120762295297074
0.586999151568207	0.413000848431793	827.850536109599	0.00388982922555574	1.29191129615837e-05	2.46716967120943e-07	-0.00346679010140482	-0.000317204031632216	-0.000120011510744477
0.585070185441979	0.414929814558021	831.717103570172	0.00387067454984500	1.63895284527474e-05	2.31520821041300e-07	-0.00345060545898059	-0.000318365965997801	-0.000119251746152125
0.583139912019037	0.416860087980963	835.586291476415	0.00385162444617505	2.06758226944466e-05	2.29444188178522e-07	-0.00343317510441947	-0.000321376775600030	-0.000118502222506565
0.581208360424962	0.418791639575038	839.458041446785	0.00383263648291059	2.56492870703887e-05	2.56687558088240e-07	-0.00341493507913654	-0.000325902044330218	-0.000117769449712444
0.579275559802708	0.420724440197292	843.332295064911	0.00381359691496193	3.09317126103890e-05	2.86107379408129e-07	-0.00339667994196461	-0.000331163730514138	-0.000117050651002098
0.577341539312211	0.422658460687789	847.208993880384	0.00379451503758794	3.63905044205102e-05	2.85831602880152e-07	-0.00337854933015984	-0.000336651790105866	-0.000116358815132043
0.575406328129989	0.424593671870011	851.088079409556	0.00377546657270617	4.20115631275606e-05	2.67121135516659e-07	-0.00336044259734864	-0.000342092667126255	-0.000115693901750506
0.573469955448758	0.426530044551242	854.969493136312	0.00375650716667418	4.76116454225954e-05	2.51921789958942e-07	-0.00334237433572942	-0.000347298829903324	-0.000115042111112064
0.571532450477029	0.428467549522971	858.853176512875	0.00373773843126347	5.27503352540161e-05	2.43350280594068e-07	-0.00332408199370539	-0.000352171590237499	-0.000114407498879416
0.569593842438720	0.430406157561280	862.739070960585	0.00371922094529325	5.67668226815855e-05	2.47379560815475e-07	-0.00330541163319458	-0.000356449221504459	-0.000113799048803885
0.567654160572763	0.432345839427237	866.627117870686	0.00370084537050796	5.94113495965302e-05	2.68793734369945e-07	-0.00328664260564077	-0.000359802860671190	-0.000113197798243797
0.565713434132707	0.434286565867293	870.517258605125	0.00368245464682064	6.09688188086747e-05	2.92078025136030e-07	-0.00326794680748773	-0.000362281870216406	-0.000112583343490877
0.563771692386322	0.436228307613678	874.409434497342	0.00366401350508722	6.18590261155161e-05	2.99828368375339e-07	-0.00324909213566826	-0.000364375838893117	-0.000111966200107944
0.561828964615215	0.438171035384785	878.303586853040	0.00364555370817310	6.24933884456939e-05	2.96013863776516e-07	-0.00322991298334875	-0.000366461576449265	-0.000111362223085538
0.559885280114424	0.440114719885576	882.199656951001	0.00362703602263398	6.29590392500387e-05	2.91877691352929e-07	-0.00321075184406755	-0.000368238355872795	-0.000110770230256701
0.557940668192031	0.442059331807969	886.097586043861	0.00360836544696064	6.30681257106800e-05	2.82505176236095e-07	-0.00319222151385379	-0.000368981187266261	-0.000110178890516987
0.555995158168766	0.444004841831234	889.997315358903	0.00358949995380274	6.29236493709318e-05	2.67599403752410e-07	-0.00317440934208117	-0.000368527914917632	-0.000109592486034919
0.554048779377611	0.445951220622389	893.898786098850	0.00357042098776300	6.29865211728405e-05	2.60095939643960e-07	-0.00315695149381424	-0.000367549770354015	-0.000109010489118591
0.552101561163411	0.447898438836589	897.801939442648	0.00355109659454099	6.37318671724095e-05	2.64482779982959e-07	-0.00313963500242896	-0.000366863634690229	-0.000108420578401324
0.550153532882470	0.449846467117530	901.706716546272	0.00353154198404743	6.53919686272640e-05	2.72584121193170e-07	-0.00312227283341849	-0.000366962709759537	-0.000107821759802474
0.548204723902166	0.451795276097834	905.613058543500	0.00351182822244470	6.79392659836364e-05	2.70072159302150e-07	-0.00310487162759304	-0.000367854693336359	-0.000107208699353218
0.546255163600551	0.453744836399449	909.520906546714	0.00349208849526631	7.11690222713079e-05	2.60123106764311e-07	-0.00308764601073033	-0.000369138171554211	-0.000106589348860147
0.544304881365957	0.455695118634043	913.430201647691	0.00347243353890257	7.45299462831417e-05	2.61616867411605e-07	-0.00307109518251386	-0.000369980797810784	-0.000105984926973103
0.542353906596604	0.457646093403396	917.340884918386	0.00345283216246025	7.74141270694821e-05	2.78036606907143e-07	-0.00305579953020307	-0.000369358939182998	-0.000105391729742833
0.540402268700200	0.459597731299800	921.252897411737	0.00343320007822979	7.95213655873423e-05	2.95029865887338e-07	-0.00304178869298319	-0.000366760461597191	-0.000104799778500695
0.538449997093550	0.461550002906450	925.166180162447	0.00341351250093282	8.09722892370139e-05	2.93014107922758e-07	-0.00302886423517390	-0.000362377158767785	-0.000104207958496930
0.536497121202161	0.463502878797839	929.080674187776	0.00339381111756499	8.22435381850840e-05	2.76507472005754e-07	-0.00301662219941605	-0.000356926596762981	-0.000103624864638019
0.534543670459844	0.465456329540156	932.996320488338	0.00337411886696988	8.35441454212590e-05	2.75408367058212e-07	-0.00300454834072858	-0.000351164890639751	-0.000103051700074680
0.532589674308323	0.467410325691677	936.913060048886	0.00335439028870439	8.47627325395815e-05	2.97087640620649e-07	-0.00299240812667620	-0.000345512892309264	-0.000102477205203940
0.530635162196834	0.469364837803166	940.830833839116	0.00333458685550409	8.60048076544716e-05	3.21921413629196e-07	-0.00297981346607111	-0.000340346557869282	-0.000101903099199984
0.528680163581736	0.471319836418264	944.749582814446	0.00331464828722040	8.74236273754106e-05	3.34874856023432e-07	-0.00296645113067200	-0.000335764764416812	-0.000101327429390778
0.526724707926113	0.473275292073887	948.669247916813	0.00329443427876635	8.88235618126627e-05	3.34574230563972e-07	-0.00295262728545977	-0.000331253709385450	-0.000100727859212998
0.524768824699375	0.475231175300625	952.589770075474	0.00327384163385183	8.99267731880972e-05	3.27063911352917e-07	-0.00293867687362475	-0.000326349455754069	-0.000100089088306291
0.522812543376871	0.477187456623129	956.511090207783	0.00325294313402970	9.05911926681663e-05	3.14352677758078e-07	-0.00292449399007010	-0.000321148542035907	-9.94267234682693e-05
0.520855893439485	0.479144106560515	960.433149219996	0.00323193102799978	9.08712495299775e-05	2.97563030560602e-07	-0.00290989029133190	-0.000315929804753991	-9.87576076887391e-05
0.518898904373246	0.481101095626754	964.355888008060	0.00321097537932034	9.10500896471227e-05	2.82432055781996e-07	-0.00289511180268153	-0.000310819358131995	-9.80851177857609e-05
0.516941605668929	0.483058394331071	968.279247458405	0.00319023019216610	9.13617567495239e-05	2.65827008891926e-07	-0.00288018313349746	-0.000306121044480232	-9.74169332846883e-05
0.514984026821660	0.485015973178340	972.203168448742	0.00316989712511425	9.18404096565194e-05	2.38566712830841e-07	-0.00286480896518943	-0.000302224310886367	-9.67691787387374e-05
0.513026197330525	0.486973802669475	976.127591848843	0.00315018519317632	9.23214579010777e-05	2.12477859853651e-07	-0.00284909905165363	-0.000299058348779643	-9.61553080836776e-05
0.511068146698168	0.488931853301832	980.052458521349	0.00313119087779428	9.25281471072238e-05	2.15341093862306e-07	-0.00283355129928364	-0.000296150926941887	-9.55766625193829e-05
0.509109904430396	0.490890095569604	983.977709322559	0.00311285921129425	9.22900269837525e-05	2.43750138623629e-07	-0.00281888634518821	-0.000292906312852281	-9.50110434723285e-05
0.507151500035789	0.492848499964211	987.903285103217	0.00309509305705148	9.16654496182985e-05	2.63810121867442e-07	-0.00280540838645749	-0.000289054480784449	-9.44510878929472e-05
0.505192963025297	0.494807036974703	991.829126709312	0.00307777721530720	9.09112283474157e-05	2.67018134081063e-07	-0.00279229684938677	-0.000285024608802257	-9.39093152291622e-05
0.503234322911848	0.496765677088152	995.755174982872	0.00306066938553958	9.02471051339230e-05	2.77762375551216e-07	-0.00277877234690186	-0.000281303105219327	-9.33845330961347e-05
0.501275609209953	0.498724390790047	999.681370762751	0.00304342183335202	8.97735179428245e-05	3.03173579530818e-07	-0.00276489127496000	-0.000277946548423770	-9.28611540582009e-05
0.499316851435307	0.500683148564693	1003.60765488543	0.00302574845436054	8.95761589508461e-05	3.20518115100527e-07	-0.00275061670953357	-0.000275053307314413	-9.23255275032512e-05
0.497358079104395	0.502641920895605	1007.53396818580	0.00300756702893733	8.97128330889500e-05	3.13129897623160e-07	-0.00273539066196872	-0.000273029471894561	-9.17840899170300e-05
0.495399321734095	0.504600678265905	1011.46025149797	0.00298897898434286	9.01675408901652e-05	2.87625323853795e-07	-0.00271871686952256	-0.000272194624033721	-9.12470949140596e-05
0.493440608841286	0.506559391158714	1015.38644565606	0.00297015633145605	9.07476388290789e-05	2.61948868021259e-07	-0.00270076695438652	-0.000272385618677364	-9.07172952850070e-05
0.491481969942444	0.508518030057556	1019.31249149496	0.00295130974689325	9.11463386770608e-05	2.50857983363690e-07	-0.00268197579524572	-0.000273211059903548	-9.02004069084528e-05
0.489523434553254	0.510476565446746	1023.23832985120	0.00293266277616686	9.10495018181836e-05	2.54704736202722e-07	-0.00266262571261243	-0.000274388214547079	-8.96991182099787e-05
0.487565032188209	0.512434967811791	1027.16390156365	0.00291437626255617	9.03117562587198e-05	2.60243061189141e-07	-0.00264298308265528	-0.000275680433284150	-8.92105321068613e-05
0.485606792360218	0.514393207639782	1031.08914747437	0.00289648385856300	8.92006145694217e-05	2.59430709782467e-07	-0.00262338852690153	-0.000276857461053891	-8.87340182874829e-05
0.483648744580205	0.516351255419795	1035.01400842942	0.00287887187813008	8.81192909552958e-05	2.53661820035430e-07	-0.00260420904874054	-0.000277809917090921	-8.82608743275801e-05
0.481690918356717	0.518309081643283	1038.93842527960	0.00286138501689055	8.75327808235087e-05	2.54036280714853e-07	-0.00258559214415628	-0.000278705678726584	-8.77838269717245e-05
0.479733343195527	0.520266656804473	1042.86233888128	0.00284392210345333	8.77272747456931e-05	2.72012924864024e-07	-0.00256758141787214	-0.000279806802066245	-8.73029333124290e-05
0.477776048599235	0.522223951400765	1046.78569009718	0.00282643158657215	8.87203340013052e-05	2.92017617937472e-07	-0.00255018531583269	-0.000281324940562930	-8.68181058390608e-05
0.475819064066878	0.524180935933122	1050.70841979719	0.00280892913729054	9.06454250817757e-05	2.93958505457595e-07	-0.00253313764976619	-0.000283579630881413	-8.63356555930777e-05
0.473862419093528	0.526137580906472	1054.63046885911	0.00279151614938142	9.35525750869584e-05	2.77058457766930e-07	-0.00251602437643628	-0.000286908180760785	-8.58602312743150e-05
0.471906143169898	0.528093856830102	1058.55177816950	0.00277436988246601	9.72707283293669e-05	2.50042973964416e-07	-0.00249851790702050	-0.000291540590613405	-8.54022071611888e-05
0.469950265781948	0.530049734218052	1062.47228862445	0.00275767606716523	0.000101493836630819	2.31576086375120e-07	-0.00248036113543082	-0.000297528751078554	-8.49725957780613e-05
0.467994816410485	0.532005183589515	1066.39194113036	0.00274150259874665	0.000105766623294210	2.34165044482495e-07	-0.00246177977303813	-0.000304368744925990	-8.45631668187309e-05
0.466039824530772	0.533960175469228	1070.31067660477	0.00272578525217175	0.000109625451084578	2.44817602039399e-07	-0.00244347150152500	-0.000311048926531867	-8.41651885860697e-05
0.464085319612126	0.535914680387874	1074.22843597711	0.00271044686181964	0.000112791470465490	2.51090858887157e-07	-0.00242588186578872	-0.000316739743817778	-8.37794620687720e-05
0.462131331117527	0.537868668882473	1078.14516018954	0.00269545601775706	0.000115051395500763	2.59291100179708e-07	-0.00240919707792568	-0.000321057452348242	-8.34060369219062e-05
0.460177888503218	0.539822111496782	1082.06079019770	0.00268078763717648	0.000116448643445574	2.68149524122951e-07	-0.00239341993164887	-0.000324047987883504	-8.30385956061175e-05
0.458225021218314	0.541774978781686	1085.97526697153	0.00266639610112087	0.000117397515872455	2.71064095456541e-07	-0.00237845036926702	-0.000326024281522771	-8.26688198799781e-05
0.456272758704401	0.543727241295599	1089.88853149606	0.00265221283592611	0.000118274241715548	2.68421161808923e-07	-0.00236435630493689	-0.000327209412668500	-8.22921591592060e-05
0.454321130395142	0.545678869604858	1093.80052477221	0.00263816604792407	0.000119302901758091	2.65040730236182e-07	-0.00235098218205976	-0.000327934684099279	-8.19119744863687e-05
0.452370165715881	0.547629834284119	1097.71118781755	0.00262420101290032	0.000120640015235948	2.71497835752908e-07	-0.00233775379957425	-0.000328838574393329	-8.15392750364737e-05
0.450419894083249	0.549580105916751	1101.62046166714	0.00261025782002167	0.000122362362563246	2.90623784986453e-07	-0.00232431675780615	-0.000330361587170855	-8.11784577370102e-05
0.448470344904763	0.551529655095237	1105.52828737430	0.00259626581801529	0.000124452295256645	3.03789140358347e-07	-0.00231087091596491	-0.000332428170894027	-8.08181938672130e-05
0.446521547578438	0.553478452421562	1109.43460601140	0.00258222107147684	0.000126967177680612	2.91990753126575e-07	-0.00229742019001808	-0.000334978036984583	-8.04476434339338e-05
0.444573531492383	0.555426468507617	1113.33935867066	0.00256820239678861	0.000129914837562167	2.72737730214909e-07	-0.00228345988518586	-0.000338203946983179	-8.00672955760926e-05
0.442626326024409	0.557373673975591	1117.24248646495	0.00255424350447485	0.000132911856848526	2.71043295264301e-07	-0.00226895618795190	-0.000341920561206581	-7.96725239625942e-05
0.440679960541635	0.559320039458365	1121.14393052856	0.00254032867895580	0.000135476929548388	2.76982286009598e-07	-0.00225437123277028	-0.000345460396115957	-7.92630359283022e-05
0.438734464400089	0.561265535599911	1125.04363201802	0.00252647181693284	0.000137322424444774	2.76511738417067e-07	-0.00224006869005712	-0.000348163592237615	-7.88519581366009e-05
0.436789866944313	0.563210133055687	1128.94153211288	0.00251266779552140	0.000138381972641599	2.72890526839732e-07	-0.00222618763098866	-0.000349727542906266	-7.84379096813059e-05
0.434846197506971	0.565153802493029	1132.83757201651	0.00249886930171078	0.000138824641842918	2.69972527382784e-07	-0.00221268093757652	-0.000350252327917076	-7.80122238954580e-05
0.432903485408446	0.567096514591554	1136.73169295689	0.00248504929776638	0.000138822624929031	2.66521919261279e-07	-0.00219959513169123	-0.000349922420257155	-7.75729280253064e-05
0.430961759956452	0.569038240043548	1140.62383618738	0.00247127069752413	0.000138497228261438	2.58813057482412e-07	-0.00218699227614999	-0.000348992633427282	-7.71274749486810e-05
0.429021050445635	0.570978949554365	1144.51394298756	0.00245768737723821	0.000138001761001750	2.50560672037255e-07	-0.00217453215169447	-0.000347963369124736	-7.66936668920911e-05
0.427081386157176	0.572918613842824	1148.40195466397	0.00244439760987855	0.000137399663818191	2.47805929690537e-07	-0.00216186214928280	-0.000347140485099284	-7.62829467748484e-05
0.425142796358400	0.574857203641600	1152.28781255097	0.00243136409129368	0.000136520539530124	2.43478687956616e-07	-0.00214911801703840	-0.000346240530779474	-7.58929617450668e-05
0.423205310302376	0.576794689697624	1156.17145801144	0.00241853006499324	0.000135122111441969	2.30667893220657e-07	-0.00213644380091034	-0.000344965698991497	-7.55217717854210e-05
0.421268957227524	0.578731042772476	1160.05283243767	0.00240590232180538	0.000133224580113553	2.16478580913993e-07	-0.00212353724701793	-0.000343607308148989	-7.51659232472897e-05
0.419333766357222	0.580666233642778	1163.93187725207	0.00239355877199222	0.000130928186090661	2.08933767223440e-07	-0.00211003487845024	-0.000342755867756603	-7.48173249566206e-05
0.417399766899406	0.582600233100594	1167.80853390803	0.00238166307384953	0.000128261796574768	2.03725331571577e-07	-0.00209579760453645	-0.000342844028419712	-7.44769013580593e-05
0.415466988046177	0.584533011953823	1171.68274389065	0.00237040498434905	0.000125231295985194	2.00948390672598e-07	-0.00208066066404853	-0.000344050521323163	-7.41573528142927e-05
0.413535458973408	0.586464541026592	1175.55444871759	0.00235985605497160	0.000121764421981242	2.07963873166686e-07	-0.00206480643050765	-0.000346111498002971	-7.38604549512010e-05
0.411605208840346	0.588394791159654	1179.42358993982	0.00234992462921503	0.000117916397329395	2.20991426543726e-07	-0.00204903804686796	-0.000348332259069333	-7.35738025687461e-05
0.409676266789220	0.590323733210780	1183.29010914241	0.00234040220024401	0.000113946916339325	2.37264956547253e-07	-0.00203397397953364	-0.000350162938890736	-7.32951480192650e-05
0.407748661944841	0.592251338055159	1187.15394794537	0.00233096463476928	0.000110250866880849	2.60251466154619e-07	-0.00201978039431686	-0.000351364676731076	-7.30199576025095e-05
0.405822423414216	0.594177576585784	1191.01504800439	0.00232124383318273	0.000107130682202275	2.86054458139891e-07	-0.00200685879992498	-0.000351580386607397	-7.27349427446614e-05
0.403897580286144	0.596102419713856	1194.87335101164	0.00231096879660018	0.000104712443505456	3.03613707995602e-07	-0.00199557296651294	-0.000350498012844725	-7.24315629345085e-05
0.401974161630826	0.598025838369174	1198.72879869658	0.00230000499150666	0.000103077907751158	3.06549790673507e-07	-0.00198566679415646	-0.000348282757763448	-7.21037717879495e-05
0.400052196499472	0.599947803500528	1202.58133282676	0.00228832452139978	0.000102313731242438	2.96437281967591e-07	-0.00197655678854233	-0.000345472939380079	-7.17547667645306e-05
0.398131713923904	0.601868286076096	1206.43089520856	0.00227599896631339	0.000102416246540133	2.76244055303129e-07	-0.00196754158341184	-0.000342701993154649	-7.13946660209721e-05
0.396212742916160	0.603787257083840	1210.27742768802	0.00226318940507848	0.000103164254438585	2.54540869692558e-07	-0.00195812455276442	-0.000340360051035087	-7.10383628019893e-05
0.394295312468104	0.605704687531896	1214.12087215164	0.00225006985706447	0.000104143309319531	2.46065149424268e-07	-0.00194815896750797	-0.000338502084541448	-7.06945124386721e-05
0.392379451551031	0.607620548448969	1217.96117052714	0.00223673826546856	0.000105060862445297	2.52862363509763e-07	-0.00193772628649334	-0.000337021738760269	-7.03534186057660e-05
0.390465189115268	0.609534810884732	1221.79826478425	0.00222324559563937	0.000105954708760643	2.51823698977857e-07	-0.00192697110815066	-0.000335838755403494	-7.00008085635918e-05
0.388552554089788	0.611447445910212	1225.63209693554	0.00220968794258855	0.000107084890956588	2.25237472685685e-07	-0.00191576060833216	-0.000335161299971514	-6.96385010055568e-05
0.386641575381809	0.613358424618191	1229.46260903715	0.00219619104600936	0.000108687208316423	1.91981190633432e-07	-0.00190380908063441	-0.000335398871009825	-6.92792327423458e-05
0.384732281876405	0.615267718123595	1233.28974318964	0.00218280545243698	0.000110850913270010	1.82695751989476e-07	-0.00189125905707818	-0.000336660134152803	-6.89283368415805e-05
0.382824702436108	0.617175297563892	1237.11344153873	0.00216949504985892	0.000113548897655272	2.02326453997070e-07	-0.00187864012316670	-0.000338675005949372	-6.85768236433300e-05
0.380918865900520	0.619081134099480	1240.93364627611	0.00215621675890931	0.000116661872742923	2.30703472781520e-07	-0.00186628174298019	-0.000341133766318408	-6.82171894222740e-05
0.379014801085915	0.620985198914085	1244.75029964025	0.00214292959454962	0.000120080586542075	2.47771672944553e-07	-0.00185424173362683	-0.000343796014375655	-6.78461737406565e-05
0.377112536784847	0.622887463215153	1248.56334391713	0.00212958403971535	0.000123784920324502	2.49512971898682e-07	-0.00184252212316447	-0.000346474012459477	-6.74653261682172e-05
0.375212101765756	0.624787898234244	1252.37272144110	0.00211614064105667	0.000127876146765590	2.42328127237591e-07	-0.00183107750525711	-0.000349082297082353	-6.70835251230627e-05
0.373313524772579	0.626686475227421	1256.17837459561	0.00210255791964627	0.000132519510557836	2.31337482833770e-07	-0.00181995683464496	-0.000351541149659351	-6.67016013565096e-05
0.371416834524351	0.628583165475649	1259.98024581401	0.00208879687452639	0.000137763749743378	2.23262413192147e-07	-0.00180938666028043	-0.000353658617607616	-6.63117108972517e-05
0.369522059714816	0.630477940285184	1263.77827758038	0.00207485935571360	0.000143337012890790	2.23873083209809e-07	-0.00179957466245575	-0.000355212927472777	-6.59106242963648e-05
0.367629229012034	0.632370770987966	1267.57241243025	0.00206080295896694	0.000148788393372210	2.23263501066495e-07	-0.00179050381502849	-0.000356060846466469	-6.54930382431983e-05
0.365738371057985	0.634261628942015	1271.36259295145	0.00204678040449111	0.000153686969331284	2.08873914475616e-07	-0.00178188379849831	-0.000356153440269563	-6.50606253018151e-05
0.363849514468183	0.636150485531817	1275.14876178486	0.00203305593694791	0.000157701963158099	1.88808932119381e-07	-0.00177348209013663	-0.000355440843894950	-6.46349935909740e-05
0.361962687831276	0.638037312168724	1278.93086162519	0.00201987528599359	0.000160699811518379	1.78111436262767e-07	-0.00176524537265260	-0.000353936467871445	-6.42367764506964e-05
0.360077919708662	0.639922080291338	1282.70883522179	0.00200731975809698	0.000162771268135150	1.78294925104593e-07	-0.00175713044129783	-0.000351815364739275	-6.38674330530980e-05
0.358195238634087	0.641804761365913	1286.48262537943	0.00199531570834033	0.000164066513911467	1.85925985751424e-07	-0.00174910233125975	-0.000349273146027132	-6.35240247835698e-05
0.356314673113265	0.643685326886735	1290.25217495908	0.00198372602716308	0.000164666284709195	1.98351780393256e-07	-0.00174115357171481	-0.000346442919945355	-6.31977769870727e-05
0.354436251623474	0.645563748376526	1294.01742687870	0.00197244236125087	0.000164698248024718	2.10993855967921e-07	-0.00173322420290053	-0.000343551971662622	-6.28742350920070e-05
0.352560002613174	0.647439997386826	1297.77832411402	0.00196143653959087	0.000164358681742016	2.20651895416848e-07	-0.00172485592631852	-0.000341152716602061	-6.25511623695072e-05
0.350685954501610	0.649314045498390	1301.53480969933	0.00195073263564518	0.000163909474121217	2.22216266241459e-07	-0.00171554549014968	-0.000339839260842300	-6.22337537294550e-05
0.348814135678424	0.651185864321576	1305.28682672825	0.00194034364424773	0.000163667643127588	2.16813468772339e-07	-0.00170532270147455	-0.000339775066403297	-6.19304973594367e-05
0.346944574503260	0.653055425496740	1309.03431835454	0.00193020464655013	0.000163830777240814	2.16953886628963e-07	-0.00169458590326724	-0.000340724334827411	-6.16404318660311e-05
0.345077299305376	0.654922700694624	1312.77722779287	0.00192017644710428	0.000164395001994086	2.25019474038840e-07	-0.00168367059754683	-0.000342338144481492	-6.13482908078168e-05
0.343212338383254	0.656787661616746	1316.51549831959	0.00191014112106863	0.000165219298857503	2.32039530089328e-07	-0.00167265446272001	-0.000344339914117518	-6.10442863293329e-05
0.341349720004205	0.658650279995795	1320.24907327353	0.00190004871682746	0.000166169757585101	2.34430279308821e-07	-0.00166172108167691	-0.000346434097008925	-6.07286748907118e-05
0.339489472403982	0.660510527596018	1323.97789605680	0.00188989646363764	0.000167209290404618	2.32210284609149e-07	-0.00165113578759059	-0.000348369961824259	-6.03977672157725e-05
0.337631623786390	0.662368376213610	1327.70191013552	0.00187973737255960	0.000168315224236683	2.23709956335445e-07	-0.00164082598520545	-0.000350179355514641	-6.00521090226323e-05
0.335776202322893	0.664223797677107	1331.42105904066	0.00186969800751495	0.000169354226186602	2.10595418435326e-07	-0.00163046095046018	-0.000352112426692201	-5.97040643754182e-05
0.333923236152225	0.666076763847775	1335.13528636877	0.00185993714802983	0.000170135430240918	2.01289211720685e-07	-0.00161963872202324	-0.000354421578209606	-5.93710260169885e-05
0.332072753380003	0.667927246619997	1338.84453578282	0.00185054576340560	0.000170454702342003	2.02588077338184e-07	-0.00160824304256751	-0.000357066875888485	-5.90632513482821e-05
0.330224782078333	0.669775217921667	1342.54875101291	0.00184149115485777	0.000170110292301785	2.13569543234082e-07	-0.00159656496184079	-0.000359638798087637	-5.87784826264649e-05
0.328379350285422	0.671620649714578	1346.24787585712	0.00183265258750833	0.000169001796162663	2.34160939162250e-07	-0.00158495296676011	-0.000361623712386115	-5.85124360305611e-05
0.326536486005191	0.673463513994809	1349.94185418225	0.00182386905610101	0.000167111376675879	2.62613805930253e-07	-0.00157375231986846	-0.000362588218439289	-5.82608994714190e-05
0.324696217206884	0.675303782793116	1353.63062992460	0.00181498400758795	0.000164564895036760	2.86867461272383e-07	-0.00156303745210689	-0.000362405893849834	-5.80170831209679e-05
0.322858571824677	0.677141428175323	1357.31414709076	0.00180587357939952	0.000161638878888647	2.97266813061048e-07	-0.00155253405931441	-0.000361303551611751	-5.77769564032756e-05
0.321023577757293	0.678976422242707	1360.99234975841	0.00179641523300238	0.000158570230809052	2.98147409103691e-07	-0.00154199504565315	-0.000359608035550025	-5.75290218260382e-05
0.319191262867613	0.680808737132387	1364.66518207704	0.00178648139840696	0.000155505732079506	3.06090370432605e-07	-0.00153112053543385	-0.000357751984335900	-5.72597258697586e-05
0.317361654982285	0.682638345017715	1368.33258826880	0.00177597094232538	0.000152590466860492	3.29230774811558e-07	-0.00151960779393770	-0.000356263632205897	-5.69637678345246e-05
0.315534781891338	0.684465218108662	1371.99451262921	0.00176483491840594	0.000150085253895438	3.46718320618096e-07	-0.00150723961705910	-0.000355641667465503	-5.66377464111337e-05
0.313710671347793	0.686289328652207	1375.65089952801	0.00175311336627481	0.000148329895134828	3.33775086652846e-07	-0.00149385160381273	-0.000356264437217566	-5.62812612760291e-05
0.311889351067277	0.688110648932723	1379.30169340986	0.00174094099552768	0.000147514919113724	2.97799003294240e-07	-0.00147941315434119	-0.000358318831623391	-5.59021532520495e-05
0.310070848727634	0.689929151272366	1382.94683879516	0.00172847865353296	0.000147610771420525	2.65142951728228e-07	-0.00146393311940632	-0.000361884844596363	-5.55121942733549e-05
0.308255191968537	0.691744808031463	1386.58628028086	0.00171584866916296	0.000148508597890351	2.46444866329477e-07	-0.00144745695372369	-0.000366956586380760	-5.51195565903295e-05
0.306442408391105	0.693557591608895	1390.21996254114	0.00170313726399438	0.000150086398457337	2.39280953538075e-07	-0.00143019494319354	-0.000373310304225981	-5.47294344227013e-05
0.304632525557511	0.695367474442489	1393.84783032828	0.00169037610644051	0.000152160105983453	2.42766090829792e-07	-0.00141262293266870	-0.000380402920895916	-5.43463250476541e-05
0.302825570990597	0.697174429009403	1397.46982847338	0.00167751666078538	0.000154551846261919	2.51210836357567e-07	-0.00139536036660397	-0.000387502902303513	-5.39693425377400e-05
0.301021572173492	0.698978427826508	1401.08590188716	0.00166448515579357	0.000157207068469967	2.54833575291321e-07	-0.00137893392511679	-0.000393986147866722	-5.35965509907465e-05
0.299220556549218	0.700779443450782	1404.69599556071	0.00165125795143757	0.000160169021596157	2.49370341954245e-07	-0.00136363390131138	-0.000399560573087636	-5.32298725287575e-05
0.297422551520311	0.702577448479689	1408.30005456631	0.00163788853991506	0.000163504158595402	2.38589882610752e-07	-0.00134939267205272	-0.000404347352366920	-5.28743352905020e-05
0.295627584448431	0.704372415551569	1411.89802405813	0.00162447143730590	0.000167219350021203	2.28503073018697e-07	-0.00133584397565203	-0.000408727416447992	-5.25317956950488e-05
0.293835682653982	0.706164317346018	1415.48984927307	0.00161109018791306	0.000171209958818514	2.17387034175499e-07	-0.00132259317751470	-0.000413016762565176	-5.21980633978388e-05
0.292046873415717	0.707953126584283	1419.07547553152	0.00159781471267165	0.000175256329343695	2.02339199496594e-07	-0.00130938504014166	-0.000417274138167846	-5.18735844722260e-05
0.290261183970365	0.709738816029635	1422.65484823807	0.00158469774333166	0.000179072391365816	1.92096362817638e-07	-0.00129619245723059	-0.000421317372380975	-5.15604744185518e-05
0.288478641512238	0.711521358487762	1426.22791288237	0.00157175297238324	0.000182371112888371	1.95450892809737e-07	-0.00128309583318940	-0.000424931925872987	-5.12514106409928e-05
0.286699273192849	0.713300726807151	1429.79461503985	0.00155897314280465	0.000184964036087505	2.06801435663819e-07	-0.00127007498738120	-0.000428055027688675	-5.09370406269887e-05
0.284923106120528	0.715076893879472	1433.35490037249	0.00154635002772972	0.000186869719390791	2.17288511792183e-07	-0.00125713088272170	-0.000430698728853328	-5.06172992725631e-05
0.283150167360040	0.716849832639960	1436.90871462961	0.00153384334132430	0.000188268880038436	2.23397940117364e-07	-0.00124424653778426	-0.000432926375401853	-5.02937583935776e-05
0.281380483932197	0.718619516067803	1440.45600364862	0.00152136766530967	0.000189412926045954	2.19300863094560e-07	-0.00123128067613278	-0.000434914520263389	-4.99570107187314e-05
0.279614082813479	0.720385917186521	1443.99671335580	0.00150885964110211	0.000190512319048605	2.03878041015978e-07	-0.00121812822840866	-0.000436852735463777	-4.95994096346649e-05
0.277850990935649	0.722149009064351	1447.53078976706	0.00149633587479346	0.000191655290083586	1.87233782111511e-07	-0.00120490648488673	-0.000438788150718693	-4.92267439877396e-05
0.276091235185371	0.723908764814629	1451.05817898871	0.00148385611405304	0.000192923381382989	1.77610575659415e-07	-0.00119193383125332	-0.000440621996244092	-4.88474277251847e-05
0.274334842403824	0.725665157596176	1454.57882721823	0.00147145598863796	0.000194439333198763	1.73455105458904e-07	-0.00117956124686583	-0.000442240589268293	-4.84604207320201e-05
0.272581839386326	0.727418160613674	1458.09268074504	0.00145914461148087	0.000196301583513150	1.70016763827365e-07	-0.00116791131643829	-0.000443666656656224	-4.80656124853112e-05
0.270832252881948	0.729167747118052	1461.59968595125	0.00144693548250730	0.000198514635363018	1.65773910707682e-07	-0.00115681819949738	-0.000445057964411508	-4.76709948117347e-05
0.269086109593132	0.730913890406868	1465.09978931244	0.00143485292499277	0.000200973793223385	1.59065256759715e-07	-0.00114604013179123	-0.000446580021835354	-4.72801452612050e-05
0.267343436175311	0.732656563824689	1468.59293739842	0.00142293526844190	0.000203548702590435	1.48862303377664e-07	-0.00113527214465941	-0.000448382607225360	-4.68925706741436e-05
0.265604259236530	0.734395740763470	1472.07907687398	0.00141123059814084	0.000206097716102994	1.37708021376102e-07	-0.00112424031227583	-0.000450553296803458	-4.65125553967468e-05
0.263868605337060	0.736131394662940	1475.55815449969	0.00139978018438638	0.000208452284858434	1.29506336110861e-07	-0.00111285390204973	-0.000453028455071992	-4.61497671392947e-05
0.262136500989023	0.737863499010977	1479.03011713261	0.00138860056983338	0.000210428949192081	1.29184194970413e-07	-0.00110121660412574	-0.000455583665608009	-4.58110501315783e-05
0.260407972656008	0.739592027343992	1482.49491172710	0.00137766700060492	0.000211901680167732	1.37599014671655e-07	-0.00108960294647423	-0.000457901094494229	-4.54923416358249e-05
0.258683046752694	0.741316953247306	1485.95248533556	0.00136693056369274	0.000212879245603641	1.47983871319568e-07	-0.00107825228760272	-0.000459764547823214	-4.51871063572910e-05
0.256961749644468	0.743038250355532	1489.40278510918	0.00135634839073717	0.000213473143746783	1.53130632076814e-07	-0.00106713468771136	-0.000461200216061174	-4.48937924564462e-05
0.255244107647048	0.744755892352952	1492.84575829872	0.00134588580847783	0.000213817148767370	1.51140234186414e-07	-0.00105617948270174	-0.000462280040723042	-4.46092880757333e-05
0.253530147026102	0.746469852973898	1496.28135225527	0.00133551988607222	0.000213980340592852	1.46410823678973e-07	-0.00104551628238096	-0.000462930320692947	-4.43275576974218e-05
0.251819893996874	0.748180106003126	1499.70951443097	0.00132525244060067	0.000213931002733573	1.47366942868236e-07	-0.00103528366587414	-0.000463052302769321	-4.40472595683171e-05
0.250113374723799	0.749886625276201	1503.13019237985	0.00131509725642652	0.000213586999758647	1.55362320198654e-07	-0.00102548787943907	-0.000462660952564151	-4.37697615751959e-05
0.248410615320131	0.751589384679869	1506.54333375848	0.00130506114535031	0.000212909825995825	1.60054238408938e-07	-0.00101587738770781	-0.000461975630646895	-4.34970264052930e-05
0.246711641847563	0.753288358152437	1509.94888632681	0.00129514744106466	0.000211951520290618	1.55984061262841e-07	-0.00100596403736939	-0.000461395140803644	-4.32321572525321e-05
0.245016480315848	0.754983519684152	1513.34679794891	0.00128535343241605	0.000210781879983374	1.50397410689750e-07	-0.000995403422506025	-0.000461259208579066	-4.29748686329711e-05
0.243325156682429	0.756674843317571	1516.73701659368	0.00127566320566076	0.000209492283551282	1.48802800660429e-07	-0.000984161980152071	-0.000461715493088206	-4.27204880444462e-05
0.241637696852054	0.758362303147946	1520.11949033567	0.00126606109424456	0.000208228957446352	1.49267889204617e-07	-0.000972374379338031	-0.000462773164759272	-4.24667882644615e-05
0.239954126676406	0.760045873323594	1523.49416735578	0.00125653836802044	0.000207121885620500	1.50823806006540e-07	-0.000960237881988335	-0.000464379125878773	-4.22162438642343e-05
0.238274471953723	0.761725528046277	1526.86099594205	0.00124708315565706	0.000206261446502360	1.53105460346514e-07	-0.000947888634935482	-0.000466535565978269	-4.19670482873818e-05
0.236598758428429	0.763401241571571	1530.21992449037	0.00123769421032323	0.000205752248244166	1.53872339900982e-07	-0.000935358222005768	-0.000469339080294591	-4.17172574043906e-05
0.234927011790751	0.765072988209249	1533.57090150530	0.00122839105174702	0.000205709451328774	1.56848136161423e-07	-0.000922687159245020	-0.000472864242711708	-4.14725490894691e-05
0.233259257676350	0.766740742323650	1536.91387560075	0.00121917229930534	0.000206213348229400	1.66327490749790e-07	-0.000910023843806458	-0.000477026236609138	-4.12353246334398e-05
0.231595521665946	0.768404478334054	1540.24879550077	0.00120998492519202	0.000207286621102513	1.75788297466252e-07	-0.000897645572285631	-0.000481542943073685	-4.09973252197731e-05
0.229935829284942	0.770064170715058	1543.57561004027	0.00120076099936443	0.000208899297508963	1.78535294625600e-07	-0.000885831046173399	-0.000486043548969927	-4.07487680296859e-05
0.228280206003051	0.771719793996949	1546.89426816583	0.00119146025035824	0.000210951125592296	1.75618752218484e-07	-0.000874744614018444	-0.000490197957144496	-4.04854054150706e-05
0.226628677233927	0.773371322766073	1550.20471893635	0.00118207520230408	0.000213301294081358	1.68028010489190e-07	-0.000864390311823824	-0.000493806680947860	-4.02063458074314e-05
0.224981268334786	0.775018731665214	1553.50691152391	0.00117262431511549	0.000215813673851478	1.59462288917791e-07	-0.000854660234800266	-0.000496801054547817	-3.99149375589097e-05
0.223338004606040	0.776661995393960	1556.80079521441	0.00116314433990789	0.000218261167224501	1.57166813020746e-07	-0.000845503437994826	-0.000499115747310448	-3.96161886048075e-05
0.221698911290919	0.778301088709081	1560.08631940839	0.00115368739859233	0.000220380327282368	1.59562212185661e-07	-0.000836904285281219	-0.000500674794407776	-3.93149256610173e-05
0.220064013575105	0.779935986424895	1563.36343362174	0.00114431090712994	0.000222028006172889	1.60403090021065e-07	-0.000828709288863224	-0.000501509387295169	-3.90198733892214e-05
0.218433336586358	0.781566663413642	1566.63208748645	0.00113504018081690	0.000223183889496505	1.62861433761178e-07	-0.000820656361325788	-0.000501760674930599	-3.87357856826313e-05
0.216806905394145	0.783193094605855	1569.89223075136	0.00112584221005940	0.000223881161282307	1.71547804411099e-07	-0.000812600013086813	-0.000501537501419644	-3.84558483864626e-05
0.215184745009273	0.784815254990727	1573.14381328290	0.00111666027040495	0.000224182230759643	1.79069306504898e-07	-0.000804631173761225	-0.000500815536258986	-3.81717608482959e-05
0.213566880383515	0.786433119616485	1576.38678506582	0.00110747460680870	0.000224160886306207	1.75983887832363e-07	-0.000796927171917261	-0.000499531513165531	-3.78838001658355e-05
0.211953336409245	0.788046663590755	1579.62109620394	0.00109831979307252	0.000223856966145312	1.65734773688911e-07	-0.000789501005242583	-0.000497769528851808	-3.75971174033917e-05
0.210344137919065	0.789655862080935	1582.84669692089	0.00108925692167059	0.000223284587284437	1.58108829669684e-07	-0.000782152897130555	-0.000495781061497681	-3.73155391958764e-05
0.208739309685440	0.791260690314560	1586.06353756085	0.00108034525942044	0.000222488279182369	1.52749228278120e-07	-0.000774731775920128	-0.000493772349382747	-3.70398217318666e-05
0.207138876420327	0.792861123579673	1589.27156858926	0.00107163254797257	0.000221539060660973	1.45794875016563e-07	-0.000767300944264642	-0.000491748708358498	-3.67704576200941e-05
0.205542862774811	0.794457137225189	1592.47074059362	0.00106314412064574	0.000220428854566851	1.42138501327932e-07	-0.000760017472530939	-0.000489589940300034	-3.65085978471114e-05
0.203951293338734	0.796048706661266	1595.66100428415	0.00105487639491084	0.000219084946187934	1.43874495490605e-07	-0.000752952896845786	-0.000487217077646281	-3.62533847728069e-05
0.202364192640332	0.797635807359668	1598.84231049459	0.00104680866502087	0.000217464734451233	1.50596985480053e-07	-0.000746015638648489	-0.000484671770815176	-3.60070477643200e-05
0.200781585145865	0.799218414854135	1602.01461018289	0.00103889418060325	0.000215546098096557	1.69256422599264e-07	-0.000739061264494991	-0.000482024188497373	-3.57707204255347e-05
0.199203495259254	0.800796504740746	1605.17785443195	0.00103103993849872	0.000213345483835639	1.99969347005785e-07	-0.000732042380001624	-0.000479256494779702	-3.55366499617532e-05
0.197629947321718	0.802370052678282	1608.33199445038	0.00102313175282143	0.000210962327424361	2.26778570107885e-07	-0.000725019697321834	-0.000476269304284437	-3.52956227270360e-05
0.196060965611403	0.803939034388597	1611.47698157319	0.00101508761393044	0.000208525308891580	2.34741593028266e-07	-0.000718097110912262	-0.000472964957918929	-3.50452767662337e-05
0.194496574343022	0.805503425656978	1614.61276726257	0.00100688924693757	0.000206104044417603	2.26722843227940e-07	-0.000711312535173276	-0.000469325611822693	-3.47907072796017e-05
0.192936797667490	0.807063202332510	1617.73930310857	0.000998568846319997	0.000203681131769292	2.18654642958316e-07	-0.000704651899585229	-0.000465367704183986	-3.45403727060575e-05
0.191381659671564	0.808618340328436	1620.85654082985	0.000990161446394545	0.000201178118459925	2.21116444830367e-07	-0.000698217915021329	-0.000461006461100971	-3.42995915122726e-05
0.189831184377474	0.810168815622526	1623.96443227441	0.000981671969224132	0.000198547845663608	2.31464914681212e-07	-0.000692225352730593	-0.000456074484692948	-3.40659895714677e-05
0.188285395742566	0.811714604257434	1627.06292942031	0.000973086514019400	0.000195833160626117	2.42839033377040e-07	-0.000686820950799486	-0.000450482737153168	-3.38323215318886e-05
0.186744317658936	0.813255682341064	1630.15198437641	0.000964400606993994	0.000193135399320607	2.50994854513903e-07	-0.000682008951739512	-0.000444301186166361	-3.35928076730635e-05
0.185207973953074	0.814792026046926	1633.23154938306	0.000955626811380061	0.000190579606483347	2.53636486184881e-07	-0.000677647549106132	-0.000437757918712664	-3.33452534229160e-05
0.183676388385498	0.816323611614502	1636.30157681286	0.000946776676334464	0.000188291094781702	2.50090379299027e-07	-0.000673435134724775	-0.000431214733422005	-3.30893855800978e-05
0.182149584650397	0.817850415349603	1639.36201917136	0.000937845868419119	0.000186373203013791	2.41300468335252e-07	-0.000669038080362375	-0.000425046765215677	-3.28230801146868e-05
0.180627586375271	0.819372413624729	1642.41282909779	0.000928829578213103	0.000184866405277071	2.30295031839400e-07	-0.000664259931098228	-0.000419509311105916	-3.25433176671713e-05
0.179110417120569	0.820889582879431	1645.45395936579	0.000919753239041117	0.000183725519917568	2.20639273709118e-07	-0.000659015839981594	-0.000414738261907983	-3.22507619615697e-05
0.177598100379335	0.822401899620665	1648.48536288409	0.000910683646546096	0.000182858878770830	2.13164904131885e-07	-0.000653266372693995	-0.000410789020209972	-3.19509379283156e-05
0.176090659576847	0.823909340423153	1651.50699269728	0.000901709534541803	0.000182179032589574	2.07404969924001e-07	-0.000647055482902740	-0.000407618974440705	-3.16516663498319e-05
0.174588118070257	0.825411881929743	1654.51880198648	0.000892907499654173	0.000181638685771458	2.03873723245018e-07	-0.000640519146639473	-0.000405094611325273	-3.13605197615988e-05
0.173090499148241	0.826909500851759	1657.52074407010	0.000884317436743395	0.000181227436381684	2.02796946313150e-07	-0.000633820679217212	-0.000403052761911345	-3.10815046679157e-05
0.171597826030637	0.828402173969363	1660.51277240452	0.000875942136340038	0.000180918743741970	2.03544065025621e-07	-0.000627057109458005	-0.000401365126452407	-3.08152985604679e-05
0.170110121868089	0.829889878131911	1663.49484058480	0.000867761547473598	0.000180647961853910	2.06839231835758e-07	-0.000620209724005035	-0.000399956610610015	-3.05616654258767e-05
0.168627409741696	0.831372590258304	1666.46690234543	0.000859742651147005	0.000180333570944561	2.14357538950859e-07	-0.000613228631209450	-0.000398756206819136	-3.03183278582489e-05
0.167149712662653	0.832850287337347	1669.42891156100	0.000851846376319422	0.000179909305542849	2.24055709052682e-07	-0.000606117737090215	-0.000397674029835452	-3.00801924076665e-05
0.165677053571898	0.834322946428102	1672.38082224694	0.000844040122672687	0.000179350509193876	2.30766847500893e-07	-0.000598892308337949	-0.000396655078906081	-2.98427903034613e-05
0.164209455339760	0.835790544660240	1675.32258856021	0.000836307141249028	0.000178655432985403	2.33655036995398e-07	-0.000591530308201526	-0.000395715581531990	-2.96037538371973e-05
0.162746940765606	0.837253059234394	1678.25416480001	0.000828642124230453	0.000177821186651104	2.38293436440629e-07	-0.000583990160035914	-0.000394917597292249	-2.93615859830507e-05
0.161289532577484	0.838710467422516	1681.17550540851	0.000821037936113277	0.000176868978647685	2.47807960339087e-07	-0.000576249123732848	-0.000394315601695676	-2.91142311300713e-05
0.159837253431778	0.840162746568222	1684.08656497151	0.000813477883229391	0.000175865637246234	2.56020942115720e-07	-0.000568325116328209	-0.000393913348000939	-2.88590947311149e-05
0.158390125912853	0.841609874087147	1686.98729821917	0.000805941577717392	0.000174876767555830	2.55623088731046e-07	-0.000560259629585667	-0.000393648823226058	-2.85953389841166e-05
0.156948172532703	0.843051827467297	1689.87766002675	0.000798417641182073	0.000173891067174530	2.48133907731165e-07	-0.000552140527505676	-0.000393377128071967	-2.83253408661582e-05
0.155511415730605	0.844488584269395	1692.75760541522	0.000790910233234837	0.000172817312153081	2.40444258845798e-07	-0.000544145112109206	-0.000392866968135646	-2.80534230672289e-05
0.154079877872768	0.845920122127232	1695.62708955205	0.000783434002298378	0.000171533551909613	2.36635427322473e-07	-0.000536506171221291	-0.000391853430171713	-2.77829086796091e-05
0.152653581251983	0.847346418748017	1698.48606775185	0.000776007494631415	0.000169951180193159	2.35254078911416e-07	-0.000529427409786862	-0.000390127877055865	-2.75144057344142e-05
0.151232548087275	0.848767451912725	1701.33449547712	0.000768652107678889	0.000168069420753303	2.33265463736714e-07	-0.000522987719793179	-0.000387626127143641	-2.72481062680903e-05
0.149816800523559	0.850183199476441	1704.17232833889	0.000761385633391533	0.000165968289405565	2.31326160571100e-07	-0.000517108344091362	-0.000384458577783215	-2.69846560262683e-05
0.148406360631288	0.851593639368712	1706.99952209745	0.000754208291276038	0.000163771386323559	2.33480988991583e-07	-0.000511605025427588	-0.000380867741040577	-2.67237477022713e-05
0.147001250406112	0.852998749593888	1709.81603266304	0.000747093870871519	0.000161598318165267	2.41836252684038e-07	-0.000506258202483280	-0.000377153097346697	-2.64621600717998e-05
0.145601491768529	0.854398508231471	1712.62181609653	0.000740000806526603	0.000159529044716473	2.52576733904603e-07	-0.000500866625515301	-0.000373598637354971	-2.61940803340747e-05
0.144207106563540	0.855792893436460	1715.41682861013	0.000732901776512166	0.000157615973063917	2.58294027368801e-07	-0.000495285026699477	-0.000370415761955893	-2.59158110187248e-05
0.142818116560307	0.857181883439693	1718.20102656806	0.000725802422103941	0.000155896152898932	2.54131853989792e-07	-0.000489464404918001	-0.000367693208937514	-2.56277523202637e-05
0.141434543451810	0.858565456548190	1720.97436648725	0.000718735259866290	0.000154377578533488	2.41689650742446e-07	-0.000483469433128551	-0.000365375110871580	-2.53318991628186e-05
0.140056408854501	0.859943591145499	1723.73680503803	0.000711745751395312	0.000153021494572771	2.27433997265969e-07	-0.000477459050788324	-0.000363290035918209	-2.50306318096225e-05
0.138683734307964	0.861316265692036	1726.48829904481	0.000704880329923171	0.000151752331133600	2.16382092349153e-07	-0.000471626962357717	-0.000361225807628666	-2.47269651277948e-05
0.137316541274573	0.862683458725427	1729.22880548676	0.000698177222013417	0.000150492230315660	2.07981690036946e-07	-0.000466115338231195	-0.000359020767178353	-2.44230050624955e-05
0.135954851139152	0.864045148860848	1731.95828149850	0.000691664820425299	0.000149177319225593	1.99914723417304e-07	-0.000460942391190141	-0.000356632123991696	-2.41212458034830e-05
0.134598685208633	0.865401314791367	1734.67668437079	0.000685363660184019	0.000147764454535090	1.93290369569936e-07	-0.000455991107634746	-0.000354147665929951	-2.38255627493206e-05
0.133248064711720	0.866751935288280	1737.38397155118	0.000679284882755855	0.000146233593261516	1.91510739243567e-07	-0.000451084950805245	-0.000351727298947123	-2.35389962637866e-05
0.131903010798546	0.868096989201454	1740.08010064473	0.000673430105227408	0.000144579711592595	1.96589745612533e-07	-0.000446065470098722	-0.000349535485327537	-2.32621670064251e-05
0.130563544540339	0.869436455459661	1742.76502941465	0.000667794146238956	0.000142803787762181	2.07658234298422e-07	-0.000440796721883371	-0.000347725616778338	-2.29949553559410e-05
0.129229686929082	0.870770313070918	1745.43871578301	0.000662364038189773	0.000140919823978564	2.20125769240979e-07	-0.000435146945480543	-0.000346449918636291	-2.27368605383629e-05
0.127901458877179	0.872098541122821	1748.10111783138	0.000657117634972007	0.000138972710407692	2.28367630227995e-07	-0.000428982989268838	-0.000345853366986189	-2.24867682914723e-05
0.126578881217118	0.873421118782882	1750.75219380153	0.000652026117454419	0.000137019320920733	2.31599621649912e-07	-0.000422189108930458	-0.000346038122583834	-2.22437273913139e-05
0.125261974701134	0.874738025298866	1753.39190209609	0.000647056121304574	0.000135100281145679	2.33563816333661e-07	-0.000414708984123653	-0.000347022526982012	-2.20069553701073e-05
0.123950760000879	0.876049239999121	1756.02020127920	0.000642170463705313	0.000133249432837202	2.36694013897799e-07	-0.000406572267695196	-0.000348735720371556	-2.17757895031391e-05
0.122645257707084	0.877354742292916	1758.63705007725	0.000637330547040683	0.000131499026680652	2.40333491349519e-07	-0.000397884536640573	-0.000351047849288808	-2.15496945234413e-05
0.121345488329231	0.878654511670769	1761.24240737945	0.000632501172862954	0.000129856330825941	2.44745202852001e-07	-0.000388784198518653	-0.000353808450372273	-2.13288483895594e-05
0.120051472295216	0.879948527704784	1763.83623223855	0.000627652934377333	0.000128288744904729	2.53091378355234e-07	-0.000379421373799090	-0.000356860883625712	-2.11144353279881e-05
0.118763229951022	0.881236770048978	1766.41848387152	0.000622759660187526	0.000126743227873998	2.66662709677268e-07	-0.000369961428118073	-0.000360042642640956	-2.09072789724198e-05
0.117480781560385	0.882519218439615	1768.98912166016	0.000617798108712714	0.000125190673057077	2.80895711934762e-07	-0.000360550870031801	-0.000363206964700923	-2.07073126225598e-05
0.116204147304467	0.883795852695533	1771.54810515182	0.000612751923277187	0.000123652113849093	2.88831115084029e-07	-0.000351303994029104	-0.000366231057645145	-2.05137381639239e-05
0.114933347281528	0.885066652718472	1774.09539406000	0.000607616477125837	0.000122183164149071	2.86258870348950e-07	-0.000342327991348986	-0.000369001699699617	-2.03246381673864e-05
0.113668401506594	0.886331598493406	1776.63094826504	0.000602405107234303	0.000120843286238214	2.73449117304181e-07	-0.000333703945514483	-0.000371433029015012	-2.01391667545001e-05
0.112409329911132	0.887590670088868	1779.15472781480	0.000597149576138751	0.000119663512533698	2.55150432871810e-07	-0.000325458266968471	-0.000373491592751510	-1.99590419114325e-05
0.111156152342724	0.888843847657276	1781.66669292525	0.000591888023309382	0.000118618729344803	2.38487593517106e-07	-0.000317588576247970	-0.000375179145205030	-1.97866647803395e-05
0.109908888564741	0.890091111435259	1784.16680398118	0.000586649703251076	0.000117641451271784	2.29812828402517e-07	-0.000310096106374251	-0.000376506990348700	-1.96232694750114e-05
0.108667558256017	0.891332441743983	1786.65502153683	0.000581446389578350	0.000116663740492333	2.32424461335801e-07	-0.000302980515980494	-0.000377499520240371	-1.94683695999780e-05
0.107432181010528	0.892567818989472	1789.13130631653	0.000576270883802414	0.000115665918794615	2.44636415376270e-07	-0.000296218117634002	-0.000378209831192448	-1.93191800190439e-05
0.106202776337064	0.893797223662936	1791.59561921537	0.000571100782176804	0.000114691721941530	2.60905390516898e-07	-0.000289762491528017	-0.000378706571847420	-1.91715056968002e-05
0.104979363658911	0.895020636341089	1794.04792129983	0.000565905365445008	0.000113806620161892	2.75588187006698e-07	-0.000283593881656699	-0.000379020323007138	-1.90208216457801e-05
0.103761962313528	0.896238037686472	1796.48817380842	0.000560654955337360	0.000113056085625027	2.84913812076131e-07	-0.000277758245033680	-0.000379106354075956	-1.88628082869476e-05
0.102550591552225	0.897449408447775	1798.91633815235	0.000555331801179908	0.000112456422882327	2.86503062917070e-07	-0.000272333326992219	-0.000378871935386353	-1.86948531615958e-05
0.101345270539846	0.898654729460154	1801.33237591612	0.000549937219094035	0.000112006363469888	2.79009223992119e-07	-0.000267363166095987	-0.000378238463557094	-1.85173191350572e-05
0.100146018354447	0.899853981645553	1803.73624885823	0.000544490462672588	0.000111689614791725	2.63168437617457e-07	-0.000262827197413073	-0.000377183374221622	-1.83328009870001e-05
0.0989528539869803	0.901047146013020	1806.12791891175	0.000539022487881350	0.000111465212144092	2.43124179908781e-07	-0.000258661381621470	-0.000375739273336864	-1.81437814865584e-05
0.0977657963409758	0.902234203659024	1808.50734818501	0.000533570282779733	0.000111265628264507	2.25913074517665e-07	-0.000254798214006159	-0.000373967855963961	-1.79522658798861e-05
0.0965848642322262	0.903415135767774	1810.87449896218	0.000528170959775305	0.000111019131768134	2.17641446801735e-07	-0.000251190098087609	-0.000371932946633815	-1.77605193071387e-05
0.0954100763884696	0.904589923611531	1813.22933370395	0.000522853757155145	0.000110681138291247	2.19475811017387e-07	-0.000247816714265312	-0.000369680426909055	-1.75709101679636e-05
0.0942414514490770	0.905758548550923	1815.57181504815	0.000517633577569206	0.000110247023553370	2.27752917619558e-07	-0.000244685980159377	-0.000367226013428759	-1.73850801926753e-05
0.0930790079647369	0.906920992035263	1817.90190581034	0.000512510134742101	0.000109742128096336	2.37332740426956e-07	-0.000241827632871666	-0.000364555948485155	-1.72037302870761e-05
0.0919227643971439	0.908077235602856	1820.21956898449	0.000507471493033668	0.000109202191387342	2.44954034061985e-07	-0.000239267915860138	-0.000361647525234212	-1.70273354309768e-05
0.0907727391186860	0.909227260881314	1822.52476774359	0.000502496851822380	0.000108650529420506	2.51145371520532e-07	-0.000236992898489435	-0.000358500497652131	-1.68564880402760e-05
0.0896289504121345	0.910371049587866	1824.81746544024	0.000497556078593674	0.000108085615100012	2.59177596388366e-07	-0.000234936869407359	-0.000355152338206187	-1.66908328824332e-05
0.0884914164703329	0.911508583529667	1827.09762560732	0.000492610519283441	0.000107495344714049	2.70825555652769e-07	-0.000233007261672022	-0.000351664523947844	-1.65277378358331e-05
0.0873601553958892	0.912639844604111	1829.36521195857	0.000487620575926229	0.000106879689562274	2.83553715001009e-07	-0.000231114470258115	-0.000348098517007505	-1.63632204145875e-05
0.0862351852008669	0.913764814799133	1831.62018838923	0.000482556268785278	0.000106255407244843	2.92639196728920e-07	-0.000229184992666038	-0.000344502604306718	-1.61943610512980e-05
0.0851165238064779	0.914883476193522	1833.86251897665	0.000477401680396518	0.000105643272795768	2.94987361243756e-07	-0.000227169059150764	-0.000340907101910802	-1.60200451194953e-05
0.0840041890427768	0.915995810957223	1836.09216798091	0.000472152310238498	0.000105051926984280	2.90283687002388e-07	-0.000225051308790133	-0.000337318247603023	-1.58396398652236e-05
0.0828981986483551	0.917101801351645	1838.30909984541	0.000466812084381478	0.000104470306424428	2.80260954451355e-07	-0.000222848816315789	-0.000333717336085224	-1.56524831278634e-05
0.0817985702700373	0.918201429729963	1840.51327919750	0.000461392009038009	0.000103874592021200	2.68396879328116e-07	-0.000220593121236956	-0.000330072521632303	-1.54591832718518e-05
0.0807053214625775	0.919294678537423	1842.70467084910	0.000455906493059983	0.000103243100255163	2.59366454720336e-07	-0.000218315503306689	-0.000326355471269429	-1.52619648459686e-05
0.0796184696883570	0.920381530311643	1844.88323979727	0.000450367327853974	0.000102565484316542	2.57383792790230e-07	-0.000216039944351746	-0.000322554002821524	-1.50630893512930e-05
0.0785380323170827	0.921461967682917	1847.04895122483	0.000444780190281680	0.000101844936284224	2.63979260928507e-07	-0.000213780451517640	-0.000318675623144136	-1.48633829512777e-05
0.0774640266254875	0.922535973374513	1849.20177050099	0.000439146082266290	0.000101100129497763	2.76404910070231e-07	-0.000211546193829188	-0.000314740185011631	-1.46621579432915e-05
0.0763964697970300	0.923603530202970	1851.34166318189	0.000433465455948037	0.000100365195935432	2.88453890676139e-07	-0.000209344264314946	-0.000310771493633183	-1.44581535031514e-05
0.0753353789215969	0.924664621078403	1853.46859501126	0.000427740957121662	9.96814199555096e-05	2.94298324448734e-07	-0.000207174712041148	-0.000306794110099311	-1.42505238085395e-05
0.0742807709952051	0.925719229004795	1855.58253192099	0.000421976326085932	9.90809753984483e-05	2.92195981338811e-07	-0.000205033735149383	-0.000302827593827643	-1.40388958798360e-05
0.0732326629197064	0.926767337080294	1857.68344003171	0.000416173327690469	9.85767767187498e-05	2.84504583782527e-07	-0.000202922041306221	-0.000298878462977135	-1.38226882671913e-05
0.0721910715024905	0.927808928497510	1859.77128565339	0.000410330661588743	9.81640618253816e-05	2.75565309427044e-07	-0.000200845729101867	-0.000294935487580735	-1.36013025653268e-05
0.0711560134561919	0.928843986543808	1861.84603528595	0.000404445217569181	9.78236965435808e-05	2.70159778567494e-07	-0.000198820439238132	-0.000290963091937737	-1.33749794717385e-05
0.0701275053983969	0.929872494601603	1863.90765561984	0.000398513343355840	9.75228803963228e-05	2.71951654239261e-07	-0.000196883875016551	-0.000286893299709443	-1.31446390532231e-05
0.0691055638513506	0.930894436148649	1865.95611353659	0.000392532183832284	9.72217820687494e-05	2.80936170015772e-07	-0.000195099118511161	-0.000282629601393155	-1.29110287443321e-05
0.0680902052416662	0.931909794758334	1867.99137610945	0.000386502735734362	9.68875715181644e-05	2.92069671512047e-07	-0.000193539665131895	-0.000278067671603766	-1.26746504326089e-05
0.0670814459000349	0.932918554099965	1870.01341060392	0.000380433388935910	9.64990690261306e-05	2.97806030628840e-07	-0.000192265763277372	-0.000273121513040591	-1.24364049079232e-05
0.0660793020609365	0.933920697939064	1872.02218447837	0.000374340972427179	9.60355299245003e-05	2.92758825157088e-07	-0.000191308247934732	-0.000267740861395183	-1.21975323671259e-05
0.0650837898623524	0.934916210137648	1874.01766538460	0.000368249314418458	9.54650245670074e-05	2.76403497282464e-07	-0.000190665226249583	-0.000261917974992587	-1.19591504281378e-05
0.0640949253454777	0.935905074654522	1875.99982116840	0.000362187564398183	9.47486746254063e-05	2.52442546115794e-07	-0.000190300744239061	-0.000255692436290134	-1.17223996438085e-05
0.0631127244544357	0.936887275545564	1877.96861987016	0.000356188576213859	9.38566146529796e-05	2.26465673094461e-07	-0.000190142894377181	-0.000249153899998970	-1.14890696362689e-05
0.0621372030359940	0.937862796964006	1879.92402972539	0.000350285719704166	9.27803890649913e-05	2.03697438768109e-07	-0.000190091607881790	-0.000242432670037862	-1.12616234002209e-05
0.0611683768392796	0.938831623160720	1881.86601916534	0.000344508091725280	9.15345017217143e-05	1.87711191146602e-07	-0.000190038375483465	-0.000235676281048795	-1.10424389295581e-05
0.0602062615154976	0.939793738484502	1883.79455681755	0.000338876248534059	9.01491823562855e-05	1.80571998701042e-07	-0.000189888690983428	-0.000229022558109708	-1.08332099192842e-05
0.0592508726176487	0.940749127382351	1885.70961150637	0.000333399696781521	8.86613047342059e-05	1.83443120898335e-07	-0.000189576977310143	-0.000222580199923070	-1.06348101079880e-05
0.0583022256002503	0.941697774399750	1887.61115225360	0.000328075849077753	8.71097687205188e-05	1.95968082632386e-07	-0.000189071236885775	-0.000216419086509182	-1.04471367152988e-05
0.0573603358190564	0.942639664180944	1889.49914827898	0.000322890746401653	8.55339809944391e-05	2.14956725738285e-07	-0.000188371818833632	-0.000210566271207312	-1.02689984699935e-05
0.0564252185307794	0.943574781469221	1891.37356900078	0.000317822304617116	8.39705646440344e-05	2.34667930243575e-07	-0.000187506388615648	-0.000205007089706897	-1.00984645119616e-05
0.0554968888928141	0.944503111107186	1893.23438403638	0.000312845378284314	8.24482995661293e-05	2.49446025133197e-07	-0.000186520324964495	-0.000199693790178914	-9.93358488636520e-06
0.0545753619629618	0.945424638037038	1895.08156320275	0.000307936422356288	8.09844898265317e-05	2.56826819497914e-07	-0.000185465773200069	-0.000194559101268110	-9.77307203155863e-06
0.0536606526991550	0.946339347300845	1896.91507651708	0.000303075743516277	7.95845051391503e-05	2.58454691002940e-07	-0.000184393647712836	-0.000189529151519206	-9.61653737544904e-06
0.0527527759591849	0.947247224040815	1898.73489419726	0.000298247223058130	7.82436723215378e-05	2.58093507671074e-07	-0.000183348303603525	-0.000184533950574361	-9.46414101912557e-06
0.0518517465004288	0.948148253499571	1900.54098666248	0.000293437366937954	7.69494265772007e-05	2.58779028485222e-07	-0.000182361798323878	-0.000179517014236540	-9.31607937926363e-06
0.0509575789795788	0.949042421020421	1902.33332453374	0.000288635533163916	7.56828794300457e-05	2.61612222864222e-07	-0.000181446324983468	-0.000174444897466308	-9.17245391019247e-06
0.0500702879523726	0.949929712047627	1904.11187863441	0.000283835274389825	7.44208757811778e-05	2.66454854892718e-07	-0.000180587695144349	-0.000169314426779259	-9.03353891110251e-06
0.0491898878733239	0.950810112126676	1905.87661999075	0.000279035164973018	7.31405695719441e-05	2.72700783214882e-07	-0.000179745878789036	-0.000164153211401063	-8.89999353198574e-06
0.0483163930954558	0.951683606904544	1907.62751983246	0.000274237922063567	7.18267805410550e-05	2.78844104325069e-07	-0.000178865841205126	-0.000159010731470332	-8.77258300157005e-06
0.0474498178700342	0.952550182129966	1909.36454959322	0.000269448436417857	7.04779951979899e-05	2.81924611029883e-07	-0.000177893096310015	-0.000153943945282438	-8.65160293550597e-06
0.0465901763463021	0.953409823653698	1911.08768091120	0.000264672279052042	6.91058717003659e-05	2.78604956841915e-07	-0.000176784219333071	-0.000149005443465658	-8.53658482650166e-06
0.0457374825712166	0.954262517428783	1912.79688562960	0.000259915392885819	6.77278082335618e-05	2.67516388484680e-07	-0.000175510101950309	-0.000144237252739783	-8.42647014442046e-06
0.0448917504891863	0.955108249510814	1914.49213579717	0.000255184403632379	6.63576795189267e-05	2.50627073368195e-07	-0.000174056113862381	-0.000139667885010323	-8.31999576896833e-06
0.0440529939418089	0.955947006058191	1916.17340366877	0.000250486634323565	6.50010563299103e-05	2.32204045571837e-07	-0.000172421534811682	-0.000135311034809045	-8.21597015449617e-06
0.0432212266676121	0.956778773332388	1917.84066170584	0.000245829494238176	6.36567248848318e-05	2.16420545705069e-07	-0.000170618143834862	-0.000131166722449039	-8.11330833971636e-06
0.0423964623017939	0.957603537698206	1919.49388257693	0.000241219680330198	6.23212011862949e-05	2.05806095946053e-07	-0.000168665990134312	-0.000127226664235228	-8.01100008957554e-06
0.0415787143759655	0.958421285624035	1921.13303915826	0.000236662715865762	6.09928587867237e-05	2.01330302388039e-07	-0.000166584197432904	-0.000123484535121030	-7.90827774054368e-06
0.0407679963178945	0.959232003682106	1922.75810453417	0.000232162715052493	5.96753972706620e-05	2.03032093180815e-07	-0.000164379559852781	-0.000119947645707166	-7.80493050463213e-06
0.0399643214512495	0.960035678548751	1924.36905199768	0.000227721828316782	5.83807096864025e-05	2.10074256182063e-07	-0.000162040278287793	-0.000116643042873425	-7.70134008473889e-06
0.0391677029953472	0.960832297004653	1925.96585505098	0.000223339315053785	5.71288001799354e-05	2.20489600144108e-07	-0.000159539710240200	-0.000113613040149869	-7.59803204680908e-06
0.0383781540648987	0.961621845935101	1927.54848740595	0.000219011074087470	5.59429772403219e-05	2.31508082310436e-07	-0.000156848047898078	-0.000110901708201579	-7.49508793733498e-06
0.0375956876697586	0.962404312330241	1929.11692298463	0.000214730525682774	5.48425566241870e-05	2.40531224446677e-07	-0.000153945192731564	-0.000108539319137131	-7.39193840252871e-06
0.0368203167146752	0.963179683285325	1930.67113591975	0.000210490753726009	5.38374957887596e-05	2.45954262520928e-07	-0.000150828769675122	-0.000106532078402565	-7.28765259925363e-06
0.0360520539990413	0.963947946000959	1932.21110055524	0.000206286854853852	5.29270652463221e-05	2.47302911570119e-07	-0.000147515065849222	-0.000104860428768838	-7.18142379337195e-06
0.0352909122166473	0.964709087783353	1933.73679144668	0.000202117374480971	5.21012960847740e-05	2.44951212490158e-07	-0.000144034190988546	-0.000103484512034275	-7.07292058281643e-06
0.0345369039554343	0.965463096044566	1935.24818336184	0.000197984351148934	5.13431765097832e-05	2.39875505783051e-07	-0.000140422688348440	-0.000102352872928955	-6.96234160858806e-06
0.0337900416972503	0.966209958302750	1936.74525128116	0.000193892217589214	5.06308138927994e-05	2.33531302322942e-07	-0.000136716974094585	-0.000101410727642411	-6.85023217531679e-06
0.0330503378176060	0.966949662182394	1938.22797039821	0.000189846202245785	4.99399046769720e-05	2.27656790480539e-07	-0.000132949445648184	-0.000100605917153675	-6.73721994927257e-06
0.0323178045854328	0.967682195414567	1939.69631612019	0.000185850885429693	4.92467082625168e-05	2.23876611522169e-07	-0.000129147005075445	-9.98924367584138e-05	-6.62378896727007e-06
0.0315924541628419	0.968407545837158	1941.15026406846	0.000181909355403994	4.85311760901691e-05	2.23244965826896e-07	-0.000125330756784947	-9.92322374213542e-05	-6.51015696711235e-06
0.0308742986048856	0.969125701395114	1942.58979007893	0.000178023096998383	4.77796655412553e-05	2.25997311038976e-07	-0.000121516374349853	-9.85956136859560e-05	-6.39628608869219e-06
0.0301633498593182	0.969836650140682	1944.01487020261	0.000174192393659506	4.69864716862822e-05	2.31653344400673e-07	-0.000117715742896967	-9.79597799940596e-05	-6.28200782569722e-06
0.0294596197663597	0.970540380233640	1945.42548070607	0.000170416795013665	4.61534582925892e-05	2.39355488099067e-07	-0.000113940215456923	-9.73055761932054e-05	-6.16717878573908e-06
0.0287631200584605	0.971236879941540	1946.82159807186	0.000166695282221860	4.52875929379638e-05	2.48192697144654e-07	-0.000110204230619704	-9.66135929542477e-05	-6.05175893625568e-06
0.0280738623600674	0.971926137639933	1948.20319899907	0.000163026114677751	4.43968732787168e-05	2.57389209530374e-07	-0.000106527251135134	-9.58616103352862e-05	-5.93578811138812e-06
0.0273918581873910	0.972608141812609	1949.57026040372	0.000159406640110317	4.34858567455640e-05	2.66391411545597e-07	-0.000102933314867263	-9.50241446076206e-05	-5.81934264625213e-06
0.0267171189481742	0.973282881051826	1950.92275941926	0.000155833336355998	4.25525125837994e-05	2.74850529468774e-07	-9.94492414801573e-05	-9.40734664066047e-05	-5.70252620699344e-06
0.0260496559414626	0.973950344058537	1952.26067339701	0.000152302136380110	4.15877354417643e-05	2.82480355923294e-07	-9.61025925432673e-05	-9.29812999533882e-05	-5.58547037331329e-06
0.0253894803573763	0.974610519642624	1953.58397990664	0.000148808922554631	4.05776910833095e-05	2.88894567588987e-07	-9.29193624867350e-05	-9.17211688602725e-05	-5.46832757687990e-06
0.0247366032768827	0.975263396723117	1954.89265673661	0.000145350034869113	3.95080667278038e-05	2.93566046476076e-07	-8.99210402814273e-05	-9.02715256515009e-05	-5.35127319697948e-06
0.0240910356715703	0.975908964328430	1956.18668189463	0.000141922667302443	3.83686992676141e-05	2.95910365032681e-07	-8.71216361665984e-05	-8.86189595867786e-05	-5.23452159172655e-06
0.0234527884034260	0.976547211596574	1957.46603360809	0.000138525093034996	3.71569502014248e-05	2.95394752749766e-07	-8.45260702060153e-05	-8.67600700010734e-05	-5.11834058923543e-06
0.0228218722246109	0.977178127775389	1958.73069032455	0.000135156732216841	3.58786638560134e-05	2.91636274321678e-07	-8.21307143671863e-05	-8.47011236622718e-05	-5.00305737080926e-06
0.0221982977772397	0.977801702222760	1959.98063071213	0.000131818100551552	3.45465179807145e-05	2.84536417739733e-07	-7.99254960433314e-05	-8.24559386848233e-05	-4.88905880861806e-06
0.0215820755931608	0.978417924406839	1961.21583365999	0.000128510645164978	3.31766201794149e-05	2.74455601768661e-07	-7.78962789398170e-05	-8.00432538541659e-05	-4.77677518491270e-06
0.0209732160937378	0.979026783906262	1962.43627827876	0.000125236452529806	3.17848123819459e-05	2.62328029085839e-07	-7.60266048371179e-05	-7.74846690717092e-05	-4.66662804313048e-06
0.0203717295896327	0.979628270410367	1963.64194390094	0.000121997855117630	3.03840762288013e-05	2.49611592399150e-07	-7.42985622995587e-05	-7.48036125094358e-05	-4.55895167728620e-06
0.0197776262805901	0.980222373719410	1964.83281008139	0.000118797029373130	2.89837871329897e-05	2.38069691656243e-07	-7.26929862787306e-05	-7.20252251010070e-05	-4.45393334562071e-06
0.0191909162552239	0.980809083744776	1966.00885659772	0.000115635688029435	2.75907020768970e-05	2.29470046185819e-07	-7.11893959869052e-05	-6.91766651251838e-05	-4.35161177182695e-06
0.0186116094908037	0.981388390509196	1967.17006345073	0.000112514909126123	2.62109222172705e-05	2.25284908849420e-07	-6.97661114403090e-05	-6.62871944848219e-05	-4.25192974377587e-06
0.0180397158530448	0.981960284146955	1968.31641086482	0.000109435064555835	2.48519041806490e-05	2.26423488969937e-07	-6.84007923444168e-05	-6.33876404575786e-05	-4.15479604830576e-06
0.0174752450958980	0.982524754904102	1969.44787928842	0.000106395778188904	2.35238052668905e-05	2.33001304905083e-07	-6.70712757961515e-05	-6.05093170379805e-05	-4.06010708220491e-06
0.0169182068613421	0.983081793138658	1970.56444939442	0.000103395878190997	2.22397538366553e-05	2.44191846282016e-07	-6.57563357497707e-05	-5.76828195605721e-05	-3.96771046419410e-06
0.0163686106791769	0.983631389320823	1971.66610208055	0.000100433375022730	2.10149112400605e-05	2.58263436692642e-07	-6.44361339361820e-05	-5.49369646773506e-05	-3.87733860285220e-06
0.0158264659668182	0.984173534033182	1972.75281846983	9.75055358906691e-05	1.98644979967929e-05	2.72887248302891e-07	-6.30925790629859e-05	-5.22977421017061e-05	-3.78856794774355e-06
0.0152917820290947	0.984708217970905	1973.82457991093	9.46090969160834e-05	1.88012993933840e-05	2.85680567105202e-07	-6.17100435774942e-05	-4.97869901447227e-05	-3.70084831586198e-06
0.0147645680580457	0.985235431941954	1974.88136797864	9.17405760193349e-05	1.78334160558923e-05	2.94789474722771e-07	-6.02765609817040e-05	-4.74208151126912e-05	-3.61359614861019e-06
0.0142448331327208	0.985755166867279	1975.92316447422	8.88965953998982e-05	1.69629939900363e-05	2.99253173503364e-07	-5.87850494147605e-05	-4.52082287828046e-05	-3.52629135567989e-06
0.0137325862189807	0.986267413781019	1976.94995142579	8.60741424244011e-05	1.61862538866164e-05	2.99022036525558e-07	-5.72338861207380e-05	-4.31506127307878e-05	-3.43852089027223e-06
0.0132278361693007	0.986772163830699	1977.96171108880	8.32707572750598e-05	1.54945695439651e-05	2.94721892969324e-07	-5.56264704553468e-05	-4.12423131284294e-05	-3.34996991660418e-06
0.0127305917225737	0.987269408277426	1978.95842594632	8.04846633806106e-05	1.48760284954539e-05	2.87359413537109e-07	-5.39699066654935e-05	-3.94722070386880e-05	-3.26040065054406e-06
0.0122408615039170	0.987759138496083	1979.94007870951	7.77148377310743e-05	1.43169779306535e-05	2.78092860074486e-07	-5.22732476979839e-05	-3.78257767006986e-05	-3.16964636549208e-06
0.0117586540244792	0.988241345975521	1980.90665231798	7.49609986971612e-05	1.38033106589113e-05	2.68076814635774e-07	-5.05457968929812e-05	-3.62871677207930e-05	-3.07761623248045e-06
0.0112839776812490	0.988716022318751	1981.85812994015	7.22235021248183e-05	1.33214413685385e-05	2.58346753935115e-07	-4.87958491921348e-05	-3.48408224447859e-05	-2.98429393324795e-06
0.0108168407568659	0.989183159243134	1982.79449497367	6.95031700754900e-05	1.28589951501007e-05	2.49735939265444e-07	-4.70300488630810e-05	-3.34724868911714e-05	-2.88972282212405e-06
0.0103572514194327	0.989642748580567	1983.71573104578	6.68011030006463e-05	1.24052416290196e-05	2.42843318042311e-07	-4.52533229880409e-05	-3.21696106569179e-05	-2.79398362992693e-06
0.00990521772232810	0.990094782277672	1984.62182201365	6.41185235215253e-05	1.19513244912662e-05	2.38058355731149e-07	-4.34691974082622e-05	-3.09213194967078e-05	-2.69717434043651e-06
0.00946074760402322	0.990539252395977	1985.51275196481	6.14566794483838e-05	1.14903588044368e-05	2.35616717565765e-07	-4.16802573359133e-05	-2.97181956093357e-05	-2.59939779425710e-06
0.00902384888789752	0.990976151112103	1986.38850521748	5.88168104292202e-05	1.10174646178180e-05	2.35647074111302e-07	-3.98885661174154e-05	-2.85520578713885e-05	-2.50075778650439e-06
0.00859452928205781	0.991405470717942	1987.24906632094	5.62001644178082e-05	1.05297653483932e-05	2.38186075605231e-07	-3.80959552672538e-05	-2.74158378021304e-05	-2.40136214210937e-06
0.00817279637915857	0.991827203620841	1988.09442005590	5.36080423531764e-05	1.00263316145377e-05	2.43167667734286e-07	-3.63041938212755e-05	-2.63035495368847e-05	-2.30133047512879e-06
0.00775865765622314	0.992241342343777	1988.92455143482	5.10418457710870e-05	9.50803263245927e-06	2.50409960339028e-07	-3.45150970496541e-05	-2.52102924853147e-05	-2.20080349991609e-06
0.00735212047446753	0.992647879525533	1989.73944570233	4.85031052572609e-05	8.97727899239752e-06	2.59618636541090e-07	-3.27306327275645e-05	-2.41322172470563e-05	-2.09994992461076e-06
0.00695319207912536	0.993046807920875	1990.53908833553	4.59934756968873e-05	8.43767956930666e-06	2.70409849138895e-07	-3.09530459380257e-05	-2.30664154338846e-05	-1.99896724201184e-06
0.00656187959927467	0.993438120400725	1991.32346504435	4.35146955941726e-05	7.89365950954025e-06	2.82343033336820e-07	-2.91849847748035e-05	-2.20107341786406e-05	-1.89807470924331e-06
0.00617819004766606	0.993821809952334	1992.09256177188	4.10685202239814e-05	7.35008271490280e-06	2.94952538766391e-07	-2.74295946741340e-05	-2.09635434636754e-05	-1.79749972642387e-06
0.00580213032055286	0.994197869679447	1992.84636469476	3.86566456440517e-05	6.81190340144649e-06	3.07772977851244e-07	-2.56905592796690e-05	-1.99234930520516e-05	-1.69746121886403e-06
0.00543370719752277	0.994566292802477	1993.58486022346	3.62806423335564e-05	6.28385715224471e-06	3.20358722946072e-07	-2.39720830002294e-05	-1.88892944450800e-05	-1.59815444491497e-06
0.00507292734133132	0.994927072658669	1994.30803500264	3.39419123349325e-05	5.77020094985985e-06	3.32298980800564e-07	-2.22788185105300e-05	-1.78595600872369e-05	-1.49974081909340e-06
0.00471979729773660	0.995280202702263	1995.01587591148	3.16416758592585e-05	5.27451700906042e-06	3.43228058791444e-07	-2.06157401721861e-05	-1.68327275422603e-05	-1.40234450164726e-06
0.00437432349533637	0.995625676504664	1995.70837006401	2.93809850648114e-05	4.79959511491773e-06	3.52829262814852e-07	-1.89879618996056e-05	-1.58070853961790e-05	-1.30605548664396e-06
0.00403651224540640	0.995963487754594	1996.38550480943	2.71607573983829e-05	4.34739843586211e-06	3.60832098575230e-07	-1.74005039375199e-05	-1.47808985125954e-05	-1.21093738338445e-06
0.00370636974174038	0.996293630258260	1997.04726773241	2.49818185223423e-05	3.91910292555131e-06	3.67005252426144e-07	-1.58580265792218e-05	-1.37526080814107e-05	-1.11703739477303e-06
0.00338390206049208	0.996616097939508	1997.69364665345	2.28449455821885e-05	3.51518869187663e-06	3.71149988314104e-07	-1.43645622691310e-05	-1.27210652744597e-05	-1.02439617061337e-06
0.00306911516001845	0.996930884839982	1998.32462962917	2.07509042707052e-05	3.13555849050717e-06	3.73098608774148e-07	-1.29232831022119e-05	-1.16857526300504e-05	-9.33055967179387e-07
0.00276201488072557	0.997237985119274	1998.94020495261	1.87004757647347e-05	2.77966351837579e-06	3.72720539455911e-07	-1.15363357781655e-05	-1.06469554064945e-05	-8.43066447017422e-07
0.00246260694491503	0.997537393055085	1999.54036115354	1.66944725376634e-05	2.44662655928782e-06	3.69935451658110e-07	-1.02047632316676e-05	-9.60586189806274e-06	-7.54488145017862e-07
0.00217089695663282	0.997829103043367	2000.12508699879	1.47337435639655e-05	2.13536343655437e-06	3.64729864322830e-07	-8.92851666686784e-06	-8.56459238145592e-06	-6.67393959226903e-07
0.00188689040152026	0.998113109598480	2000.69437149251	1.28191705968801e-05	1.84471456599191e-06	3.57172096654365e-07	-7.70654829050010e-06	-7.52617775089780e-06	-5.81869060614981e-07
0.00161059264666548	0.998389407353335	2001.24820387652	1.09516571609923e-05	1.57361315087283e-06	3.47420769329745e-07	-6.53696623593715e-06	-6.49453370372749e-06	-4.98009522165294e-07
0.00134200894045803	0.998657991059542	2001.78657363052	9.13211255678957e-06	1.32134981673838e-06	3.35723689966815e-07	-5.41722935469039e-06	-5.47452107307689e-06	-4.15919892530274e-07
0.00108114441244415	0.998918855587556	2002.30947047247	7.36143300816558e-06	1.08809394884573e-06	3.22406389967401e-07	-4.34435970044190e-06	-4.47230449473733e-06	-3.35709944580312e-07
0.000828004073184763	0.999171995926815	2002.81688435882	5.64048191618504e-06	8.76194423648219e-07	3.07851999166488e-07	-3.31515322540088e-06	-3.49665276668926e-06	-2.57490892917549e-07
0.000582592814114250	0.999417407185886	2003.30880548479	3.97007107127487e-06	6.94448758928898e-07	2.92475669582957e-07	-2.32637324125175e-06	-2.56380953449658e-06	-1.81371441732901e-07
0.000344915407401969	0.999655084592598	2003.78522428469	2.35094442319255e-06	5.79112568146100e-07	2.80729168723967e-07	-1.37491571289877e-06	-1.72238069039620e-06	-1.07454043050458e-07
0.000114976505814595	0.999885023494185	2004.24613143216	7.84017912844078e-07	-1.49348356893814e-06	2.72921895781637e-07	-4.57939900042759e-07	1.42700921789338e-06	-3.58317031794211e-08
