# Postprocessed results of turbulent pipe flow 
# Reynolds stress transporation term: k 
# ------------------------------------------------------------------
# uTau = 0.0241079 
# nu = 1.20482e-05 
# ------------------------------------------------------------------
# r	 1-r	 y+	 production	 Turbulent_Transport	 Viscous_Transport	  Pressure_Strain	 Pressure_Transport	 Viscous_Dissipation	 
# ------------------------------------------------------------------
1	0	0	1.45147035024573e-43	-2.61578032018154e-06	0.262228942644116	0	5.76085281483633e-05	-0.267411234166522
0.999955187634167	4.48123658329802e-05	0.0898253386646465	7.66590318084217e-07	3.37075854528220e-06	0.259021291144829	0	0.00214108001963810	-0.263107232405572
0.999902564001706	9.74359982940376e-05	0.195308178494976	7.96413657421696e-06	2.09752461890577e-05	0.253816277276978	0	0.00448349136811629	-0.258478916186600
0.999842130928339	0.000157869071661043	0.316444859873703	3.42676434291324e-05	7.80153150010442e-05	0.246517969219749	0	0.00692557422738847	-0.253663136635714
0.999773890361304	0.000226109638695959	0.453231479607750	0.000101913060895021	0.000217532341278877	0.238989576204094	0	0.00938821454066758	-0.248779412345186
0.999697844369260	0.000302155630739986	0.605663891118961	0.000246224984272061	0.000506135851308901	0.231293423081790	0	0.0117956215539113	-0.243921354073160
0.999613995142192	0.000386004857808042	0.773737704633485	0.000519584754612867	0.00103906216700040	0.223408390838167	0	0.0140786850554013	-0.239150398473037
0.999522344991310	0.000477655008690014	0.957448287384738	0.000995579121221946	0.00194273507981673	0.215216901645244	0	0.0161778085795977	-0.234491457839710
0.999422896348953	0.000577103651047017	1.15679076380634	0.00177287095001646	0.00337212583274019	0.206500881821635	0	0.0180450488019225	-0.229931081183645
0.999315651768484	0.000684348231515974	1.37176001574176	0.00297810103764441	0.00549987801862721	0.196951334222387	0	0.0196454297320451	-0.225419187909844
0.999200613924187	0.000799386075812980	1.60235068265148	0.00476690541713983	0.00849490693153076	0.186195533563575	0	0.0209573594296341	-0.220875618252471
0.999077785611161	0.000922214388838993	1.84855716182489	0.00732198641654010	0.0124903941142605	0.173843224876933	0	0.0219721678998468	-0.216202300171715
0.998947169745211	0.00105283025478897	2.11037360859901	0.0108471987365624	0.0175445755916919	0.159548643457554	0	0.0226928582689173	-0.211300609828781
0.998808769362744	0.00119123063725601	2.38779393656726	0.0155568898262054	0.0236014828403463	0.143079824967278	0	0.0231322238079398	-0.206091788110221
0.998662587620649	0.00133741237935103	2.68081181781935	0.0216603121624990	0.0304613294639744	0.124382452170397	0	0.0233105311461671	-0.200536717858040
0.998508627796193	0.00149137220380702	2.98942068315023	0.0293417713796112	0.0377701862266868	0.103624265126836	0	0.0232529972705133	-0.194650687900827
0.998346893286899	0.00165310671310104	3.31361372230470	0.0387381597088390	0.0450354507973049	0.0812087632030171	0	0.0229872935979801	-0.188509394227050
0.998177387610434	0.00182261238956605	3.65338388420148	0.0499164359699886	0.0516680722030099	0.0577530233815602	0	0.0225412941518138	-0.182244261232955
0.998000114404488	0.00199988559551201	4.00872387717602	0.0628542028803712	0.0570461645130164	0.0340321664473584	0	0.0219412471512695	-0.176027633842926
0.997815077426654	0.00218492257334602	4.37962616922126	0.0774265894053624	0.0605894756135367	0.0109000194363892	0	0.0212104936275425	-0.170050704083833
0.997622280554307	0.00237771944569298	4.76608298822959	0.0934020719587282	0.0618316561850910	-0.0108000724710450	0	0.0203687891539602	-0.164498516461718
0.997421727784479	0.00257827221552098	5.16808632224403	0.110448721360584	0.0604779485883541	-0.0303194500437005	0	0.0194322138452392	-0.159526711299319
0.997213423233732	0.00278657676626803	5.58562791971243	0.128150851665419	0.0564393227584510	-0.0470709275128771	0	0.0184135908364344	-0.155243876957117
0.996997371138035	0.00300262886196501	6.01869928973380	0.146034478839659	0.0498390669219451	-0.0606703242569115	0	0.0173232829421831	-0.151701853944707
0.996773575852631	0.00322642414736896	6.46729170232555	0.163598692870368	0.0409930209134163	-0.0709502564282754	0	0.0161702068751551	-0.148894555048895
0.996542041851904	0.00345795814809602	6.93139618868995	0.180349258228421	0.0303688618735658	-0.0779485341989139	0	0.0149628962832864	-0.146764279353820
0.996302773729253	0.00369722627074698	7.41100354146576	0.195830609616378	0.0185324225737915	-0.0818769608879697	0	0.0137104584173735	-0.145213401640425
0.996055776196952	0.00394422380304804	7.90610431501042	0.209652881744205	0.00608975715789705	-0.0830780557017952	0	0.0124233017776673	-0.144118836052498
0.995801054086013	0.00419894591398695	8.41668882567292	0.221511557187566	-0.00636719545186371	-0.0819773140830986	0	0.0111135567813879	-0.143346770165159
0.995538612346054	0.00446138765394599	8.94274715206038	0.231198512059925	-0.0183054628058321	-0.0790374715350901	0	0.00979516048924099	-0.142765688113846
0.995268456045154	0.00473154395484599	9.48426913532667	0.238604445377347	-0.0292829802481246	-0.0747193846432284	0	0.00848362338553964	-0.142256432891871
0.994990590369711	0.00500940963028895	10.0412443794584	0.243713692997135	-0.0389666096566832	-0.0694521125767038	0	0.00719553395909246	-0.141718795589267
0.994705020624303	0.00529497937569701	10.6136622515534	0.246593123312543	-0.0471371913116454	-0.0636129660953993	0	0.00594787989873030	-0.141074725805030
0.994411752231539	0.00558824776846101	11.2015118821184	0.247377145868060	-0.0536839309025974	-0.0575168940387242	0	0.00475727394227546	-0.140268676875683
0.994110790731916	0.00588920926808401	11.8047821653571	0.246250865327559	-0.0585911330559623	-0.0514136548049087	0	0.00363917289613912	-0.139265835040723
0.993802141783668	0.00619785821633201	12.4234617594717	0.243433160599692	-0.0619204212794801	-0.0454907602759048	0	0.00260717021072626	-0.138049048702574
0.993485811162616	0.00651418883738397	13.0575390869641	0.239161061608401	-0.0637912510950928	-0.0398801332208879	0	0.00167242478748145	-0.136615195451489
0.993161804762017	0.00683819523798301	13.7070023349389	0.233676330939611	-0.0643619168625593	-0.0346666837130068	0	0.000843265802432821	-0.134971547364888
0.992830128592411	0.00716987140758896	14.3718394554089	0.227214713821893	-0.0638125551025297	-0.0298974454502132	0	0.000124989635282012	-0.133132487916651
0.992490788781466	0.00750921121853398	15.0520381656074	0.219997951311891	-0.0623309796670710	-0.0255903704191061	0	-0.000480159497882819	-0.131116746636881
0.992143791573819	0.00785620842618096	15.7475859483053	0.212228384288050	-0.0601016616888857	-0.0217422227543310	0	-0.000972854033147469	-0.128945196047390
0.991789143330920	0.00821085666907995	16.4584700521251	0.204085811933479	-0.0572978342375284	-0.0183352252004393	0	-0.00135642150706119	-0.126639231763664
0.991426850530871	0.00857314946912902	17.1846774918631	0.195726191846433	-0.0540764248011941	-0.0153423154460385	0	-0.00163648775652697	-0.124219711527399
0.991056919768265	0.00894308023173496	17.9261950488115	0.187281754905808	-0.0505752988036295	-0.0127310903870665	0	-0.00182056430037356	-0.121706345692212
0.990679357754020	0.00932064224597995	18.6830092710926	0.178862131980170	-0.0469122363867365	-0.0104666795824546	0	-0.00191760663882908	-0.119117418423432
0.990294171315216	0.00970582868478398	19.4551064739842	0.170556138490556	-0.0431850897017008	-0.00851385186035929	0	-0.00193757259184952	-0.116469689263414
0.989901367394930	0.0100986326050700	20.2424727402510	0.162433928740731	-0.0394727725015290	-0.00683854733323260	0	-0.00189100730347250	-0.113778345240545
0.989500953052064	0.0104990469479360	21.0450939204889	0.154549306269141	-0.0358369615992691	-0.00540882911598695	0	-0.00178866260264219	-0.111057027447522
0.989092935461176	0.0109070645388240	21.8629556334643	0.146942039180501	-0.0323242744818079	-0.00419527175284975	0	-0.00164115871319563	-0.108317985902753
0.988677321912312	0.0113226780876881	22.6960432664511	0.139640076124889	-0.0289684954424646	-0.00317101450960627	0	-0.00145870017921793	-0.105572270753659
0.988254119810828	0.0117458801891720	23.5443419755857	0.132661588881337	-0.0257926455627320	-0.00231171767089531	0	-0.00125084369391371	-0.102829883793825
0.987823336677216	0.0121766633227840	24.4078366862184	0.126016788838022	-0.0228109791394814	-0.00159548094436180	0	-0.00102631060842970	-0.100099937985852
0.987384980146932	0.0126150198530680	25.2865120932562	0.119709494943251	-0.0200308445814218	-0.00100271329706401	0	-0.000792847807662656	-0.0973907716110779
0.986939057970213	0.0130609420297870	26.1803526615304	0.113738465975963	-0.0174542729737523	-0.000515991768022913	0	-0.000557132226045994	-0.0947099873549192
0.986485578011899	0.0135144219881010	27.0893426261532	0.108098533934740	-0.0150792573835186	-0.000119989607512707	0	-0.000324740186868512	-0.0920644086100778
0.986024548251253	0.0139754517487470	28.0134659928787	0.102781575988197	-0.0129006900974054	0.000198559286206841	0	-0.000100197485704071	-0.0894599891635820
0.985555976781777	0.0144440232182230	28.9527065384715	0.0977773322610922	-0.0109110689194985	0.000451049199372059	0	0.000112921196208724	-0.0869019042012132
0.985079871811029	0.0149201281889710	29.9070478110737	0.0930740541189746	-0.00910118542646793	0.000647423803207381	0	0.000311865768334991	-0.0843947497529234
0.984596241660436	0.0154037583395640	30.8764731305794	0.0886589895167606	-0.00746089474271893	0.000796631417554099	0	0.000494596853566176	-0.0819426378779579
0.984105094765106	0.0158949052348940	31.8609655890124	0.0845187343685111	-0.00597975904050440	0.000906791936607027	0	0.000659709301306120	-0.0795491402349989
0.983606439673643	0.0163935603263570	32.8605080508957	0.0806394882248555	-0.00464728433741511	0.000984980668532069	0	0.000806394230935246	-0.0772171845638285
0.983100285047950	0.0168997149520500	33.8750831536476	0.0770072565866348	-0.00345290624931982	0.00103697040014591	0	0.000934360203821709	-0.0749489667737327
0.982586639663045	0.0174133603369550	34.9046733079497	0.0736080390123304	-0.00238616991935954	0.00106736109644069	0	0.00104374123731931	-0.0727459970514039
0.982065512406857	0.0179344875931430	35.9492606981566	0.0704280223068856	-0.00143705434822938	0.00108002983790757	0	0.00113500598798246	-0.0706092893047823
0.981536912280045	0.0184630877199550	37.0088272826576	0.0674537632049232	-0.000596052680437745	0.00107844856403513	0	0.00120883066226185	-0.0685394810946122
0.981000848395788	0.0189991516042120	38.0833547942989	0.0646723158297752	0.000145903645490511	0.00106568348924751	0	0.00126602489573502	-0.0665368324017120
0.980457329979594	0.0195426700204060	39.1728247407655	0.0620712637004737	0.000797513499908767	0.00104433722554007	0	0.00130747662794923	-0.0646011042829439
0.979906366369101	0.0200936336308990	40.2772184049806	0.0596386985900998	0.00136701248720288	0.00101661960460342	0	0.00133414466740850	-0.0627316643199163
0.979347967013871	0.0206520329861291	41.3965168455183	0.0573632329991599	0.00186212086608021	0.000984328185025484	0	0.00134709114466399	-0.0609276047478391
0.978782141475193	0.0212178585248070	42.5307008969982	0.0552340597295787	0.00229024717340634	0.000948702108065059	0	0.00134747200666254	-0.0591876246366719
0.978208899425876	0.0217911005741240	43.6797511705016	0.0532409794425005	0.00265847627312612	0.000910476571002299	0	0.00133648691128735	-0.0575100963377708
0.977628250650044	0.0223717493499560	44.8436480539805	0.0513743654067604	0.00297316874250408	0.000870114751901850	0	0.00131538172624726	-0.0558932929670880
0.977040205042929	0.0229597949570710	46.0223717126740	0.0496251355221615	0.00323990867871841	0.000828025619182606	0	0.00128544891423254	-0.0543354081996395
0.976444772610664	0.0235552273893360	47.2159020895227	0.0479847706575820	0.00346371724473235	0.000784867425702268	0	0.00124795596909119	-0.0528346849197713
0.975841963470071	0.0241580365299290	48.4242189055935	0.0464453157154640	0.00364886624392682	0.000741668034905837	0	0.00120409385020855	-0.0513896011659655
0.975231787848450	0.0247682121515500	49.6473016605032	0.0449993014430764	0.00379900134322596	0.000699444996558775	0	0.00115489254890319	-0.0499984698801539
0.974614256083370	0.0253857439166300	50.8851296328362	0.0436396359317453	0.00391751078095096	0.000658860555629214	0	0.00110124970360097	-0.0486592749539637
0.973989378622450	0.0260106213775499	52.1376818805850	0.0423595969294575	0.00400765375856745	0.000620245535994961	0	0.00104401155054280	-0.0473700116856700
0.973357166023145	0.0266428339768550	53.4049372415781	0.0411529465672878	0.00407267136763479	0.000583636360881054	0	0.000983936201196376	-0.0461287619114944
0.972717628952531	0.0272823710474690	54.6868743339113	0.0400140254259680	0.00411573028874696	0.000548773004026619	0	0.000921691523379929	-0.0449336204266888
0.972070778187083	0.0279292218129170	55.9834715563925	0.0389377533503719	0.00413983112100370	0.000515279407976362	0	0.000857890196008255	-0.0437826703163342
0.971416624612461	0.0285833753875390	57.2947070889709	0.0379195852304657	0.00414760250522802	0.000483038131973284	0	0.000793153481049287	-0.0426741010066683
0.970755179223280	0.0292448207767200	58.6205588931983	0.0369554238393188	0.00414072168964870	0.000452372233206937	0	0.000728048679944892	-0.0416063815162633
0.970086453122898	0.0299135468771020	59.9610047126533	0.0360414733849872	0.00412007837312028	0.000423640841830352	0	0.000662924305099958	-0.0405779436341000
0.969410457523182	0.0305895424768180	61.3160220734107	0.0351741319461743	0.00408689432840933	0.000396729624937410	0	0.000597920284432690	-0.0395868984870692
0.968727203744291	0.0312727962557090	62.6855882844768	0.0343499917894518	0.00404335709723306	0.000371196879306471	0	0.000533115372519707	-0.0386312793393618
0.968036703214443	0.0319632967855570	64.0696804382560	0.0335658953664682	0.00399190111823149	0.000346846457822074	0	0.000468704763440688	-0.0377094599592681
0.967338967469691	0.0326610325303091	65.4682754110003	0.0328189724648021	0.00393414552097028	0.000323960507906461	0	0.000404988750243052	-0.0368201934220637
0.966634008153692	0.0333659918463080	66.8813498632711	0.0321065970219836	0.00387066831855428	0.000302929353190290	0	0.000342290847694013	-0.0359624094670508
0.965921837017476	0.0340781629825240	68.3088802404045	0.0314262720052732	0.00380197819311202	0.000283728526722635	0	0.000280872243936587	-0.0351348881511782
0.965202465919214	0.0347975340807860	69.7508427729737	0.0307755902339064	0.00372942703759515	0.000266009478840284	0	0.000220934208807217	-0.0343360796075779
0.964475906823987	0.0355240931760130	71.2072134772541	0.0301523206695179	0.00365434811021098	0.000249614467130824	0	0.000162721702145374	-0.0335645975130349
0.963742171803546	0.0362578281964540	72.6779681557030	0.0295544720025789	0.00357723826559192	0.000234552062033233	0	0.000106426894789011	-0.0328192629814132
0.963001273036081	0.0369987269639190	74.1630823974240	0.0289802728151636	0.00349817081558674	0.000220664058698980	0	5.21538089574209e-05	-0.0320987807071550
0.962253222805982	0.0377467771940180	75.6625315786442	0.0284281552110522	0.00341726003374757	0.000207654556829401	0	-2.22866802614271e-08	-0.0314020202646100
0.961498033503598	0.0385019664964020	77.1762908631996	0.0278967240596066	0.00333485719697691	0.000195206340745635	0	-5.00803150157459e-05	-0.0307280084136880
0.960735717625002	0.0392642823749980	78.7043352030038	0.0273846983524988	0.00325137384022195	0.000183065865546389	0	-9.79477255760873e-05	-0.0300757070666560
0.959966287771743	0.0400337122282570	80.2466393385470	0.0268908687431844	0.00316718210565194	0.000171245276635476	0	-0.000143533096780117	-0.0294442046655089
0.959189756650610	0.0408102433493900	81.8031777993678	0.0264141030695423	0.00308267711777875	0.000160059447348878	0	-0.000186825475687753	-0.0288327406713725
0.958406137073383	0.0415938629266170	83.3739249045533	0.0259533777415276	0.00299812660100829	0.000149786450852501	0	-0.000227753130976892	-0.0282406523205277
0.957615441956593	0.0423845580434070	84.9588547632190	0.0255077455652072	0.00291401293610214	0.000140369923160398	0	-0.000266281348361202	-0.0276671250256621
0.956817684321269	0.0431823156787310	86.5579412750172	0.0250762574511440	0.00283091924876792	0.000131617567376506	0	-0.000302456478113232	-0.0271113017977014
0.956012877292696	0.0439871227073040	88.1711581306212	0.0246579538576686	0.00274893448098912	0.000123465469425127	0	-0.000336334170787150	-0.0265725029521313
0.955201034100165	0.0447989658998350	89.7984788122269	0.0242519494998788	0.00266796098548074	0.000115918660518110	0	-0.000367982477642213	-0.0260500593461815
0.954382168076720	0.0456178319232800	91.4398765940592	0.0238575232736351	0.00258820278029572	0.000108966873240135	0	-0.000397431155691642	-0.0255432772655225
0.953556292658908	0.0464437073410920	93.0953245428747	0.0234741533526971	0.00251020812344971	0.000102593888474128	0	-0.000424732354018359	-0.0250515528016047
0.952723421386529	0.0472765786134710	94.7647955184606	0.0231014494435728	0.00243415268825833	9.67469849885784e-05	0	-0.000449980007070741	-0.0245743695313244
0.951883567902379	0.0481164320976210	96.4482621741517	0.0227390266787944	0.00235948666429897	9.12707069670192e-05	0	-0.000473259569831679	-0.0241111526741043
0.951036745951995	0.0489632540480049	98.1456969573408	0.0223864444879158	0.00228544722928086	8.59659035267256e-05	0	-0.000494590302511809	-0.0236612254355796
0.950182969383401	0.0498170306165990	99.8570721099882	0.0220432454333617	0.00221142516259178	8.07510251760299e-05	0	-0.000513855395414807	-0.0232240191440608
0.949322252146848	0.0506777478531520	101.582359669142	0.0217089502071404	0.00213748763456383	7.56669900835462e-05	0	-0.000530923699551842	-0.0227991063934321
0.948454608294556	0.0515453917054440	103.321531467455	0.0213830158473904	0.00206456957664894	7.07861588118292e-05	0	-0.000545808707952212	-0.0223860802694387
0.947580051980455	0.0524199480195450	105.074559133707	0.0210648903400645	0.00199375300103039	6.62505953409722e-05	0	-0.000558724934156686	-0.0219844946798062
0.946698597459924	0.0533014025400760	106.841414093324	0.0207541983370314	0.00192529347447898	6.22734087212169e-05	0	-0.000569974485957592	-0.0215939794357426
0.945810259089527	0.0541897409104730	108.622067568910	0.0204508194985629	0.00185861069332522	5.89889714380185e-05	0	-0.000579841007263023	-0.0212141672052523
0.944915051326751	0.0550849486732490	110.416490580770	0.0201547126019508	0.00179300715678812	5.63118108461634e-05	0	-0.000588488347790743	-0.0208447091797343
0.944012988729740	0.0559870112702600	112.224653947444	0.0198657465113252	0.00172821982011290	5.39411906527592e-05	0	-0.000595907596448352	-0.0204851811863023
0.943104085957032	0.0568959140429680	114.046528286238	0.0195836799444266	0.00166452240663078	5.15654313815523e-05	0	-0.000602171989790581	-0.0201351320804730
0.942188357767289	0.0578116422327110	115.882084013757	0.0193081799773802	0.00160229800592202	4.89971288526266e-05	0	-0.000607422366002882	-0.0197941568221818
0.941265819019031	0.0587341809809691	117.731291346448	0.0190388874507742	0.00154192509493166	4.62202951527868e-05	0	-0.000611676976317214	-0.0194618904207066
0.940336484670365	0.0596635153296350	119.594120301132	0.0187755000687171	0.00148331703668360	4.35142249601754e-05	0	-0.000614831272064585	-0.0191381086954439
0.939400369778716	0.0605996302212840	121.470540695556	0.0185178128693795	0.00142574445840403	4.12597438846604e-05	0	-0.000616778310917600	-0.0188226226751542
0.938457489500555	0.0615425104994450	123.360522148928	0.0182657001622509	0.00136900327594720	3.95774560202731e-05	0	-0.000617532659928759	-0.0185152123263538
0.937507859091128	0.0624921409088720	125.264034082463	0.0180190535596350	0.00131353781385866	3.83111951907006e-05	0	-0.000617230960863574	-0.0182157043845707
0.936551493904178	0.0634485060958220	127.181045719944	0.0177777767676460	0.00125977893720034	3.71704698013816e-05	0	-0.000616154967265196	-0.0179238150509496
0.935588409391676	0.0644115906083240	129.111526088255	0.0175418157406065	0.00120794922168873	3.59572957807202e-05	0	-0.000614655932678300	-0.0176391588944275
0.934618621103541	0.0653813788964590	131.055444017949	0.0173111296107405	0.00115762492309497	3.47885754607143e-05	0	-0.000612970145955431	-0.0173615022640619
0.933642144687362	0.0663578553126381	133.012768143800	0.0170856285506123	0.00110791269651630	3.39301398739319e-05	0	-0.000611151610740627	-0.0170907151054456
0.932658995888126	0.0673410041118741	134.983466905348	0.0168650917849567	0.00105838931321151	3.33993191907028e-05	0	-0.000609158926962738	-0.0168265640003558
0.931669190547931	0.0683308094520690	136.967508547480	0.0166491401104759	0.00100964276954500	3.28789022791575e-05	0	-0.000606871571999627	-0.0165686956613557
0.930672744605713	0.0693272553942870	138.964861120972	0.0164373575733995	0.000962618652028755	3.20313744971802e-05	0	-0.000604052293893734	-0.0163168340445274
0.929669674096957	0.0703303259030430	140.975492483068	0.0162293920139227	0.000917775747831003	3.07531546469133e-05	0	-0.000600534484397159	-0.0160707897208615
0.928659995153424	0.0713400048465760	142.999370298032	0.0160249701468135	0.000875122152813769	2.91787931632479e-05	0	-0.000596229679584328	-0.0158304075090575
0.927643724002858	0.0723562759971420	145.036462037730	0.0158238809389720	0.000834489476024022	2.75605957581183e-05	0	-0.000591164628133990	-0.0155955872331676
0.926620876968707	0.0733791230312930	147.086734982193	0.0156259489721710	0.000795736133373060	2.60803926817523e-05	0	-0.000585533463755348	-0.0153661518231069
0.925591470469839	0.0744085295301610	149.150156220185	0.0154310805148701	0.000758780921267539	2.48158882034089e-05	0	-0.000579568178849932	-0.0151419408821198
0.924555521020249	0.0754444789797510	151.226692649788	0.0152392924642084	0.000723387798712282	2.38053733975878e-05	0	-0.000573449257147924	-0.0149228827747068
0.923513045228779	0.0764869547712210	153.316310978967	0.0150506578042817	0.000689283933363722	2.30349660000018e-05	0	-0.000567200940143572	-0.0147088048102238
0.922464059798821	0.0775359402011790	155.418977726165	0.0148652882042787	0.000656416250174402	2.24439077722124e-05	0	-0.000560712960443642	-0.0144996101034598
0.921408581528037	0.0785914184719631	157.534659220860	0.0146833132082109	0.000624630216391496	2.19005919823880e-05	0	-0.000553905217861140	-0.0142952242238674
0.920346627308059	0.0796533726919410	159.663321604171	0.0145048227876360	0.000593494314135695	2.12616567575153e-05	0	-0.000546783595337428	-0.0140954793199842
0.919278214124205	0.0807217858757950	161.804930829428	0.0143298009553926	0.000562797456452857	2.05279548662801e-05	0	-0.000539491989126571	-0.0139001973398378
0.918203359055181	0.0817966409448190	163.959452662761	0.0141581052758674	0.000532780078422106	1.97742858671633e-05	0	-0.000532191492645776	-0.0137091496720813
0.917122079272789	0.0828779207272110	166.126852683697	0.0139895607202407	0.000503995699004238	1.89561047899659e-05	0	-0.000524915575001480	-0.0135221438485305
0.916034392041636	0.0839656079583641	168.307096285735	0.0138240149269060	0.000476987004982413	1.79461289611818e-05	0	-0.000517686927901856	-0.0133390399012668
0.914940314718831	0.0850596852811690	170.500148676956	0.0136613061270402	0.000451621999542598	1.67404483035033e-05	0	-0.000510482334709741	-0.0131597195025269
0.913839864753694	0.0861601352463060	172.705974880605	0.0135012879922898	0.000427127647338225	1.54820560475342e-05	0	-0.000503212011475161	-0.0129841716061034
0.912733059687460	0.0872669403125400	174.924539735690	0.0133439156541837	0.000402835592239377	1.43025438202475e-05	0	-0.000495716637995598	-0.0128123755994835
0.911619917152973	0.0883800828470270	177.155807897585	0.0131892863898308	0.000378557695484510	1.33396440905883e-05	0	-0.000487852636729917	-0.0126442991554612
0.910500454874393	0.0894995451256070	179.399743838626	0.0130375232618042	0.000354187105737105	1.27450181220034e-05	0	-0.000479623163031593	-0.0124799735017790
0.909374690666895	0.0906253093331050	181.656311848714	0.0128886213364084	0.000329883027841542	1.24640177840657e-05	0	-0.000471151969219548	-0.0123193155303793
0.908242642436366	0.0917573575636340	183.925476035916	0.0127424427051901	0.000306480614678763	1.22797493215848e-05	0	-0.000462592880648230	-0.0121620850729652
0.907104328179100	0.0928956718209000	186.207200327081	0.0125988467168659	0.000284527202333602	1.20901079171447e-05	0	-0.000453937318177876	-0.0120080459253054
0.905959765981502	0.0940402340184980	188.501448468436	0.0124578062705781	0.000263553576453569	1.19102701193282e-05	0	-0.000445072110761071	-0.0118571020183704
0.904808974019777	0.0951910259802230	190.808184026200	0.0123193437293022	0.000242845481045538	1.17468377114745e-05	0	-0.000436000806141421	-0.0117092325810548
0.903651970559629	0.0963480294403710	193.127370387200	0.0121833875142825	0.000222071394029703	1.16553921875498e-05	0	-0.000426880720111512	-0.0115643909982397
0.902488773955955	0.0975112260440451	195.458970759472	0.0120497646875887	0.000201244647050320	1.17332178300678e-05	0	-0.000417891044022892	-0.0114225554716849
0.901319402652534	0.0986805973474660	197.802948172894	0.0119182605332001	0.000180973647091815	1.18658263078594e-05	0	-0.000409077629945828	-0.0112836049737428
0.900143875181723	0.0998561248182770	200.159265479790	0.0117886908352887	0.000162163783156789	1.17777250562965e-05	0	-0.000400410546755985	-0.0111473278369762
0.898962210164150	0.101037789835850	202.527885355546	0.0116609738145018	0.000145036635705038	1.14644510464667e-05	0	-0.000391879785787944	-0.0110136872820989
0.897774426308399	0.102225573691601	204.908770299244	0.0115351194359813	0.000129066925339190	1.11896740115735e-05	0	-0.000383479010985366	-0.0108827389984124
0.896580542410705	0.103419457589295	207.301882634271	0.0114111720951533	0.000113976444110747	1.10542270739680e-05	0	-0.000375241203291536	-0.0107544596117144
0.895380577354638	0.104619422645362	209.707184508952	0.0112891533084707	9.99644920238259e-05	1.08880152122128e-05	0	-0.000367279533367016	-0.0106287407398136
0.894174550110796	0.105825449889204	212.124637897167	0.0111690241817507	8.70805029135697e-05	1.05110158050518e-05	0	-0.000359700304803386	-0.0105054551605191
0.892962479736486	0.107037520263514	214.554204598992	0.0110507136784597	7.51921093957603e-05	9.91581576583818e-06	0	-0.000352590789509589	-0.0103845061390077
0.891744385375415	0.108255614624585	216.995846241312	0.0109341923413701	6.42077539144215e-05	9.22492205495069e-06	0	-0.000346016570360110	-0.0102658198764391
0.890520286257375	0.109479713742625	219.449524278461	0.0108195035897973	5.39325774428523e-05	8.57977453676536e-06	0	-0.000339968953969815	-0.0101493356746308
0.889290201697924	0.110709798302076	221.915199992853	0.0107067282908189	4.42555362741227e-05	8.06881373645332e-06	0	-0.000334349350571677	-0.0100350404125773
0.888054151098072	0.111945848901928	224.392834495619	0.0105958852678731	3.52794448387280e-05	7.72114388219031e-06	0	-0.000328972229009580	-0.00992286669463507
0.886812153943965	0.113187846056035	226.882388727234	0.0104868559162775	2.68354468625630e-05	7.50313892666110e-06	0	-0.000323732556680824	-0.00981271526512022
0.885564229806563	0.114435770193437	229.383823458167	0.0103794744933488	1.87352096969548e-05	7.29854864371114e-06	0	-0.000318738252720085	-0.00970450599830330
0.884310398341324	0.115689601658676	231.897099289514	0.0102736701217105	1.09916802524708e-05	7.01409661745888e-06	0	-0.000314146104905631	-0.00959815701212859
0.883050679287887	0.116949320712113	234.422176653628	0.0101694749426984	3.50099919106856e-06	6.66617374586304e-06	0	-0.000310009809089453	-0.00949364261631026
0.881785092469745	0.118214907530255	236.959015814784	0.0100669526312710	-3.57979276332601e-06	6.30451635712281e-06	0	-0.000306221474434335	-0.00939093621711619
0.880513657793928	0.119486342206072	239.507576869804	0.00996615185868749	-9.70106293974786e-06	5.98957256934491e-06	0	-0.000302595341226808	-0.00928999145791636
0.879236395250680	0.120763604749320	242.067819748712	0.00986703398441850	-1.48184675999882e-05	5.82769640944238e-06	0	-0.000298960294003066	-0.00919073786029719
0.877953324913137	0.122046675086863	244.639704215377	0.00976943640307407	-1.97667987087477e-05	5.86378236196838e-06	0	-0.000295209709125916	-0.00909308328734580
0.876664466937001	0.123335533062999	247.223189868166	0.00967317152385132	-2.53651014179871e-05	5.99320977556606e-06	0	-0.000291278448226820	-0.00899698686425255
0.875369841560218	0.124630158439782	249.818236140590	0.00957809680304719	-3.15910430332877e-05	6.07880801930660e-06	0	-0.000287141423991553	-0.00890250422029649
0.874069469102652	0.125930530897348	252.424802301957	0.00948408001260270	-3.77465152228629e-05	6.06636749399555e-06	0	-0.000282811281434524	-0.00880965687465435
0.872763369965759	0.127236630034241	255.042847458026	0.00939096153953022	-4.32324067577175e-05	5.98647459194124e-06	0	-0.000278332250020157	-0.00871842151449820
0.871451564632258	0.128548435367742	257.672330551666	0.00929858676578957	-4.78920566463815e-05	5.88875955781933e-06	0	-0.000273734414724728	-0.00862876711947661
0.870134073665809	0.129865926334191	260.313210363501	0.00920688793824398	-5.15121988866798e-05	5.75746382999416e-06	0	-0.000268978853533685	-0.00854060245329875
0.868810917710678	0.131189082289322	262.965445512584	0.00911590473653323	-5.41799822776683e-05	5.53393231182790e-06	0	-0.000263957009653768	-0.00845380183809565
0.867482117491414	0.132517882508586	265.628994457041	0.00902577437422872	-5.64950568437712e-05	5.25060791442342e-06	0	-0.000258499175133589	-0.00836840502316685
0.866147693812515	0.133852306187485	268.303815494742	0.00893668129100323	-5.88533932788877e-05	5.02667074773090e-06	0	-0.000252581033862105	-0.00828452992582500
0.864807667558100	0.135192332441900	270.989866763960	0.00884875879190190	-6.13587092741713e-05	4.88726509748092e-06	0	-0.000246408346688554	-0.00820212761285696
0.863462059691576	0.136537940308424	273.687106244036	0.00876207628443295	-6.39602324046207e-05	4.73908179731991e-06	0	-0.000240203878599729	-0.00812110172052272
0.862110891255308	0.137889108744692	276.395491756042	0.00867664713092243	-6.64394184193960e-05	4.49536840656058e-06	0	-0.000234146477248110	-0.00804139491502024
0.860754183370285	0.139245816629715	279.114980963450	0.00859239889283090	-6.84891399343889e-05	4.15345712127017e-06	0	-0.000228443920385870	-0.00796295867036618
0.859391957235788	0.140608042764212	281.845531372796	0.00850920767844712	-6.98366180135860e-05	3.82110085296140e-06	0	-0.000223209226797849	-0.00788581299858661
0.858024234129054	0.141975765870946	284.587100334358	0.00842695107335234	-7.02541890706737e-05	3.64399008615526e-06	0	-0.000218464040636923	-0.00780994987634929
0.856651035404942	0.143348964595058	287.339645042820	0.00834555959877113	-6.97069600700389e-05	3.65048181191869e-06	0	-0.000214199505361504	-0.00773532862051088
0.855272382495598	0.144727617504402	290.103122537946	0.00826507099767464	-6.81700906732616e-05	3.74445179378910e-06	0	-0.000210500333810695	-0.00766185308825756
0.853888296910119	0.146111703089881	292.877489705256	0.00818563126766177	-6.57758841641686e-05	3.86649434340205e-06	0	-0.000207579903142601	-0.00758951404818198
0.852498800234217	0.147501199765783	295.662703276695	0.00810744324119567	-6.28400507141775e-05	4.00834685509473e-06	0	-0.000205569400931911	-0.00751829836229912
0.851103914129877	0.148896085870123	298.458719831321	0.00803063749929038	-5.97596853336557e-05	4.18641296599703e-06	0	-0.000204389414599609	-0.00744818028714351
0.849703660335026	0.150296339664974	301.265495795967	0.00795512857687063	-5.70048476434229e-05	4.44001207989255e-06	0	-0.000203802765109737	-0.00737921687460267
0.848298060663188	0.151701939336812	304.082987445936	0.00788062766312081	-5.42769835849215e-05	4.67411308331460e-06	0	-0.000203536087427513	-0.00731132147632697
0.846887137003148	0.153112862996852	306.911150905670	0.00780682987585547	-5.06644181378114e-05	4.71647182555010e-06	0	-0.000203359354819380	-0.00724435043135128
0.845470911318609	0.154529088681391	309.749942149440	0.00773359421523948	-4.58357254202896e-05	4.56333778704540e-06	0	-0.000203134161867859	-0.00717829877004332
0.844049405647854	0.155950594352146	312.599317002024	0.00766094246797950	-4.02108723668495e-05	4.33552674703081e-06	0	-0.000202716817518454	-0.00711320689666801
0.842622642103404	0.157377357896596	315.459231139390	0.00758889806490716	-3.42184963321569e-05	4.13565204940110e-06	0	-0.000202015685380794	-0.00704900640415661
0.841190642871674	0.158809357128326	318.329640089390	0.00751745345060081	-2.81656403235767e-05	4.01901765133547e-06	0	-0.000201025135873762	-0.00698561366819582
0.839753430212632	0.160246569787368	321.210499232439	0.00744668515374160	-2.23342597826019e-05	3.94604505992863e-06	0	-0.000199836118359600	-0.00692303447793787
0.838311026459455	0.161688973540545	324.101763802204	0.00737674776657111	-1.70005784394939e-05	3.85121806031074e-06	0	-0.000198692819372408	-0.00686128810463630
0.836863454018185	0.163136545981815	327.003388886301	0.00730782567299219	-1.22557517746796e-05	3.71038947797730e-06	0	-0.000197795488531380	-0.00680046770175623
0.835410735367385	0.164589264632615	329.915329426975	0.00724009208421522	-7.67365907905755e-06	3.47296438743026e-06	0	-0.000197218659401290	-0.00674055027604415
0.833952893057793	0.166047106942207	332.837540221799	0.00717364639869877	-3.02992000458657e-06	3.15864734745157e-06	0	-0.000196819920090354	-0.00668145046733370
0.832489949711976	0.167510050288024	335.769975924368	0.00710849835033170	1.60507624317197e-06	2.87219853278460e-06	0	-0.000196378294342516	-0.00662323393322024
0.831021928023984	0.168978071976016	338.712591044989	0.00704458803423485	6.32593749406857e-06	2.62748252800913e-06	0	-0.000195827156810230	-0.00656589436595491
0.829548850759004	0.170451149240996	341.665339951378	0.00698181121925842	1.12197098515706e-05	2.38179348783610e-06	0	-0.000195313145956217	-0.00650937400671304
0.828070740753009	0.171929259246991	344.628176869360	0.00691998576247512	1.64446080676758e-05	2.15148718442127e-06	0	-0.000195112269174945	-0.00645361178030960
0.826587620912413	0.173412379087587	347.601055883566	0.00685888576697704	2.21626333524503e-05	1.94175132028722e-06	0	-0.000195442569784217	-0.00639857478324184
0.825099514213723	0.174900485786277	350.583930938125	0.00679841162364939	2.84059007772605e-05	1.68974144418005e-06	0	-0.000196306387721504	-0.00634425100549046
0.823606443703183	0.176393556296817	353.576755837380	0.00673866231594917	3.50104068747860e-05	1.42884010189111e-06	0	-0.000197578268083955	-0.00629074494909091
0.822108432496435	0.177891567503565	356.579484246567	0.00667979526843721	4.14027545892230e-05	1.32557348907113e-06	0	-0.000199122175056585	-0.00623812144802644
0.820605503778156	0.179394496221844	359.592069692544	0.00662191893207033	4.72183239280830e-05	1.47893947930476e-06	0	-0.000200764976628351	-0.00618636619055305
0.819097680801716	0.180902319198284	362.614465564475	0.00656509050305907	5.24474047649783e-05	1.86757029647998e-06	0	-0.000202254480154976	-0.00613544036525738
0.817584986888823	0.182415013111177	365.646625114542	0.00650931275836149	5.70963337623567e-05	2.38921988940775e-06	0	-0.000203353737108199	-0.00608526705800254
0.816067445429171	0.183932554570829	368.688501458650	0.00645455271030066	6.14676420318939e-05	2.88422508133265e-06	0	-0.000203971307474931	-0.00603580363443288
0.814545079880086	0.185454920119914	371.740047577140	0.00640071686794233	6.60037880200507e-05	3.22286896998506e-06	0	-0.000204177547060700	-0.00598702384860483
0.813017913766177	0.186982086233823	374.801216315481	0.00634762517357236	7.07859037148686e-05	3.39617576025584e-06	0	-0.000204170845863029	-0.00593884415589350
0.811485970678974	0.188514029321026	377.871960385006	0.00629512580148029	7.53150738550798e-05	3.47949495330248e-06	0	-0.000204106594528932	-0.00589123597673184
0.809949274276582	0.190050725723418	380.952232363594	0.00624316434096875	7.93628875084117e-05	3.51151539422226e-06	0	-0.000204046213945274	-0.00584414659925754
0.808407848283322	0.191592151716678	384.041984696402	0.00619174745478360	8.29939469702440e-05	3.51927619647940e-06	0	-0.000203953430756453	-0.00579757631092152
0.806861716489375	0.193138283510625	387.141169696567	0.00614095680230216	8.58973097325758e-05	3.49992204833107e-06	0	-0.000203708691705412	-0.00575164052525276
0.805310902750428	0.194689097249572	390.249739545922	0.00609087586963263	8.82288503446289e-05	3.38317188620690e-06	0	-0.000203154380834268	-0.00570630368293006
0.803755430987315	0.196244569012685	393.367646295717	0.00604143664005510	9.06361689542678e-05	3.20037958701932e-06	0	-0.000202154234009856	-0.00566150211354971
0.802195325185662	0.197804674814338	396.494841867325	0.00599246149000273	9.33051654538127e-05	3.07253591734276e-06	0	-0.000200708645823581	-0.00561725717216521
0.800630609395529	0.199369390604471	399.631278052963	0.00594377089369183	9.60507525405662e-05	3.04237780997315e-06	0	-0.000199028449797124	-0.00557357650583240
0.799061307731051	0.200938692268949	402.776906516412	0.00589520640984118	9.87444173160862e-05	3.06313796086603e-06	0	-0.000197394401101326	-0.00553044676346906
0.797487444370081	0.202512555629919	405.931678793732	0.00584670578085784	0.000101602175455438	3.01922559618097e-06	0	-0.000195956173242489	-0.00548780975541029
0.795909043553829	0.204090956446171	409.095546293985	0.00579830659281497	0.000105266971398074	2.82404084198330e-06	0	-0.000194645411775322	-0.00544559119716313
0.794326129586505	0.205673870413495	412.268460299950	0.00575003887845037	0.000109995465876591	2.56992424701482e-06	0	-0.000193286911795973	-0.00540381680118127
0.792738726834954	0.207261273165046	415.450371968856	0.00570191260947771	0.000115101475714898	2.39859582445697e-06	0	-0.000191822762605163	-0.00536256214202596
0.791146859728301	0.208853140271699	418.641232333095	0.00565405006215001	0.000119780166899078	2.26937356590634e-06	0	-0.000190325401992282	-0.00532182738005800
0.789550552757588	0.210449447242412	421.840992300945	0.00560670170818493	0.000124035790069701	2.02742393929953e-06	0	-0.000188809889065426	-0.00528159344235691
0.787949830475412	0.212050169524588	425.049602657301	0.00555997843324693	0.000128433378749666	1.63383314319313e-06	0	-0.000187169690763012	-0.00524186318341225
0.786344717495563	0.213655282504437	428.267014064396	0.00551371658074699	0.000133089433538248	1.22563592005902e-06	0	-0.000185326061334001	-0.00520267011254560
0.784735238492660	0.215264761507340	431.493177062534	0.00546773334526267	0.000137513924719195	9.02892503016616e-07	0	-0.000183298746950173	-0.00516394716270649
0.783121418201792	0.216878581798208	434.728042070808	0.00542206192086840	0.000141624915606407	6.21078387215718e-07	0	-0.000181214265462674	-0.00512557302983645
0.781503281418153	0.218496718581847	437.971559387833	0.00537691988347227	0.000145690719453319	3.93763327923469e-07	0	-0.000179116811597537	-0.00508759562744435
0.779880852996674	0.220119147003326	441.223679192479	0.00533252167914004	0.000149675126474317	3.06817807098161e-07	0	-0.000176991479707853	-0.00505012787687387
0.778254157851668	0.221745842148332	444.484351544591	0.00528891739803921	0.000153405044575758	3.54086265932890e-07	0	-0.000174985581979006	-0.00501311971839336
0.776623220956454	0.223376779043546	447.753526385733	0.00524606826502312	0.000157062253331720	5.14773529290392e-07	0	-0.000173437420489920	-0.00497648276936533
0.774988067343000	0.225011932657000	451.031153539914	0.00520396852424665	0.000160736221173217	8.13012052717021e-07	0	-0.000172652868385100	-0.00494022160568100
0.773348722101556	0.226651277898444	454.317182714312	0.00516264273934560	0.000164288496604366	1.16435966046670e-06	0	-0.000172570329203690	-0.00490436495097996
0.771705210380286	0.228294789619714	457.611563500022	0.00512210943820768	0.000168146456042011	1.44778451600003e-06	0	-0.000172803574962862	-0.00486888174728907
0.770057557384900	0.229942442615100	460.914245372789	0.00508227697283666	0.000172298748379474	1.66988822331226e-06	0	-0.000172912655769082	-0.00483375481644119
0.768405788378293	0.231594211621707	464.225177693730	0.00504293136181719	0.000176023636519886	1.84313357354427e-06	0	-0.000172680406326900	-0.00479890170393879
0.766749928680171	0.233250071319829	467.544309710087	0.00500392165402279	0.000178769220912932	1.96621686473785e-06	0	-0.000172072064034418	-0.00476430964163743
0.765090003666690	0.234909996333310	470.871590555949	0.00496520405994668	0.000180697498427380	2.10565540929734e-06	0	-0.000171134290636080	-0.00473005341214994
0.763426038770081	0.236573961229919	474.206969253005	0.00492671824045670	0.000182532781746662	2.29416029222155e-06	0	-0.000169904118621301	-0.00469615330428576
0.761758059478287	0.238241940521713	477.550394711268	0.00488841458154529	0.000184479018166045	2.44967179927903e-06	0	-0.000168367573177433	-0.00466255964282098
0.760086091334590	0.239913908665410	480.901815729829	0.00485042281397113	0.000186276398555702	2.48002275986912e-06	0	-0.000166512805780651	-0.00462924048082421
0.758410159937245	0.241589840062755	484.261180997584	0.00481298898963580	0.000187813294831869	2.40046118349942e-06	0	-0.000164344744413656	-0.00459623966069906
0.756730290939107	0.243269709060893	487.628439093985	0.00477622023018691	0.000189070293378211	2.30223970164148e-06	0	-0.000161863226159497	-0.00456361889032500
0.755046510047264	0.244953489952736	491.003538489776	0.00474008538858896	0.000189961071584485	2.28166679363846e-06	0	-0.000159078634914443	-0.00453140758557313
0.753358843022664	0.246641156977336	494.386427547739	0.00470453322809808	0.000190323526507020	2.36911834385350e-06	0	-0.000156113715506053	-0.00449965916380534
0.751667315679746	0.248332684320254	497.777054523437	0.00466949643596637	0.000189940959013836	2.48235813463813e-06	0	-0.000153174394976302	-0.00446831955292263
0.749971953886066	0.250028046113934	501.175367565957	0.00463490237901163	0.000189095847673342	2.49298405474906e-06	0	-0.000150413769466303	-0.00443726587888989
0.748272783561929	0.251727216438071	504.581314718656	0.00460073578295434	0.000188675611966581	2.37776978133776e-06	0	-0.000147855344684491	-0.00440646972261702
0.746569830680015	0.253430169319985	507.994843919903	0.00456702902379589	0.000189136594716203	2.25523989356823e-06	0	-0.000145461173778858	-0.00437600278855612
0.744863121265005	0.255136878734995	511.415903003835	0.00453374375541131	0.000190111568983605	2.18358878135477e-06	0	-0.000143233420211336	-0.00434589087155172
0.743152681393209	0.256847318606791	514.844439701099	0.00450072291171733	0.000191127258965645	2.08135353929228e-06	0	-0.000141280103574301	-0.00431608810860680
0.741438537192197	0.258561462807803	518.280401639592	0.00446776143727737	0.000192166609272906	1.90411940577458e-06	0	-0.000139769982710200	-0.00428652694384471
0.739720714840420	0.260279285159580	521.723736345222	0.00443472673719740	0.000193789020044526	1.72162609914311e-06	0	-0.000138794846981670	-0.00425720474781897
0.737999240566837	0.262000759433163	525.174391242653	0.00440162376214031	0.000196430384286104	1.62819015282482e-06	0	-0.000138298008392665	-0.00422816043177631
0.736274140650544	0.263725859349456	528.632313656054	0.00436853965515487	0.000199801383551106	1.63654413667985e-06	0	-0.000138187874790617	-0.00419941001993871
0.734545441420397	0.265454558579603	532.097450809848	0.00433553389040448	0.000203600265823457	1.67776402025629e-06	0	-0.000138403660051338	-0.00417097062323969
0.732813169254636	0.267186830745364	535.569749829470	0.00430262551766472	0.000208002406455652	1.68819755904001e-06	0	-0.000138912829074836	-0.00414283289985728
0.731077350580513	0.268922649419487	539.049157742113	0.00426980835673751	0.000213071311780261	1.63409812652562e-06	0	-0.000139628564963955	-0.00411499390269731
0.729338011873913	0.270661988126087	542.535621477484	0.00423703815950065	0.000218593272556158	1.51396857239526e-06	0	-0.000140383690905607	-0.00408750706887987
0.727595179658981	0.272404820341019	546.029087868556	0.00420428539267966	0.000224336123324701	1.41006029412486e-06	0	-0.000141023446397623	-0.00406036370636645
0.725848880507744	0.274151119492256	549.529503652322	0.00417163298213093	0.000229884251021316	1.44414514838407e-06	0	-0.000141477564540443	-0.00403356963018629
0.724099141039733	0.275900858960267	553.036815470555	0.00413928797575650	0.000234863781271694	1.65972612930125e-06	0	-0.000141767534665728	-0.00400709586001131
0.722345987921611	0.277654012078389	556.550969870553	0.00410749617348147	0.000239177682156369	2.02558695750561e-06	0	-0.000141908522158473	-0.00398093191436589
0.720589447866790	0.279410552133210	560.071913305907	0.00407645356418758	0.000242913760824799	2.48476503619101e-06	0	-0.000141908980401316	-0.00395505499609150
0.718829547635055	0.281170452364945	563.599592137254	0.00404620147909515	0.000246275188115341	2.92338956320652e-06	0	-0.000141791465736377	-0.00392947005177347
0.717066314032193	0.282933685967807	567.133952633021	0.00401657408255943	0.000249357592954324	3.21677225261161e-06	0	-0.000141559786763089	-0.00390411356832565
0.715299773909601	0.284700226090399	570.674940970212	0.00398734034499890	0.000251983069636458	3.33142458187347e-06	0	-0.000141169501084689	-0.00387895019717104
0.713529954163921	0.286470045836079	574.222503235137	0.00395841818604688	0.000254127514510495	3.27742820368134e-06	0	-0.000140589890705724	-0.00385397572477556
0.711756881736655	0.288243118263345	577.776585424185	0.00392989582686757	0.000256108889835344	3.10492283744562e-06	0	-0.000139850031623379	-0.00382918484879482
0.709980583613783	0.290019416386217	581.337133444592	0.00390180761009951	0.000257957448837798	2.92422277396631e-06	0	-0.000138996321663723	-0.00380462502188367
0.708201086825391	0.291798913174609	584.904093115182	0.00387401847048813	0.000259660931518493	2.75822688154306e-06	0	-0.000138010006614717	-0.00378031299278443
0.706418418445287	0.293581581554713	588.477410167141	0.00384639693544740	0.000261560037778130	2.52035991176364e-06	0	-0.000136849407119251	-0.00375621748794896
0.704632605590618	0.295367394409382	592.057030244781	0.00381893440658545	0.000263768046202786	2.20003273370467e-06	0	-0.000135597289603887	-0.00373234425980330
0.702843675421498	0.297156324578502	595.642898906291	0.00379165328447790	0.000266037204279941	1.92261976972519e-06	0	-0.000134389452645546	-0.00370871575753268
0.701051655140619	0.298948344859381	599.234961624511	0.00376449427178255	0.000268131542454175	1.76702245748169e-06	0	-0.000133301016467062	-0.00368533026389273
0.699256571992876	0.300743428007124	602.833163787686	0.00373734141566309	0.000270260497388875	1.69898053448411e-06	0	-0.000132369230861518	-0.00366211899503871
0.697458453264982	0.302541546735018	606.437450700238	0.00371014589914288	0.000272817775561068	1.78212268135493e-06	0	-0.000131611571225055	-0.00363909934619255
0.695657326285088	0.304342673714912	610.047767583529	0.00368292209883490	0.000275767333809464	2.11831684688812e-06	0	-0.000131024805530335	-0.00361637910173743
0.693853218422405	0.306146781577595	613.664059576615	0.00365564607716335	0.000279122091697454	2.54175893456661e-06	0	-0.000130584996711106	-0.00359389023577059
0.692046157086815	0.307953842913185	617.286271737030	0.00362829993834589	0.000283134367698976	2.74078612006178e-06	0	-0.000130280394919669	-0.00357156775671706
0.690236169728493	0.309763830271507	620.914349041539	0.00360092344681354	0.000287722603849631	2.59541654002153e-06	0	-0.000130160954938078	-0.00354939865806951
0.688423283837527	0.311576716162473	624.548236386905	0.00357350834540980	0.000292628553115188	2.20350916036159e-06	0	-0.000130217370643835	-0.00352736385195522
0.686607526943528	0.313392473056472	628.187878590667	0.00354603280375339	0.000297670318633071	1.71056675428374e-06	0	-0.000130308811945153	-0.00350548819363356
0.684788926615254	0.315211073384746	631.833220391894	0.00351863728082443	0.000302823334146672	1.24147094644970e-06	0	-0.000130344132238105	-0.00348385444036000
0.682967510460224	0.317032489539776	635.484206451961	0.00349155621649264	0.000308118366795841	9.31583842127338e-07	0	-0.000130345872753079	-0.00346250654608916
0.681143306124333	0.318856693875667	639.140781355318	0.00346493786957495	0.000313293761610164	8.95515809213275e-07	0	-0.000130444764661356	-0.00344142892311063
0.679316341291471	0.320683658708529	642.802889610255	0.00343882772971687	0.000317935281505552	1.16137937834472e-06	0	-0.000130765681214952	-0.00342057349529149
0.677486643683139	0.322513356316861	646.470475649673	0.00341322322691576	0.000321896596896123	1.64885645133711e-06	0	-0.000131318039993367	-0.00339995838311716
0.675654241058062	0.324345758941938	650.143483831856	0.00338807140685397	0.000325369953519026	2.18487473741778e-06	0	-0.000131902970397181	-0.00337960671342376
0.673819161211805	0.326180838788195	653.821858441246	0.00336325746260111	0.000328840642763190	2.58294330441929e-06	0	-0.000132305480646420	-0.00335949222532740
0.671981431976394	0.328018568023606	657.505543689196	0.00333868313224354	0.000332590385994869	2.76696083629943e-06	0	-0.000132463917015345	-0.00333955180249540
0.670141081219921	0.329858918780079	661.194483714770	0.00331437849174990	0.000336340076540061	2.78832623309380e-06	0	-0.000132446474696138	-0.00331975701910776
0.668298136846168	0.331701863153832	664.888622585488	0.00329050969343701	0.000339727305860018	2.72343998569268e-06	0	-0.000132383771647318	-0.00330010124007846
0.666452626794218	0.333547373205782	668.587904298113	0.00326724491646687	0.000342660698574069	2.62331337043022e-06	0	-0.000132329867821861	-0.00328059572207651
0.664604579038068	0.335395420961932	672.292272779423	0.00324455830784121	0.000345145352581592	2.49929603480928e-06	0	-0.000132250893252227	-0.00326121100172949
0.662754021586245	0.337245978413755	676.001671886981	0.00322216679455017	0.000347275468726171	2.27680122295538e-06	0	-0.000132063027602009	-0.00324191157234751
0.660900982481420	0.339099017518580	679.716045409907	0.00319974163605593	0.000349449500095148	1.85478579971015e-06	0	-0.000131638090746118	-0.00322273326819708
0.659045489800021	0.340954510199979	683.435337069661	0.00317715386549915	0.000351934475853146	1.26259267682959e-06	0	-0.000130865655013542	-0.00320369335339992
0.657187571651847	0.342812428348153	687.159490520807	0.00315443955709929	0.000354619468917230	6.64108241426381e-07	0	-0.000129767001887899	-0.00318482009959503
0.655327256179680	0.344672743820320	690.888449351798	0.00313167697983066	0.000357347033957971	2.05224745433903e-07	0	-0.000128533398574580	-0.00316613834293077
0.653464571558901	0.346535428441099	694.622157085742	0.00310887692794841	0.000359960886534830	-8.02529142703646e-08	0	-0.000127350947496695	-0.00314763802969601
0.651599545997100	0.348400454002900	698.360557181184	0.00308597226758531	0.000362663158493867	-2.26842829607851e-07	0	-0.000126321652668694	-0.00312930191806820
0.649732207733689	0.350267792266311	702.103593032884	0.00306295324009418	0.000365728143787557	-2.38907225068805e-07	0	-0.000125503045897580	-0.00311113999165596
0.647862585039518	0.352137414960482	705.851207972585	0.00303988872313513	0.000369159274817429	-1.18860311779987e-07	0	-0.000124948908911734	-0.00309313787789595
0.645990706216481	0.354009293783519	709.603345269802	0.00301686066617932	0.000373163754084488	1.01554045104504e-07	0	-0.000124752415093339	-0.00307524546096875
0.644116599597133	0.355883400402867	713.359948132593	0.00299395327334665	0.000377594170119197	4.25213323054213e-07	0	-0.000124952300335601	-0.00305750190345514
0.642240293544303	0.357759706455697	717.120959708329	0.00297128922096627	0.000381983489279678	8.00842993482953e-07	0	-0.000125560056771143	-0.00303995286186425
0.640361816450700	0.359638183549300	720.886323084491	0.00294900079160147	0.000386273099004302	1.06208882528109e-06	0	-0.000126515028153627	-0.00302257275459549
0.638481196738528	0.361518803261472	724.655981289436	0.00292710431050555	0.000390844735461308	1.10013158740476e-06	0	-0.000127727652691383	-0.00300536814484664
0.636598462859101	0.363401537140899	728.429877293169	0.00290551348709777	0.000396092673122708	9.85533919214199e-07	0	-0.000129110597036889	-0.00298835167732145
0.634713643292444	0.365286356707556	732.207954008149	0.00288416727703154	0.000401606496145921	8.99512056472811e-07	0	-0.000130566120290300	-0.00297150676484940
0.632826766546916	0.367173233453084	735.990154290035	0.00286312536912030	0.000406417547432133	9.73868930086682e-07	0	-0.000131953840320367	-0.00295482754038566
0.630937861158812	0.369062138841188	739.776420938493	0.00284256017798172	0.000410283019525943	1.20474822385393e-06	0	-0.000133147495176582	-0.00293828874833925
0.629046955691977	0.370953044308023	743.566696697964	0.00282259824045840	0.000413616251841448	1.53160682130424e-06	0	-0.000134095838349441	-0.00292187408792196
0.627154078737417	0.372845921262583	747.360924258445	0.00280327911737191	0.000416588889212719	1.89171415535202e-06	0	-0.000134800178695357	-0.00290560884698794
0.625259258912909	0.374740741087091	751.159046256272	0.00278458595771271	0.000419056585186977	2.18277058019034e-06	0	-0.000135309773639885	-0.00288949246589090
0.623362524862608	0.376637475137392	754.961005274907	0.00276641011040094	0.000420970713756908	2.35400691503285e-06	0	-0.000135756790777041	-0.00287347979334284
0.621463905256663	0.378536094743337	758.766743845706	0.00274859576127490	0.000422497562871389	2.48907853737513e-06	0	-0.000136256565102599	-0.00285758472034001
0.619563428790820	0.380436571209180	762.576204448719	0.00273098841618375	0.000423912312117955	2.64033811248948e-06	0	-0.000136802411007594	-0.00284179612703077
0.617661124186036	0.382338875813964	766.389329513459	0.00271346675619620	0.000425536149215054	2.73981762393861e-06	0	-0.000137363858967930	-0.00282610777320403
0.615757020188090	0.384242979811910	770.206061419685	0.00269599517600711	0.000427485918746053	2.72600398596735e-06	0	-0.000137952042999050	-0.00281053561333471
0.613851145567186	0.386148854432814	774.026342498197	0.00267858181796441	0.000429789507355378	2.63024963573431e-06	0	-0.000138614993477118	-0.00279508072915754
0.611943529117567	0.388056470882433	777.850115031607	0.00266121840473184	0.000432415885685811	2.54600888529109e-06	0	-0.000139338564620707	-0.00277975343972966
0.610034199657126	0.389965800342874	781.677321255124	0.00264391602428632	0.000435030241772057	2.51779278598183e-06	0	-0.000140005107236372	-0.00276457718041235
0.608123186027007	0.391876813972993	785.507903357349	0.00262672913660094	0.000437277739314448	2.47616054857882e-06	0	-0.000140475503755411	-0.00274959791998530
0.606210517091221	0.393789482908779	789.341803481049	0.00260972906311276	0.000439105884245873	2.30386538960707e-06	0	-0.000140733691718885	-0.00273480783514713
0.604296221736254	0.395703778263746	793.178963723937	0.00259295519326310	0.000440685613057690	1.95849044018207e-06	0	-0.000140858993931699	-0.00272014584018333
0.602380328870669	0.397619671129331	797.019326139476	0.00257637747980952	0.000442461882109825	1.53391244969267e-06	0	-0.000140982274796969	-0.00270556175016452
0.600462867424722	0.399537132575278	800.862832737644	0.00255996634971578	0.000444563410370292	1.18151271430326e-06	0	-0.000141211796468976	-0.00269105962217814
0.598543866349968	0.401456133650032	804.709425485727	0.00254378158485123	0.000446590754534094	9.70670128228041e-07	0	-0.000141565524742370	-0.00267665776348865
0.596623354618864	0.403376645381136	808.559046309114	0.00252790926829186	0.000448184167779022	8.74375400774205e-07	0	-0.000142063117430325	-0.00266232665286388
0.594701361224385	0.405298638775615	812.411637092063	0.00251237222840471	0.000449415403010693	8.52079484112243e-07	0	-0.000142791915082874	-0.00264803857798134
0.592777915179627	0.407222084820373	816.267139678503	0.00249712562804418	0.000450684785977611	8.83076314740602e-07	0	-0.000143799136693626	-0.00263378887730506
0.590853045517412	0.409146954482588	820.125495872822	0.00248206136883041	0.000452031541637027	9.54704868115675e-07	0	-0.000144986874563578	-0.00261958793956445
0.588926781289904	0.411073218710096	823.986647440637	0.00246705256341126	0.000453248944278711	1.05248105436093e-06	0	-0.000146146020704711	-0.00260542845855442
0.586999151568207	0.413000848431793	827.850536109599	0.00245205067671009	0.000454314728668536	1.19054028689526e-06	0	-0.000147060572726575	-0.00259130791791797
0.585070185441979	0.414929814558021	831.717103570172	0.00243709488250792	0.000455079719569882	1.42054246123293e-06	0	-0.000147620301053498	-0.00257728087325506
0.583139912019037	0.416860087980963	835.586291476415	0.00242223563603356	0.000455233225953388	1.75414181186658e-06	0	-0.000147829849873435	-0.00256336424018084
0.581208360424962	0.418791639575038	839.458041446785	0.00240744556835014	0.000454637666403274	2.12297633509338e-06	0	-0.000147679580515690	-0.00254952241749720
0.579275559802708	0.420724440197292	843.332295064911	0.00239265560323127	0.000453573893007749	2.44057030914926e-06	0	-0.000147108565543242	-0.00253573280312251
0.577341539312211	0.422658460687789	847.208993880384	0.00237787272500546	0.000452580191894971	2.66875202487102e-06	0	-0.000146107654259721	-0.00252199595506163
0.575406328129989	0.424593671870011	851.088079409556	0.00236314072536887	0.000451738129623939	2.79969670686291e-06	0	-0.000144797342414882	-0.00250833927875628
0.573469955448758	0.426530044551242	854.969493136312	0.00234848854357837	0.000450741372484308	2.81642493007457e-06	0	-0.000143391494942737	-0.00249475392795469
0.571532450477029	0.428467549522971	858.853176512875	0.00233397541905334	0.000449503617541989	2.71384368297858e-06	0	-0.000142027418824562	-0.00248127796852605
0.569593842438720	0.430406157561280	862.739070960585	0.00231963614136934	0.000448278935357303	2.53135222976173e-06	0	-0.000140701352307431	-0.00246792506464111
0.567654160572763	0.432345839427237	866.627117870686	0.00230540180055689	0.000447432143831751	2.37816940032440e-06	0	-0.000139331452349909	-0.00245469753797391
0.565713434132707	0.434286565867293	870.517258605125	0.00229117708347314	0.000446917004246720	2.38272460989961e-06	0	-0.000137895858629248	-0.00244161122806307
0.563771692386322	0.436228307613678	874.409434497342	0.00227694320258227	0.000446215405160650	2.54363846788300e-06	0	-0.000136443238931997	-0.00242865176711967
0.561828964615215	0.438171035384785	878.303586853040	0.00226272225505628	0.000445165915916095	2.73619204574552e-06	0	-0.000135080555710976	-0.00241576036554534
0.559885280114424	0.440114719885576	882.199656951001	0.00224849113075340	0.000444027927972367	2.85580085477324e-06	0	-0.000133860043619403	-0.00240292466860319
0.557940668192031	0.442059331807969	886.097586043861	0.00223419203715013	0.000443296514215569	2.84720174135571e-06	0	-0.000132792668336766	-0.00239010368678293
0.555995158168766	0.444004841831234	889.997315358903	0.00221979791713772	0.000443447794057547	2.72974755834294e-06	0	-0.000131927593150225	-0.00237726645958516
0.554048779377611	0.445951220622389	893.898786098850	0.00220529358341030	0.000444354738739998	2.59427406779488e-06	0	-0.000131299561955652	-0.00236446367112367
0.552101561163411	0.447898438836589	897.801939442648	0.00219065574258836	0.000445601198088806	2.50424445797297e-06	0	-0.000130925534077515	-0.00235175458406010
0.550153532882470	0.449846467117530	901.706716546272	0.00217589129334415	0.000446982933954235	2.44326094415354e-06	0	-0.000130777992097340	-0.00233920448659630
0.548204723902166	0.451795276097834	905.613058543500	0.00216104235502740	0.000448649556181406	2.32678084762768e-06	0	-0.000130817466770420	-0.00232677695681951
0.546255163600551	0.453744836399449	909.520906546714	0.00214618862112377	0.000450751729693308	2.13030619557594e-06	0	-0.000131008281373763	-0.00231439665050376
0.544304881365957	0.455695118634043	913.430201647691	0.00213139466968036	0.000452968988283878	1.97043989169285e-06	0	-0.000131304067995172	-0.00230208040326077
0.542353906596604	0.457646093403396	917.340884918386	0.00211663963705945	0.000455053849308439	1.94908090554244e-06	0	-0.000131660763187995	-0.00228984418509324
0.540402268700200	0.459597731299800	921.252897411737	0.00210187065879919	0.000457134333302900	2.02695675250059e-06	0	-0.000132035889619133	-0.00227768002784735
0.538449997093550	0.461550002906450	925.166180162447	0.00208707171829840	0.000459228636483640	2.11616618419544e-06	0	-0.000132366889240473	-0.00226559632202255
0.536497121202161	0.463502878797839	929.080674187776	0.00207226639676528	0.000461351140413457	2.20972692357196e-06	0	-0.000132628378072599	-0.00225361552766688
0.534543670459844	0.465456329540156	932.996320488338	0.00205746662885518	0.000463600470266644	2.36057254387426e-06	0	-0.000132810719545283	-0.00224176614997507
0.532589674308323	0.467410325691677	936.913060048886	0.00204264629793940	0.000465918932603083	2.57154848220553e-06	0	-0.000132898867945325	-0.00223003705816489
0.530635162196834	0.469364837803166	940.830833839116	0.00202778648721240	0.000468171852603749	2.81810778218757e-06	0	-0.000132923314785967	-0.00221836519919069
0.528680163581736	0.471319836418264	944.749582814446	0.00201285498152053	0.000470373037926502	3.07759353809848e-06	0	-0.000132931485519708	-0.00220675698686170
0.526724707926113	0.473275292073887	948.669247916813	0.00199776956581935	0.000472902484875133	3.23594862010343e-06	0	-0.000132987148416258	-0.00219519137873862
0.524768824699375	0.475231175300625	952.589770075474	0.00198246908583961	0.000476092361083289	3.18449864638313e-06	0	-0.000133164482608498	-0.00218363914744165
0.522812543376871	0.477187456623129	956.511090207783	0.00196699772758288	0.000479860336490298	2.99722441687935e-06	0	-0.000133576719821553	-0.00217211777409987
0.520855893439485	0.479144106560515	960.433149219996	0.00195147132310533	0.000484129680958241	2.82676157186438e-06	0	-0.000134355032633703	-0.00216068888554818
0.518898904373246	0.481101095626754	964.355888008060	0.00193599108769475	0.000488972918033747	2.70947810848593e-06	0	-0.000135582825899844	-0.00214937423390426
0.516941605668929	0.483058394331071	968.279247458405	0.00192064907808937	0.000494333405514913	2.58558605498760e-06	0	-0.000137314443192119	-0.00213814468780232
0.514984026821660	0.485015973178340	972.203168448742	0.00190556575060695	0.000499957391693186	2.42465856364754e-06	0	-0.000139550546555638	-0.00212701351542092
0.513026197330525	0.486973802669475	976.127591848843	0.00189086578465624	0.000505755480108669	2.24361472461348e-06	0	-0.000142186613019070	-0.00211598628725716
0.511068146698168	0.488931853301832	980.052458521349	0.00187660642423461	0.000511634789101047	2.09885476704421e-06	0	-0.000145032931738985	-0.00210506028012850
0.509109904430396	0.490890095569604	983.977709322559	0.00186275798591399	0.000517069716193449	2.07634179744393e-06	0	-0.000147868553719076	-0.00209424894443923
0.507151500035789	0.492848499964211	987.903285103217	0.00184926842150197	0.000521731711562133	2.20173297580963e-06	0	-0.000150516756660919	-0.00208356306772242
0.505192963025297	0.494807036974703	991.829126709312	0.00183607396657006	0.000525790630360698	2.43813231604106e-06	0	-0.000152810534082535	-0.00207299945816096
0.503234322911848	0.496765677088152	995.755174982872	0.00182303287462599	0.000529389942349817	2.76938589670839e-06	0	-0.000154629171133268	-0.00206255670218130
0.501275609209953	0.498724390790047	999.681370762751	0.00180994096724950	0.000532562302771214	3.13189933971917e-06	0	-0.000155989154152512	-0.00205221492871528
0.499316851435307	0.500683148564693	1003.60765488543	0.00179663206868662	0.000535629992518035	3.32331024311651e-06	0	-0.000156962442910436	-0.00204191572772129
0.497358079104395	0.502641920895605	1007.53396818580	0.00178306002607015	0.000539018844300077	3.15781907769730e-06	0	-0.000157621385934690	-0.00203160743081128
0.495399321734095	0.504600678265905	1011.46025149797	0.00176928537419591	0.000542697283558265	2.67179164118305e-06	0	-0.000157997986328269	-0.00202133391041450
0.493440608841286	0.506559391158714	1015.38644565606	0.00175540854052618	0.000546400080223073	2.09864742460287e-06	0	-0.000158120946261732	-0.00201115825124200
0.491481969942444	0.508518030057556	1019.31249149496	0.00174155208395017	0.000549848861796949	1.70436783108871e-06	0	-0.000158089038217624	-0.00200108477356684
0.489523434553254	0.510476565446746	1023.23832985120	0.00172784667866327	0.000552739646933296	1.59549562788252e-06	0	-0.000158015837370852	-0.00199107166080647
0.487565032188209	0.512434967811791	1027.16390156365	0.00171438682326347	0.000555082741971202	1.67553662512725e-06	0	-0.000157950543748612	-0.00198107141627102
0.485606792360218	0.514393207639782	1031.08914747437	0.00170119240702602	0.000557210572700183	1.82548500814377e-06	0	-0.000157888658792381	-0.00197109981564653
0.483648744580205	0.516351255419795	1035.01400842942	0.00168819722833728	0.000559312925436293	1.98383332173257e-06	0	-0.000157857990341003	-0.00196116951905786
0.481690918356717	0.518309081643283	1038.93842527960	0.00167531194523965	0.000561523554869136	2.08963578376998e-06	0	-0.000157957186220147	-0.00195127430598066
0.479733343195527	0.520266656804473	1042.86233888128	0.00166247935051688	0.000563998521128413	2.11518040888937e-06	0	-0.000158270680030438	-0.00194140697899987
0.477776048599235	0.522223951400765	1046.78569009718	0.00164967266676948	0.000566604822204830	2.10380193800859e-06	0	-0.000158818184286469	-0.00193157371701465
0.475819064066878	0.524180935933122	1050.70841979719	0.00163690338894042	0.000569189734909680	2.11887012737744e-06	0	-0.000159571264177969	-0.00192177127141163
0.473862419093528	0.526137580906472	1054.63046885911	0.00162422961791724	0.000571825817676981	2.17814122482959e-06	0	-0.000160456897316444	-0.00191201384268834
0.471906143169898	0.528093856830102	1058.55177816950	0.00161175104387658	0.000574697795566378	2.24542473010299e-06	0	-0.000161402372422929	-0.00190229177974679
0.469950265781948	0.530049734218052	1062.47228862445	0.00159956914164030	0.000577624541834670	2.27632348986597e-06	0	-0.000162331447761077	-0.00189260869365441
0.467994816410485	0.532005183589515	1066.39194113036	0.00158771609518024	0.000580186664857645	2.23298203336789e-06	0	-0.000163176692604162	-0.00188298950406510
0.466039824530772	0.533960175469228	1070.31067660477	0.00157614863049441	0.000582277914837197	2.11899100990018e-06	0	-0.000163907707337962	-0.00187344048956285
0.464085319612126	0.535914680387874	1074.22843597711	0.00156481759134704	0.000583950416534005	2.03579340684534e-06	0	-0.000164529167342927	-0.00186399603069880
0.462131331117527	0.537868668882473	1078.14516018954	0.00155369999986661	0.000585224825588109	2.08921621866631e-06	0	-0.000165071569052483	-0.00185468616995587
0.460177888503218	0.539822111496782	1082.06079019770	0.00154277814314118	0.000586320789785993	2.27803497073419e-06	0	-0.000165571257341886	-0.00184549890968643
0.458225021218314	0.541774978781686	1085.97526697153	0.00153202290939113	0.000587535718134355	2.54883702411683e-06	0	-0.000166045028684825	-0.00183642491296729
0.456272758704401	0.543727241295599	1089.88853149606	0.00152139212736861	0.000588894611146654	2.82062091500400e-06	0	-0.000166518122680501	-0.00182745717411566
0.454321130395142	0.545678869604858	1093.80052477221	0.00151084276472927	0.000590358082430613	2.96990668684628e-06	0	-0.000167060360261973	-0.00181855612612898
0.452370165715881	0.547629834284119	1097.71118781755	0.00150034226564957	0.000591996964908101	2.94546382864879e-06	0	-0.000167727202940058	-0.00180970465907032
0.450419894083249	0.549580105916751	1101.62046166714	0.00148985672207096	0.000593886726029125	2.82721374272451e-06	0	-0.000168524305822127	-0.00180088627318340
0.448470344904763	0.551529655095237	1105.52828737430	0.00147934770589207	0.000595878995608440	2.71182969664406e-06	0	-0.000169325426003597	-0.00179209104425207
0.446521547578438	0.553478452421562	1109.43460601140	0.00146881512957737	0.000597848276428123	2.62914188209223e-06	0	-0.000169958988851580	-0.00178333670947069
0.444573531492383	0.555426468507617	1113.33935867066	0.00145830365647309	0.000599721438292203	2.58447472954420e-06	0	-0.000170344356045646	-0.00177464147867099
0.442626326024409	0.557373673975591	1117.24248646495	0.00144783138154330	0.000601274231695252	2.57197071129187e-06	0	-0.000170540056627700	-0.00176603233650272
0.440679960541635	0.559320039458365	1121.14393052856	0.00143739042338811	0.000602607403939159	2.53258311734594e-06	0	-0.000170698941562776	-0.00175751891105553
0.438734464400089	0.561265535599911	1125.04363201802	0.00142699029455353	0.000604166049840640	2.42552139066467e-06	0	-0.000170934366863872	-0.00174907656976222
0.436789866944313	0.563210133055687	1128.94153211288	0.00141662895546337	0.000606193158962897	2.32572986627427e-06	0	-0.000171286167130706	-0.00174068962205021
0.434846197506971	0.565153802493029	1132.83757201651	0.00140628060145643	0.000608539981620109	2.35404359922820e-06	0	-0.000171749591574215	-0.00173235999613042
0.432903485408446	0.567096514591554	1136.73169295689	0.00139593100536089	0.000610787939096375	2.51058850229776e-06	0	-0.000172290407276452	-0.00172409324062221
0.430961759956452	0.569038240043548	1140.62383618738	0.00138561650603741	0.000612671079014777	2.64286221634908e-06	0	-0.000172858502771146	-0.00171585001284730
0.429021050445635	0.570978949554365	1144.51394298756	0.00137542391987446	0.000614275722071291	2.64635290894959e-06	0	-0.000173379656472842	-0.00170762345085467
0.427081386157176	0.572918613842824	1148.40195466397	0.00136540787218892	0.000615743062697237	2.60127480871681e-06	0	-0.000173715930566161	-0.00169945665782224
0.425142796358400	0.574857203641600	1152.28781255097	0.00135554776905837	0.000617059584682041	2.63637766744007e-06	0	-0.000173714533693472	-0.00169137908308949
0.423205310302376	0.576794689697624	1156.17145801144	0.00134581173722219	0.000617946839268448	2.76594080460752e-06	0	-0.000173245518481047	-0.00168338965663904
0.421268957227524	0.578731042772476	1160.05283243767	0.00133620257134479	0.000618091402231985	2.90485846769655e-06	0	-0.000172231947418249	-0.00167544030553808
0.419333766357222	0.580666233642778	1163.93187725207	0.00132676197585761	0.000617356122913362	2.97534462448270e-06	0	-0.000170670727320336	-0.00166751683847401
0.417399766899406	0.582600233100594	1167.80853390803	0.00131757908601400	0.000615854473682008	2.94749216048163e-06	0	-0.000168659496127289	-0.00165963522791972
0.415466988046177	0.584533011953823	1171.68274389065	0.00130875664621769	0.000613866219509625	2.83660512255887e-06	0	-0.000166370594437467	-0.00165179304316982
0.413535458973408	0.586464541026592	1175.55444871759	0.00130033134118384	0.000611549028112422	2.68505905086736e-06	0	-0.000163957464975435	-0.00164400479394909
0.411605208840346	0.588394791159654	1179.42358993982	0.00129225131184382	0.000609051577809477	2.51728869149359e-06	0	-0.000161555345299999	-0.00163627053009565
0.409676266789220	0.590323733210780	1183.29010914241	0.00128440131095491	0.000606653637264692	2.37916089480116e-06	0	-0.000159336223144670	-0.00162856389803950
0.407748661944841	0.592251338055159	1187.15394794537	0.00127660392540312	0.000604495457995644	2.34255407269246e-06	0	-0.000157486469558477	-0.00162088045108024
0.405822423414216	0.594177576585784	1191.01504800439	0.00126865983014746	0.000602650342156617	2.40684187335106e-06	0	-0.000156111105924330	-0.00161320333515273
0.403897580286144	0.596102419713856	1194.87335101164	0.00126042440331352	0.000601409935262052	2.54860388638123e-06	0	-0.000155200752243985	-0.00160552715605308
0.401974161630826	0.598025838369174	1198.72879869658	0.00125182779246233	0.000600925651257145	2.80319596422530e-06	0	-0.000154633656775504	-0.00159790592453514
0.400052196499472	0.599947803500528	1202.58133282676	0.00124285724982087	0.000601004436769526	3.14129880591625e-06	0	-0.000154278872531133	-0.00159035513242848
0.398131713923904	0.601868286076096	1206.43089520856	0.00123355357619442	0.000601543702768247	3.42083099858743e-06	0	-0.000154050679422488	-0.00158283672131810
0.396212742916160	0.603787257083840	1210.27742768802	0.00122400490750455	0.000602707082769852	3.57456456996374e-06	0	-0.000153918575324125	-0.00157535510903915
0.394295312468104	0.605704687531896	1214.12087215164	0.00121430554945112	0.000604392760231689	3.68342586369683e-06	0	-0.000153882440348367	-0.00156795385526236
0.392379451551031	0.607620548448969	1217.96117052714	0.00120450878769069	0.000606153649774762	3.80902695623005e-06	0	-0.000153916824075506	-0.00156063244826522
0.390465189115268	0.609534810884732	1221.79826478425	0.00119464352963836	0.000607784176436291	3.88909649825596e-06	0	-0.000153957644412526	-0.00155334683910060
0.388552554089788	0.611447445910212	1225.63209693554	0.00118476197029904	0.000609520274116541	3.84526095662557e-06	0	-0.000153922390409933	-0.00154609806547174
0.386641575381809	0.613358424618191	1229.46260903715	0.00117492954101527	0.000611640525075458	3.73503184092150e-06	0	-0.000153820317722907	-0.00153892544609679
0.384732281876405	0.615267718123595	1233.28974318964	0.00116517090169685	0.000614019322467978	3.71139062462484e-06	0	-0.000153717879594952	-0.00153186809783829
0.382824702436108	0.617175297563892	1237.11344153873	0.00115546666583550	0.000616359917479715	3.82696277106540e-06	0	-0.000153702639798789	-0.00152491173682195
0.380918865900520	0.619081134099480	1240.93364627611	0.00114579631645030	0.000618668297885816	3.99286680106703e-06	0	-0.000153867569534270	-0.00151800405484174
0.379014801085915	0.620985198914085	1244.75029964025	0.00113614168475591	0.000621128816184530	4.09104365339508e-06	0	-0.000154260534943573	-0.00151111985886179
0.377112536784847	0.622887463215153	1248.56334391713	0.00112647967412593	0.000623917947859544	4.05532732332630e-06	0	-0.000154852048581152	-0.00150423009710721
0.375212101765756	0.624787898234244	1252.37272144110	0.00111679180294673	0.000627055705277661	3.92555497285609e-06	0	-0.000155532103055615	-0.00149732518032227
0.373313524772579	0.626686475227421	1256.17837459561	0.00110705792051086	0.000630353258549459	3.79412799583223e-06	0	-0.000156197627072128	-0.00149040859566214
0.371416834524351	0.628583165475649	1259.98024581401	0.00109725840986973	0.000633734264084574	3.68205338764317e-06	0	-0.000156808851045700	-0.00148348596326857
0.369522059714816	0.630477940285184	1263.77827758038	0.00108739431980220	0.000637198982826211	3.54292424832100e-06	0	-0.000157397867021001	-0.00147656925367875
0.367629229012034	0.632370770987966	1267.57241243025	0.00107749559901108	0.000640648817945560	3.33237192014648e-06	0	-0.000157993611489996	-0.00146966127034714
0.365738371057985	0.634261628942015	1271.36259295145	0.00106764065967150	0.000644009219607636	3.03879169957111e-06	0	-0.000158602194641856	-0.00146274680454394
0.363849514468183	0.636150485531817	1275.14876178486	0.00105796320757298	0.000647219436704805	2.71048648117222e-06	0	-0.000159205051678599	-0.00145582819863763
0.361962687831276	0.638037312168724	1278.93086162519	0.00104858496343898	0.000650170524799182	2.44963111522635e-06	0	-0.000159793826354740	-0.00144895468391686
0.360077919708662	0.639922080291338	1282.70883522179	0.00103954179460972	0.000652742856372268	2.33343670959180e-06	0	-0.000160362948558325	-0.00144218601675956
0.358195238634087	0.641804761365913	1286.48262537943	0.00103079019098788	0.000654981133591507	2.33522467711106e-06	0	-0.000160914151904236	-0.00143551961813519
0.356314673113265	0.643685326886735	1290.25217495908	0.00102225557639913	0.000657069126944371	2.36095524064895e-06	0	-0.000161475602360522	-0.00142892122952052
0.354436251623474	0.645563748376526	1294.01742687870	0.00101388037444035	0.000659105150701353	2.36858987628458e-06	0	-0.000162095638990060	-0.00142238736540187
0.352560002613174	0.647439997386826	1297.77832411402	0.00100564960117227	0.000661084445877757	2.40210958602651e-06	0	-0.000162844768469267	-0.00141595076112272
0.350685954501610	0.649314045498390	1301.53480969933	0.000997576074943340	0.000663038801630429	2.51360524995520e-06	0	-0.000163740638844842	-0.00140962339362955
0.348814135678424	0.651185864321576	1305.28682672825	0.000989667540573001	0.000665034166742015	2.71248768904285e-06	0	-0.000164753750403699	-0.00140337824897665
0.346944574503260	0.653055425496740	1309.03431835454	0.000981892158687986	0.000667043591328681	2.98195899342938e-06	0	-0.000165822472828938	-0.00139719400022443
0.345077299305376	0.654922700694624	1312.77722779287	0.000974181549541597	0.000669055799477975	3.28607017715578e-06	0	-0.000166897711055631	-0.00139106500428594
0.343212338383254	0.656787661616746	1316.51549831959	0.000966479301686582	0.000671127534962443	3.56349174786073e-06	0	-0.000167969474361941	-0.00138497577383131
0.341349720004205	0.658650279995795	1320.24907327353	0.000958763166441774	0.000673313836698291	3.75756132252403e-06	0	-0.000169025245830276	-0.00137890967285336
0.339489472403982	0.660510527596018	1323.97789605680	0.000951034152395238	0.000675600258342741	3.85686843860404e-06	0	-0.000170057084643150	-0.00137286161302673
0.337631623786390	0.662368376213610	1327.70191013552	0.000943320074590106	0.000677902051534090	3.87930259869355e-06	0	-0.000171077806712942	-0.00136684726261610
0.335776202322893	0.664223797677107	1331.42105904066	0.000935684070805183	0.000680193747327013	3.82803745571026e-06	0	-0.000172135163628482	-0.00136088643622516
0.333923236152225	0.666076763847775	1335.13528636877	0.000928203432972944	0.000682502814533833	3.70091960492136e-06	0	-0.000173259439092007	-0.00135497836554923
0.332072753380003	0.667927246619997	1338.84453578282	0.000920920289085613	0.000684774731727471	3.53182710200301e-06	0	-0.000174397890050157	-0.00134909528932357
0.330224782078333	0.669775217921667	1342.54875101291	0.000913814727427213	0.000686860874795114	3.38127079574690e-06	0	-0.000175459706484734	-0.00134322949212543
0.328379350285422	0.671620649714578	1346.24787585712	0.000906823494973820	0.000688670243631966	3.28764124416969e-06	0	-0.000176364044586294	-0.00133740665638592
0.326536486005191	0.673463513994809	1349.94185418225	0.000899864499081674	0.000690283929693201	3.25249517038591e-06	0	-0.000177070546551200	-0.00133164367855971
0.324696217206884	0.675303782793116	1353.63062992460	0.000892859908360806	0.000691881710350808	3.27473806843684e-06	0	-0.000177621219774723	-0.00132594740999267
0.322858571824677	0.677141428175323	1357.31414709076	0.000885749215745143	0.000693487391839599	3.37903649959980e-06	0	-0.000178057746176282	-0.00132033556331161
0.321023577757293	0.678976422242707	1360.99234975841	0.000878473417024524	0.000694979772515067	3.57926594593159e-06	0	-0.000178387411280184	-0.00131481024624153
0.319191262867613	0.680808737132387	1364.66518207704	0.000870971913236303	0.000696369551962378	3.82500181757140e-06	0	-0.000178613095824586	-0.00130932305175869
0.317361654982285	0.682638345017715	1368.33258826880	0.000863198294734076	0.000697862217664658	4.02620850254401e-06	0	-0.000178757748473880	-0.00130382073594054
0.315534781891338	0.684465218108662	1371.99451262921	0.000855133236734616	0.000699747017290403	4.11635244224256e-06	0	-0.000178889835674011	-0.00129828605664948
0.313710671347793	0.686289328652207	1375.65089952801	0.000846800526218647	0.000702181884156712	4.08735725993953e-06	0	-0.000179055113838825	-0.00129272748331100
0.311889351067277	0.688110648932723	1379.30169340986	0.000838267832137760	0.000705042166320721	3.98490148162143e-06	0	-0.000179257646808454	-0.00128718985027675
0.310070848727634	0.689929151272366	1382.94683879516	0.000829613679808730	0.000708075419926804	3.86429135118845e-06	0	-0.000179475935062423	-0.00128169184311370
0.308255191968537	0.691744808031463	1386.58628028086	0.000820898025436965	0.000711131416952462	3.77163699545801e-06	0	-0.000179665024566349	-0.00127622561859900
0.306442408391105	0.693557591608895	1390.21996254114	0.000812163849901243	0.000714159443876936	3.75096862729877e-06	0	-0.000179776470869203	-0.00127081144447945
0.304632525557511	0.695367474442489	1393.84783032828	0.000803428149715577	0.000717070953859657	3.80366377435829e-06	0	-0.000179762398093153	-0.00126545814818134
0.302825570990597	0.697174429009403	1397.46982847338	0.000794670206600621	0.000719796095629652	3.85575884652100e-06	0	-0.000179620569916696	-0.00126013046792218
0.301021572173492	0.698978427826508	1401.08590188716	0.000785857641100327	0.000722416117729574	3.83135773037860e-06	0	-0.000179403625406335	-0.00125478944028019
0.299220556549218	0.700779443450782	1404.69599556071	0.000776981349367736	0.000725114628943577	3.76138513742015e-06	0	-0.000179164177513926	-0.00124943513078469
0.297422551520311	0.702577448479689	1408.30005456631	0.000768067719686026	0.000727934603682037	3.77796840830496e-06	0	-0.000178921436896122	-0.00124410714050926
0.295627584448431	0.704372415551569	1411.89802405813	0.000759161484647823	0.000730637148722197	3.98116534838657e-06	0	-0.000178652209122992	-0.00123883637614263
0.293835682653982	0.706164317346018	1415.48984927307	0.000750301697043945	0.000733048913940918	4.34027474416031e-06	0	-0.000178333214859210	-0.00123361355427359
0.292046873415717	0.707953126584283	1419.07547553152	0.000741520503126777	0.000735219021877989	4.74443667738038e-06	0	-0.000177959664909023	-0.00122842673191264
0.290261183970365	0.709738816029635	1422.65484823807	0.000732841066967054	0.000737233891520289	5.09610403064641e-06	0	-0.000177537912771798	-0.00122328166706278
0.288478641512238	0.711521358487762	1426.22791288237	0.000724268170336659	0.000739216336269953	5.33978648869617e-06	0	-0.000177094337532889	-0.00121816908895929
0.286699273192849	0.713300726807151	1429.79461503985	0.000715797410325562	0.000741318772692552	5.45570007196895e-06	0	-0.000176652315548257	-0.00121307148009484
0.284923106120528	0.715076893879472	1433.35490037249	0.000707424297619503	0.000743609579242726	5.45461315987692e-06	0	-0.000176230073931963	-0.00120799760288713
0.283150167360040	0.716849832639960	1436.90871462961	0.000699129825397575	0.000746012169518013	5.36011241287481e-06	0	-0.000175849117666890	-0.00120297297976909
0.281380483932197	0.718619516067803	1440.45600364862	0.000690875093831214	0.000748516076303600	5.19338615499377e-06	0	-0.000175543406544321	-0.00119799753284290
0.279614082813479	0.720385917186521	1443.99671335580	0.000682631913681693	0.000751239630689426	5.00024572967500e-06	0	-0.000175365593031572	-0.00119305967595678
0.277850990935649	0.722149009064351	1447.53078976706	0.000674408405865846	0.000754203444252348	4.86308298543583e-06	0	-0.000175373468834719	-0.00118816835891131
0.276091235185371	0.723908764814629	1451.05817898871	0.000666232386232946	0.000757324540133199	4.84950163456316e-06	0	-0.000175619796466523	-0.00118333635885043
0.274334842403824	0.725665157596176	1454.57882721823	0.000658120950474666	0.000760589211018693	4.94441298641484e-06	0	-0.000176121887990691	-0.00117855528493137
0.272581839386326	0.727418160613674	1458.09268074504	0.000650079363143560	0.000764089508544164	5.04930048733552e-06	0	-0.000176859317058546	-0.00117378164461452
0.270832252881948	0.729167747118052	1461.59968595125	0.000642114541847082	0.000767781578623396	5.07931716319273e-06	0	-0.000177762170625405	-0.00116899938521196
0.269086109593132	0.730913890406868	1465.09978931244	0.000634237937244872	0.000771490042249987	5.03299326358443e-06	0	-0.000178741045134815	-0.00116422299511175
0.267343436175311	0.732656563824689	1468.59293739842	0.000626466770566138	0.000775084975430774	4.96067381277249e-06	0	-0.000179710144224234	-0.00115945510322290
0.265604259236530	0.734395740763470	1472.07907687398	0.000618821920000319	0.000778457767130741	4.90623610041638e-06	0	-0.000180584244116155	-0.00115469650788372
0.263868605337060	0.736131394662940	1475.55815449969	0.000611320724817935	0.000781530762321168	4.86923508565317e-06	0	-0.000181299340565522	-0.00114995298503757
0.262136500989023	0.737863499010977	1479.03011713261	0.000603969229799100	0.000784314685800018	4.80620366547160e-06	0	-0.000181823663394522	-0.00114521093288744
0.260407972656008	0.739592027343992	1482.49491172710	0.000596755299129461	0.000786905066893509	4.68830908938904e-06	0	-0.000182156643336931	-0.00114045799548392
0.258683046752694	0.741316953247306	1485.95248533556	0.000589656457720371	0.000789373476578026	4.55231349610723e-06	0	-0.000182334524278196	-0.00113572733838994
0.256961749644468	0.743038250355532	1489.40278510918	0.000582652905778302	0.000791683758827514	4.46119036449561e-06	0	-0.000182415850194246	-0.00113105846974795
0.255244107647048	0.744755892352952	1492.84575829872	0.000575728409918618	0.000793839298771259	4.41993262499445e-06	0	-0.000182443739871347	-0.00112646354190208
0.253530147026102	0.746469852973898	1496.28135225527	0.000568871826123914	0.000795943056348480	4.37065894631203e-06	0	-0.000182436435912206	-0.00112191598389755
0.251819893996874	0.748180106003126	1499.70951443097	0.000562082664341010	0.000798012185839337	4.27863377899117e-06	0	-0.000182383399293128	-0.00111738990082625
0.250113374723799	0.749886625276201	1503.13019237985	0.000555365728220332	0.000799933823896773	4.18332027904476e-06	0	-0.000182246716791111	-0.00111289203514168
0.248410615320131	0.751589384679869	1506.54333375848	0.000548723234570127	0.000801623027590740	4.14145853605362e-06	0	-0.000181988520443727	-0.00110844952823751
0.246711641847563	0.753288358152437	1509.94888632681	0.000542155810983155	0.000803122085565137	4.15266771829730e-06	0	-0.000181601311504469	-0.00110406211882455
0.245016480315848	0.754983519684152	1513.34679794891	0.000535661321877176	0.000804498807968131	4.17438052702214e-06	0	-0.000181109893293461	-0.00109970827420187
0.243325156682429	0.756674843317571	1516.73701659368	0.000529232380722623	0.000805809951897799	4.18094322076043e-06	0	-0.000180572089996040	-0.00109538852916117
0.241637696852054	0.758362303147946	1520.11949033567	0.000522862183301183	0.000807144696016300	4.17877836954267e-06	0	-0.000180053988813572	-0.00109111433803733
0.239954126676406	0.760045873323594	1523.49416735578	0.000516547020180304	0.000808591725297129	4.18681379867654e-06	0	-0.000179608127638214	-0.00108689171223381
0.238274471953723	0.761725528046277	1526.86099594205	0.000510282003871276	0.000810195975857332	4.21815271587090e-06	0	-0.000179262740359695	-0.00108272155621619
0.236598758428429	0.763401241571571	1530.21992449037	0.000504066771211833	0.000811936291024916	4.28109980406165e-06	0	-0.000179020559343005	-0.00107860503807859
0.234927011790751	0.765072988209249	1533.57090150530	0.000497909302950631	0.000813725864257769	4.38312315573705e-06	0	-0.000178875649216597	-0.00107455686507202
0.233259257676350	0.766740742323650	1536.91387560075	0.000491809072173385	0.000815495368003885	4.50027471795745e-06	0	-0.000178817206359237	-0.00107057279953545
0.231595521665946	0.768404478334054	1540.24879550077	0.000485745149956850	0.000817307149317703	4.56691045578375e-06	0	-0.000178827414774336	-0.00106662524408877
0.229935829284942	0.770064170715058	1543.57561004027	0.000479690986560792	0.000819319702732431	4.53735458568006e-06	0	-0.000178894572915050	-0.00106269573279728
0.228280206003051	0.771719793996949	1546.89426816583	0.000473631150600933	0.000821583273769832	4.44162840922830e-06	0	-0.000179002560738561	-0.00105878069080694
0.226628677233927	0.773371322766073	1550.20471893635	0.000467563301891776	0.000823987482307579	4.36285643237994e-06	0	-0.000179124627579968	-0.00105489404332895
0.224981268334786	0.775018731665214	1553.50691152391	0.000461495190994057	0.000826398239437720	4.36823759308075e-06	0	-0.000179232152251839	-0.00105105353687647
0.223338004606040	0.776661995393960	1556.80079521441	0.000455441535656635	0.000828667403463623	4.45853844222169e-06	0	-0.000179301900893959	-0.00104726359256968
0.221698911290919	0.778301088709081	1560.08631940839	0.000449423142996470	0.000830722866134808	4.57940368652225e-06	0	-0.000179324478656725	-0.00104350920056330
0.220064013575105	0.779935986424895	1563.36343362174	0.000443462790347131	0.000832664534558224	4.68889435021752e-06	0	-0.000179285349982276	-0.00103978312748751
0.218433336586358	0.781566663413642	1566.63208748645	0.000437570386268611	0.000834569075730019	4.79327277688713e-06	0	-0.000179149917988176	-0.00103609592514848
0.216806905394145	0.783193094605855	1569.89223075136	0.000431733283572065	0.000836394165888674	4.89772836524045e-06	0	-0.000178869089731808	-0.00103245999151485
0.215184745009273	0.784815254990727	1573.14381328290	0.000425930286689137	0.000838119494705591	4.95470604453965e-06	0	-0.000178403782493263	-0.00102886564852998
0.213566880383515	0.786433119616485	1576.38678506582	0.000420154571452794	0.000839764077463167	4.89798669161197e-06	0	-0.000177740964498787	-0.00102528644782305
0.211953336409245	0.788046663590755	1579.62109620394	0.000414419503312036	0.000841331480889526	4.71155219689508e-06	0	-0.000176903391768570	-0.00102171150896599
0.210344137919065	0.789655862080935	1582.84669692089	0.000408747747161246	0.000842806475277202	4.43601879835600e-06	0	-0.000175940668428317	-0.00101814485399712
0.208739309685440	0.791260690314560	1586.06353756085	0.000403160774603296	0.000844168809367064	4.13461092696521e-06	0	-0.000174909693243617	-0.00101459907362289
0.207138876420327	0.792861123579673	1589.27156858926	0.000397675331430813	0.000845456542908927	3.88043339276329e-06	0	-0.000173866866215733	-0.00101109937750062
0.205542862774811	0.794457137225189	1592.47074059362	0.000392299311974280	0.000846720145337992	3.73530428297040e-06	0	-0.000172855524573061	-0.00100767402907835
0.203951293338734	0.796048706661266	1595.66100428415	0.000387030009464973	0.000847950993296878	3.69999835954308e-06	0	-0.000171906825181378	-0.00100432787586293
0.202364192640332	0.797635807359668	1598.84231049459	0.000381858775507573	0.000849146581736223	3.70365321622320e-06	0	-0.000171038737552170	-0.00100104945681149
0.200781585145865	0.799218414854135	1602.01461018289	0.000376767757065535	0.000850364863586228	3.66739379229351e-06	0	-0.000170251194592694	-0.000997820961354588
0.199203495259254	0.800796504740746	1605.17785443195	0.000371723142325919	0.000851678372909486	3.57534035699452e-06	0	-0.000169538746706137	-0.000994627293290825
0.197629947321718	0.802370052678282	1608.33199445038	0.000366684662783193	0.000853099772623681	3.47537193152229e-06	0	-0.000168903371278160	-0.000991470806289530
0.196060965611403	0.803939034388597	1611.47698157319	0.000361624377136772	0.000854600492242722	3.42099044581880e-06	0	-0.000168358094962931	-0.000988358522197934
0.194496574343022	0.805503425656978	1614.61276726257	0.000356537186465408	0.000856191387577036	3.43039229888398e-06	0	-0.000167925108961266	-0.000985278573883836
0.192936797667490	0.807063202332510	1617.73930310857	0.000351435621600305	0.000857917074674465	3.49583106187585e-06	0	-0.000167619500467335	-0.000982219045176823
0.191381659671564	0.808618340328436	1620.85654082985	0.000346333049836496	0.000859788716096475	3.60282983391994e-06	0	-0.000167437337126527	-0.000979179800372411
0.189831184377474	0.810168815622526	1623.96443227441	0.000341232394273121	0.000861796381795882	3.72804505262926e-06	0	-0.000167359835902049	-0.000976162703312622
0.188285395742566	0.811714604257434	1627.06292942031	0.000336130169233851	0.000863943084969774	3.83880378015277e-06	0	-0.000167357275782849	-0.000973168339651357
0.186744317658936	0.813255682341064	1630.15198437641	0.000331026188526976	0.000866198424905574	3.90574828028430e-06	0	-0.000167395285196024	-0.000970201879134296
0.185207973953074	0.814792026046926	1633.23154938306	0.000325925994052598	0.000868482385516871	3.90387926832445e-06	0	-0.000167451264648291	-0.000967260258150093
0.183676388385498	0.816323611614502	1636.30157681286	0.000320834486110404	0.000870764937897707	3.81321446058415e-06	0	-0.000167517756498720	-0.000964320952987097
0.182149584650397	0.817850415349603	1639.36201917136	0.000315750930323659	0.000873108649343818	3.64660011083811e-06	0	-0.000167583409414575	-0.000961368821038039
0.180627586375271	0.819372413624729	1642.41282909779	0.000310674306488061	0.000875566323953997	3.46960693104701e-06	0	-0.000167625478244901	-0.000958412240377263
0.179110417120569	0.820889582879431	1645.45395936579	0.000305613581816296	0.000878060863638149	3.37160717173108e-06	0	-0.000167622142261559	-0.000955467220474000
0.177598100379335	0.822401899620665	1648.48536288409	0.000300591169064676	0.000880391297660817	3.41121693137507e-06	0	-0.000167557955926484	-0.000952548834617248
0.176090659576847	0.823909340423153	1651.50699269728	0.000295636106203252	0.000882401552200394	3.58736850466937e-06	0	-0.000167428484246267	-0.000949668781342809
0.174588118070257	0.825411881929743	1654.51880198648	0.000290772706005938	0.000884099330123094	3.85620098566092e-06	0	-0.000167245382768371	-0.000946832524564505
0.173090499148241	0.826909500851759	1657.52074407010	0.000286012762171576	0.000885584074007137	4.16218156068660e-06	0	-0.000167028934625434	-0.000944039371493524
0.171597826030637	0.828402173969363	1660.51277240452	0.000281355823566018	0.000886954666588247	4.45182504319443e-06	0	-0.000166802572469125	-0.000941282297666869
0.170110121868089	0.829889878131911	1663.49484058480	0.000276794126715263	0.000888310848165795	4.68002342637000e-06	0	-0.000166587022079749	-0.000938547919629294
0.168627409741696	0.831372590258304	1666.46690234543	0.000272315965845602	0.000889745901757348	4.82171681181501e-06	0	-0.000166391504856702	-0.000935829750029463
0.167149712662653	0.832850287337347	1669.42891156100	0.000267908060173276	0.000891294339495827	4.88013551866578e-06	0	-0.000166219540852816	-0.000933128649037801
0.165677053571898	0.834322946428102	1672.38082224694	0.000263559501613435	0.000892919090354657	4.88466301924034e-06	0	-0.000166076805711618	-0.000930445607167784
0.164209455339760	0.835790544660240	1675.32258856021	0.000259264494156804	0.000894545686279757	4.87720350393068e-06	0	-0.000165971737050658	-0.000927786026509266
0.162746940765606	0.837253059234394	1678.25416480001	0.000255020820367965	0.000896119146560222	4.89202400563871e-06	0	-0.000165915661042151	-0.000925160372451454
0.161289532577484	0.838710467422516	1681.17550540851	0.000250825802486850	0.000897629135348641	4.94643927297848e-06	0	-0.000165915411695425	-0.000922570537576100
0.159837253431778	0.840162746568222	1684.08656497151	0.000246674060410956	0.000899086423561139	5.04442667271155e-06	0	-0.000165968557732234	-0.000920006452072494
0.158390125912853	0.841609874087147	1686.98729821917	0.000242559251276185	0.000900507324297381	5.18243565840351e-06	0	-0.000166063274220019	-0.000917455129979384
0.156948172532703	0.843051827467297	1689.87766002675	0.000238477746851467	0.000901895626454849	5.35702137553141e-06	0	-0.000166177815806777	-0.000914919997872702
0.155511415730605	0.844488584269395	1692.75760541522	0.000234430555392001	0.000903244576859654	5.56939598791641e-06	0	-0.000166289814468818	-0.000912414930182866
0.154079877872768	0.845920122127232	1695.62708955205	0.000230421804419221	0.000904555201807000	5.81828223149600e-06	0	-0.000166379817127000	-0.000909949715148940
0.152653581251983	0.847346418748017	1698.48606775185	0.000226456783213978	0.000905846259791533	6.08595754201277e-06	0	-0.000166433135084493	-0.000907528008817002
0.151232548087275	0.848767451912725	1701.33449547712	0.000222541571788224	0.000907145963171989	6.33671794338776e-06	0	-0.000166441965916736	-0.000905147233037493
0.149816800523559	0.850183199476441	1704.17232833889	0.000218681093421109	0.000908457563509119	6.53629941828568e-06	0	-0.000166400658945627	-0.000902802286097361
0.148406360631288	0.851593639368712	1706.99952209745	0.000214875174299075	0.000909737028045375	6.66801165663317e-06	0	-0.000166302873796122	-0.000900492709097061
0.147001250406112	0.852998749593888	1709.81603266304	0.000211116294122239	0.000910938437723470	6.72283284054794e-06	0	-0.000166135410142030	-0.000898218315851117
0.145601491768529	0.854398508231471	1712.62181609653	0.000207393008410225	0.000912074086572517	6.69230373734787e-06	0	-0.000165878815276560	-0.000895974138294914
0.144207106563540	0.855792893436460	1715.41682861013	0.000203698272030148	0.000913165239495476	6.58715560312635e-06	0	-0.000165517699400871	-0.000893763213639408
0.142818116560307	0.857181883439693	1718.20102656806	0.000200034311766331	0.000914177344925056	6.43972635767528e-06	0	-0.000165050702375581	-0.000891596512496626
0.141434543451810	0.858565456548190	1720.97436648725	0.000196410507106295	0.000915061723367443	6.27978055626870e-06	0	-0.000164491323066244	-0.000889475539162348
0.140056408854501	0.859943591145499	1723.73680503803	0.000192839324634978	0.000915801330273417	6.12349710542208e-06	0	-0.000163855306505475	-0.000887396323529134
0.138683734307964	0.861316265692036	1726.48829904481	0.000189333029201674	0.000916409209675592	5.97366748876592e-06	0	-0.000163153413380135	-0.000885358006413031
0.137316541274573	0.862683458725427	1729.22880548676	0.000185901293962277	0.000916935201445231	5.81881374022782e-06	0	-0.000162392190627834	-0.000883356546969598
0.135954851139152	0.864045148860848	1731.95828149850	0.000182550827475832	0.000917439958359502	5.64649611447535e-06	0	-0.000161578952447097	-0.000881384751240556
0.134598685208633	0.865401314791367	1734.67668437079	0.000179285956544154	0.000917937467518142	5.46486226885730e-06	0	-0.000160725847013620	-0.000879438962267701
0.133248064711720	0.866751935288280	1737.38397155118	0.000176108339341417	0.000918386966076884	5.30458146898747e-06	0	-0.000159846870574935	-0.000877520940047324
0.131903010798546	0.868096989201454	1740.08010064473	0.000173017098385061	0.000918732951300252	5.19822968230532e-06	0	-0.000158956222023499	-0.000875633860658822
0.130563544540339	0.869436455459661	1742.76502941465	0.000170009649263760	0.000918934834039698	5.16000845826502e-06	0	-0.000158067738980362	-0.000873779148583311
0.129229686929082	0.870770313070918	1745.43871578301	0.000167081533955052	0.000918996063628161	5.17869340778982e-06	0	-0.000157194954293112	-0.000871959054198896
0.127901458877179	0.872098541122821	1748.10111783138	0.000164226123635629	0.000918980954741114	5.22337109878612e-06	0	-0.000156352412866261	-0.000870171674304011
0.126578881217118	0.873421118782882	1750.75219380153	0.000161435269897095	0.000918961156061703	5.25917877587477e-06	0	-0.000155553591700585	-0.000868408459838127
0.125261974701134	0.874738025298866	1753.39190209609	0.000158699901551569	0.000918968329346965	5.26504687566688e-06	0	-0.000154808110961944	-0.000866661814647891
0.123950760000879	0.876049239999121	1756.02020127920	0.000156010306366534	0.000919020321200831	5.24347477972292e-06	0	-0.000154118412034838	-0.000864933288006864
0.122645257707084	0.877354742292916	1758.63705007725	0.000153356774099075	0.000919157687780098	5.21513758251772e-06	0	-0.000153478536124503	-0.000863231783412172
0.121345488329231	0.878654511670769	1761.24240737945	0.000150730734624248	0.000919427470068960	5.20224529111494e-06	0	-0.000152877693980301	-0.000861566690747474
0.120051472295216	0.879948527704784	1763.83623223855	0.000148125277977549	0.000919834736203970	5.21173791159737e-06	0	-0.000152301235868208	-0.000859943363679342
0.118763229951022	0.881236770048978	1766.41848387152	0.000145534536030808	0.000920335645767219	5.22639620725346e-06	0	-0.000151731345848004	-0.000858360016030763
0.117480781560385	0.882519218439615	1768.98912166016	0.000142953600507589	0.000920873885108217	5.21293415144977e-06	0	-0.000151150139766886	-0.000856807207892624
0.116204147304467	0.883795852695533	1771.54810515182	0.000140379341757404	0.000921399992554137	5.14482537215782e-06	0	-0.000150539635250992	-0.000855270561293796
0.114933347281528	0.885066652718472	1774.09539406000	0.000137811356963497	0.000921865554065192	5.02137849890066e-06	0	-0.000149882181562994	-0.000853741110352597
0.113668401506594	0.886331598493406	1776.63094826504	0.000135253205068452	0.000922230941745852	4.86940283853251e-06	0	-0.000149161415888296	-0.000852224532100656
0.112409329911132	0.887590670088868	1779.15472781480	0.000132712314135479	0.000922487118509499	4.72721036990687e-06	0	-0.000148362032946336	-0.000850735746451248
0.111156152342724	0.888843847657276	1781.66669292525	0.000130197171442788	0.000922651094571152	4.62316059890020e-06	0	-0.000147470947744349	-0.000849284464870200
0.109908888564741	0.890091111435259	1784.16680398118	0.000127714004060636	0.000922748373858676	4.56659515296457e-06	0	-0.000146480283599538	-0.000847871147208135
0.108667558256017	0.891332441743983	1786.65502153683	0.000125265076898296	0.000922788159831670	4.55449285016593e-06	0	-0.000145385722944682	-0.000846495399568929
0.107432181010528	0.892567818989472	1789.13130631653	0.000122848604656267	0.000922745821503439	4.58088092465956e-06	0	-0.000144187722501169	-0.000845161128791432
0.106202776337064	0.893797223662936	1791.59561921537	0.000120459739956818	0.000922573286789270	4.64012617800458e-06	0	-0.000142893497217563	-0.000843871684525616
0.104979363658911	0.895020636341089	1794.04792129983	0.000118092130912280	0.000922238419111074	4.72429138004536e-06	0	-0.000141515136704448	-0.000842625097513735
0.103761962313528	0.896238037686472	1796.48817380842	0.000115739900663459	0.000921774846911760	4.82101722411746e-06	0	-0.000140068363498809	-0.000841415397060461
0.102550591552225	0.897449408447775	1798.91633815235	0.000113399832442755	0.000921271729887552	4.91790330270314e-06	0	-0.000138568432420062	-0.000840237890243889
0.101345270539846	0.898654729460154	1801.33237591612	0.000111072658956655	0.000920807492169754	5.00914987542223e-06	0	-0.000137031110450579	-0.000839092102057858
0.100146018354447	0.899853981645553	1803.73624885823	0.000108762610779303	0.000920403579273196	5.09576525783021e-06	0	-0.000135475656337784	-0.000837981001525864
0.0989528539869803	0.901047146013020	1806.12791891175	0.000106475991799105	0.000920042892263639	5.17728615138570e-06	0	-0.000133924858434614	-0.000836905024461887
0.0977657963409758	0.902234203659024	1808.50734818501	0.000104219972899193	0.000919706362753586	5.24524950932201e-06	0	-0.000132403058849283	-0.000835858724030146
0.0965848642322262	0.903415135767774	1810.87449896218	0.000102001439854945	0.000919382489197872	5.28805761701065e-06	0	-0.000130932764502357	-0.000834832286220053
0.0954100763884696	0.904589923611531	1813.22933370395	9.98255107985277e-05	0.000919070523739378	5.30188700946124e-06	0	-0.000129532330784738	-0.000833815089928876
0.0942414514490770	0.905758548550923	1815.57181504815	9.76944081315527e-05	0.000918788090205530	5.29504208946256e-06	0	-0.000128214597730397	-0.000832798989469895
0.0930790079647369	0.906920992035263	1817.90190581034	9.56074282201497e-05	0.000918567621697062	5.28094851617062e-06	0	-0.000126985670758816	-0.000831779879530830
0.0919227643971439	0.908077235602856	1820.21956898449	9.35617274631496e-05	0.000918438897576411	5.26867941621858e-06	0	-0.000125846000541140	-0.000830757422504019
0.0907727391186860	0.909227260881314	1822.52476774359	9.15529373538308e-05	0.000918408721098556	5.26326725344975e-06	0	-0.000124792638053144	-0.000829730893750281
0.0896289504121345	0.910371049587866	1824.81746544024	8.95751812626612e-05	0.000918448179806735	5.27397982808736e-06	0	-0.000123819832892275	-0.000828698507434171
0.0884914164703329	0.911508583529667	1827.09762560732	8.76213441181683e-05	0.000918498527109732	5.31452547597943e-06	0	-0.000122918589043369	-0.000827662552745136
0.0873601553958892	0.912639844604111	1829.36521195857	8.56845071338242e-05	0.000918501886802958	5.39074109072161e-06	0	-0.000122076537689989	-0.000826627792060860
0.0862351852008669	0.913764814799133	1831.62018838923	8.37597692267185e-05	0.000918434973119172	5.49298214909028e-06	0	-0.000121278623288685	-0.000825596371932954
0.0851165238064779	0.914883476193522	1833.86251897665	8.18448729496284e-05	0.000918317502428247	5.60249895184506e-06	0	-0.000120508180242765	-0.000824569382110658
0.0840041890427768	0.915995810957223	1836.09216798091	7.99395906249212e-05	0.000918200214980709	5.70035685106200e-06	0	-0.000119747992743210	-0.000823549819088128
0.0828981986483551	0.917101801351645	1838.30909984541	7.80451058845094e-05	0.000918144822771100	5.77212200581128e-06	0	-0.000118982304152819	-0.000822543166895134
0.0817985702700373	0.918201429729963	1840.51327919750	7.61637114939004e-05	0.000918190533689248	5.81265717167350e-06	0	-0.000118199240163898	-0.000821556928379862
0.0807053214625775	0.919294678537423	1842.70467084910	7.42981535948182e-05	0.000918326028805876	5.82733696570890e-06	0	-0.000117392358453760	-0.000820598918639731
0.0796184696883570	0.920381530311643	1844.88323979727	7.24506508783441e-05	0.000918502853792825	5.82408495444128e-06	0	-0.000116560543775118	-0.000819673413943654
0.0785380323170827	0.921461967682917	1847.04895122483	7.06223858626636e-05	0.000918674332942481	5.80652852214534e-06	0	-0.000115706187003173	-0.000818779213245416
0.0774640266254875	0.922535973374513	1849.20177050099	6.88137990014474e-05	0.000918813450433011	5.77870888401670e-06	0	-0.000114833317641161	-0.000817912482867186
0.0763964697970300	0.923603530202970	1851.34166318189	6.70252582850484e-05	0.000918903869640329	5.75216480171962e-06	0	-0.000113946950551460	-0.000817071456673389
0.0753353789215969	0.924664621078403	1853.46859501126	6.52574508654387e-05	0.000918935688326804	5.74326492908530e-06	0	-0.000113052727404542	-0.000816256317515470
0.0742807709952051	0.925719229004795	1855.58253192099	6.35111665554870e-05	0.000918910182399442	5.76542378407269e-06	0	-0.000112156191284348	-0.000815464787299757
0.0732326629197064	0.926767337080294	1857.68344003171	6.17868278849991e-05	0.000918839763722969	5.82519080983954e-06	0	-0.000111262405603687	-0.000814691352554284
0.0721910715024905	0.927808928497510	1859.77128565339	6.00843642474468e-05	0.000918743575097333	5.92220201261687e-06	0	-0.000110375813344828	-0.000813929225587646
0.0711560134561919	0.928843986543808	1861.84603528595	5.84034411946072e-05	0.000918640530527668	6.05090055373055e-06	0	-0.000109499746323031	-0.000813171617789932
0.0701275053983969	0.929872494601603	1863.90765561984	5.67436752282145e-05	0.000918541637391441	6.20347319701579e-06	0	-0.000108636308322241	-0.000812412934092369
0.0691055638513506	0.930894436148649	1865.95611353659	5.51048391456733e-05	0.000918444818615679	6.37175302426352e-06	0	-0.000107786920414660	-0.000811650245491274
0.0680902052416662	0.931909794758334	1867.99137610945	5.34872757208643e-05	0.000918338591867075	6.54759883549079e-06	0	-0.000106953193317004	-0.000810882764915834
0.0670814459000349	0.932918554099965	1870.01341060392	5.18923214084843e-05	0.000918208868593438	6.72428691623181e-06	0	-0.000106137744178134	-0.000810111151286320
0.0660793020609365	0.933920697939064	1872.02218447837	5.03223473592962e-05	0.000918043314753154	6.89763470880795e-06	0	-0.000105344360165745	-0.000809337600511390
0.0650837898623524	0.934916210137648	1874.01766538460	4.87804731140654e-05	0.000917840056565590	7.06382254731245e-06	0	-0.000104577690713478	-0.000808564973821759
0.0640949253454777	0.935905074654522	1875.99982116840	4.72702873191628e-05	0.000917616172515336	7.21688907751614e-06	0	-0.000103842327659197	-0.000807796024287071
0.0631127244544357	0.936887275545564	1877.96861987016	4.57956092552904e-05	0.000917404761617640	7.34989073687600e-06	0	-0.000103141218918465	-0.000807034272222058
0.0621372030359940	0.937862796964006	1879.92402972539	4.43600728405830e-05	0.000917242230555295	7.45714888128933e-06	0	-0.000102474724630158	-0.000806284248612551
0.0611683768392796	0.938831623160720	1881.86601916534	4.29665433944262e-05	0.000917154616490206	7.53417241825835e-06	0	-0.000101841072717384	-0.000805549066062166
0.0602062615154976	0.939793738484502	1883.79455681755	4.16166448953244e-05	0.000917146858269448	7.57764044652224e-06	0	-0.000101237414822554	-0.000804829058426350
0.0592508726176487	0.940749127382351	1885.70961150637	4.03105417023743e-05	0.000917200342451672	7.58794708952553e-06	0	-0.000100660592956997	-0.000804122997511971
0.0583022256002503	0.941697774399750	1887.61115225360	3.90469202474076e-05	0.000917282240125355	7.57234503551969e-06	0	-0.000100107424237833	-0.000803429555490237
0.0573603358190564	0.942639664180944	1889.49914827898	3.78231847848487e-05	0.000917357374528804	7.54558468993108e-06	0	-9.95748495839044e-05	-0.000802749165390200
0.0564252185307794	0.943574781469221	1891.37356900078	3.66359267176875e-05	0.000917396207868707	7.52572367621559e-06	0	-9.90604287517592e-05	-0.000802084997475277
0.0554968888928141	0.944503111107186	1893.23438403638	3.54815562928115e-05	0.000917384649673399	7.52578978870233e-06	0	-9.85631658357816e-05	-0.000801440574035854
0.0545753619629618	0.945424638037038	1895.08156320275	3.43568344359058e-05	0.000917333342745641	7.54727576304624e-06	0	-9.80841401992885e-05	-0.000800816233072022
0.0536606526991550	0.946339347300845	1896.91507651708	3.32590986327537e-05	0.000917272709988874	7.58159150431296e-06	0	-9.76264728874738e-05	-0.000800208281217634
0.0527527759591849	0.947247224040815	1898.73489419726	3.21862025801606e-05	0.000917231887332556	7.61861119133751e-06	0	-9.71945783070702e-05	-0.000799611577462243
0.0518517465004288	0.948148253499571	1900.54098666248	3.11363917960067e-05	0.000917220044509929	7.65504022939875e-06	0	-9.67930336521894e-05	-0.000799022810019748
0.0509575789795788	0.949042421020421	1902.33332453374	3.01083088281287e-05	0.000917227787816545	7.69594631388621e-06	0	-9.64252867412074e-05	-0.000798441259716112
0.0500702879523726	0.949929712047627	1904.11187863441	2.91011051187630e-05	0.000917243051925903	7.74907084404428e-06	0	-9.60923344179833e-05	-0.000797866971431310
0.0491898878733239	0.950810112126676	1905.87661999075	2.81144847733473e-05	0.000917261955657630	7.81740134580161e-06	0	-9.57918652295134e-05	-0.000797298750814880
0.0483163930954558	0.951683606904544	1907.62751983246	2.71485716944275e-05	0.000917287197076549	7.89649440122396e-06	0	-9.55185154140730e-05	-0.000796733883939839
0.0474498178700342	0.952550182129966	1909.36454959322	2.62036796426093e-05	0.000917321683453482	7.97802501797021e-06	0	-9.52652851649773e-05	-0.000796169870077961
0.0465901763463021	0.953409823653698	1911.08768091120	2.52801460704003e-05	0.000917364774850330	8.05482314434945e-06	0	-9.50254520563898e-05	-0.000795605760555694
0.0457374825712166	0.954262517428783	1912.79688562960	2.43782925409189e-05	0.000917410899653248	8.12319171446984e-06	0	-9.47940784356577e-05	-0.000795041960575912
0.0448917504891863	0.955108249510814	1914.49213579717	2.34984498962343e-05	0.000917449384394714	8.18285940832690e-06	0	-9.45685938287764e-05	-0.000794480086110318
0.0440529939418089	0.955947006058191	1916.17340366877	2.26409598508485e-05	0.000917468847641934	8.23541752273086e-06	0	-9.43483738833775e-05	-0.000793922866204948
0.0432212266676121	0.956778773332388	1917.84066170584	2.18061241163217e-05	0.000917466836578019	8.28084452139831e-06	0	-9.41336334773011e-05	-0.000793372989318233
0.0423964623017939	0.957603537698206	1919.49388257693	2.09941414626259e-05	0.000917457021261963	8.31352248175236e-06	0	-9.39244007239398e-05	-0.000792831463914653
0.0415787143759655	0.958421285624035	1921.13303915826	2.02050774667302e-05	0.000917465442611701	8.32139040322769e-06	0	-9.37202351538994e-05	-0.000792296848588989
0.0407679963178945	0.959232003682106	1922.75810453417	1.94388549161513e-05	0.000917516700193312	8.29044654925002e-06	0	-9.35206382220333e-05	-0.000791766360240989
0.0399643214512495	0.960035678548751	1924.36905199768	1.86952192143350e-05	0.000917620920651156	8.21206252140241e-06	0	-9.33255397336200e-05	-0.000791238167630185
0.0391677029953472	0.960832297004653	1925.96585505098	1.79736781665514e-05	0.000917771764550496	8.08750621661570e-06	0	-9.31353834249357e-05	-0.000790712806495388
0.0383781540648987	0.961621845935101	1927.54848740595	1.72734851931339e-05	0.000917955221571928	7.92630042013802e-06	0	-9.29507776882047e-05	-0.000790192807945556
0.0375956876697586	0.962404312330241	1929.11692298463	1.65937303344727e-05	0.000918160271187622	7.74013696412284e-06	0	-9.27719612975815e-05	-0.000789680982230036
0.0368203167146752	0.963179683285325	1930.67113591975	1.59335185705585e-05	0.000918382685222025	7.53754487801877e-06	0	-9.25982848384710e-05	-0.000789178716881689
0.0360520539990413	0.963947946000959	1932.21110055524	1.52921446744676e-05	0.000918620081673105	7.32357650800554e-06	0	-9.24279071884353e-05	-0.000788686094018914
0.0352909122166473	0.964709087783353	1933.73679144668	1.46691812825645e-05	0.000918863600891909	7.10374731568155e-06	0	-9.22578769303290e-05	-0.000788203986219398
0.0345369039554343	0.965463096044566	1935.24818336184	1.40644559849532e-05	0.000919094073633542	6.88720892669732e-06	0	-9.20845548954489e-05	-0.000787735807287549
0.0337900416972503	0.966209958302750	1936.74525128116	1.34779495774392e-05	0.000919286250543114	6.68551893141045e-06	0	-9.19041930344781e-05	-0.000787286926562075
0.0330503378176060	0.966949662182394	1938.22797039821	1.29096712260350e-05	0.000919417796066405	6.50839933976080e-06	0	-9.17134357057615e-05	-0.000786862544802026
0.0323178045854328	0.967682195414567	1939.69631612019	1.23595587669038e-05	0.000919477278546962	6.36033864243975e-06	0	-9.15096087889315e-05	-0.000786466054305704
0.0315924541628419	0.968407545837158	1941.15026406846	1.18274306282843e-05	0.000919467632026344	6.24001518279687e-06	0	-9.12908349706882e-05	-0.000786098619685802
0.0308742986048856	0.969125701395114	1942.58979007893	1.13129908551118e-05	0.000919404450354622	6.14186071719004e-06	0	-9.10560906441420e-05	-0.000785759349953552
0.0301633498593182	0.969836650140682	1944.01487020261	1.08158658684487e-05	0.000919310296146760	6.05839365419453e-06	0	-9.08052475782565e-05	-0.000785445483847997
0.0294596197663597	0.970540380233640	1945.42548070607	1.03356408694451e-05	0.000919207394489946	5.98249394228708e-06	0	-9.05390188507579e-05	-0.000785152806570477
0.0287631200584605	0.971236879941540	1946.82159807186	9.87187399949368e-06	0.000919111582337137	5.90900642965023e-06	0	-9.02587311332479e-05	-0.000784876633640013
0.0280738623600674	0.971926137639933	1948.20319899907	9.42409070375258e-06	0.000919029552415949	5.83511608264792e-06	0	-8.99659710187445e-05	-0.000784612957745067
0.0273918581873910	0.972608141812609	1949.57026040372	8.99177744642673e-06	0.000918959549395456	5.75969460046019e-06	0	-8.96622678174426e-05	-0.000784359062138752
0.0267171189481742	0.973282881051826	1950.92275941926	8.57438985320391e-06	0.000918894227094284	5.68265537700397e-06	0	-8.93489643331491e-05	-0.000784113524083161
0.0260496559414626	0.973950344058537	1952.26067339701	8.17137571851487e-06	0.000918824138519599	5.60501318652982e-06	0	-8.90272920712799e-05	-0.000783876015177356
0.0253894803573763	0.974610519642624	1953.58397990664	7.78220409561779e-06	0.000918740629121941	5.52918685553779e-06	0	-8.86985457020852e-05	-0.000783647092892117
0.0247366032768827	0.975263396723117	1954.89265673661	7.40639093858059e-06	0.000918637327866322	5.45863330737989e-06	0	-8.83642362175617e-05	-0.000783427833633530
0.0240910356715703	0.975908964328430	1956.18668189463	7.04351507848782e-06	0.000918510268830971	5.39667274867140e-06	0	-8.80261554450350e-05	-0.000783219221964742
0.0234527884034260	0.976547211596574	1957.46603360809	6.69322293248598e-06	0.000918357520012511	5.34535796041952e-06	0	-8.76863419722279e-05	-0.000783021592796478
0.0228218722246109	0.977178127775389	1958.73069032455	6.35522432459286e-06	0.000918179128657552	5.30531785798373e-06	0	-8.73469785684349e-05	-0.000782834572221947
0.0221982977772397	0.977801702222760	1959.98063071213	6.02928267067047e-06	0.000917977336491931	5.27665597760465e-06	0	-8.70102725556180e-05	-0.000782657578311144
0.0215820755931608	0.978417924406839	1961.21583365999	5.71520092530188e-06	0.000917756546062564	5.26014030476573e-06	0	-8.66783668938059e-05	-0.000782490459561592
0.0209732160937378	0.979026783906262	1962.43627827876	5.41280364998502e-06	0.000917522971282329	5.25778071719159e-06	0	-8.63533046359559e-05	-0.000782333783272955
0.0203717295896327	0.979628270410367	1963.64194390094	5.12191737719987e-06	0.000917284444679202	5.27237285710970e-06	0	-8.60370358104860e-05	-0.000782188604284415
0.0197776262805901	0.980222373719410	1964.83281008139	4.84235373334096e-06	0.000917050586055286	5.30626319892257e-06	0	-8.57314260646003e-05	-0.000782055918867174
0.0191909162552239	0.980809083744776	1966.00885659772	4.57389921030992e-06	0.000916832743860984	5.36007937949741e-06	0	-8.54382263468821e-05	-0.000781936192346511
0.0186116094908037	0.981388390509196	1967.17006345073	4.31631217626968e-06	0.000916642775157752	5.43219939020339e-06	0	-8.51590011565702e-05	-0.000781829263893222
0.0180397158530448	0.981960284146955	1968.31641086482	4.06932444854193e-06	0.000916490400134562	5.51923105630385e-06	0	-8.48950504742439e-05	-0.000781734631206049
0.0174752450958980	0.982524754904102	1969.44787928842	3.83264402042698e-06	0.000916380121826526	5.61708517967658e-06	0	-8.46473614221896e-05	-0.000781651803063601
0.0169182068613421	0.983081793138658	1970.56444939442	3.60595745297901e-06	0.000916309351364905	5.72196054540414e-06	0	-8.44165985086588e-05	-0.000781580429956569
0.0163686106791769	0.983631389320823	1971.66610208055	3.38893306290241e-06	0.000916268794214373	5.83083800619431e-06	0	-8.42031182891882e-05	-0.000781520277312610
0.0158264659668182	0.984173534033182	1972.75281846983	3.18122708518009e-06	0.000916245067815577	5.94141093366276e-06	0	-8.40069897980996e-05	-0.000781471202362294
0.0152917820290947	0.984708217970905	1973.82457991093	2.98249350018329e-06	0.000916224745248772	6.05160338999936e-06	0	-8.38280094728548e-05	-0.000781433056029283
0.0147645680580457	0.985235431941954	1974.88136797864	2.79239553476370e-06	0.000916198455558429	6.15915137839385e-06	0	-8.36657129965334e-05	-0.000781405500660752
0.0142448331327208	0.985755166867279	1975.92316447422	2.61061558848889e-06	0.000916163428341106	6.26177351654495e-06	0	-8.35193939643888e-05	-0.000781387984608522
0.0137325862189807	0.986267413781019	1976.94995142579	2.43686161141410e-06	0.000916123517591815	6.35782469405545e-06	0	-8.33881319267245e-05	-0.000781379929379187
0.0132278361693007	0.986772163830699	1977.96171108880	2.27087008254049e-06	0.000916087040410267	6.44666979992561e-06	0	-8.32708247568775e-05	-0.000781380854229200
0.0127305917225737	0.987269408277426	1978.95842594632	2.11240650003274e-06	0.000916063745936034	6.52820788907046e-06	0	-8.31662215850179e-05	-0.000781390230540226
0.0122408615039170	0.987759138496083	1979.94007870951	1.96126368366195e-06	0.000916062311945092	6.60178011906552e-06	0	-8.30729572107709e-05	-0.000781407169639603
0.0117586540244792	0.988241345975521	1980.90665231798	1.81725776022767e-06	0.000916089125388750	6.66521327149946e-06	0	-8.29895925793075e-05	-0.000781430198575921
0.0112839776812490	0.988716022318751	1981.85812994015	1.68022218671827e-06	0.000916148300679392	6.71459097867693e-06	0	-8.29146648572592e-05	-0.000781457280660010
0.0108168407568659	0.989183159243134	1982.79449497367	1.55000096379243e-06	0.000916242395103004	6.74481902188910e-06	0	-8.28467449798038e-05	-0.000781486057012562
0.0103572514194327	0.989642748580567	1983.71573104578	1.42644254117492e-06	0.000916373209101790	6.75062517405188e-06	0	-8.27844965202791e-05	-0.000781514173139822
0.00990521772232810	0.990094782277672	1984.62182201365	1.30939546547584e-06	0.000916542254478579	6.72751939499984e-06	0	-8.27267305816939e-05	-0.000781539547295921
0.00946074760402322	0.990539252395977	1985.51275196481	1.19870606674082e-06	0.000916750737392135	6.67238876116944e-06	0	-8.26724537773512e-05	-0.000781560502742313
0.00902384888789752	0.990976151112103	1986.38850521748	1.09421786117358e-06	0.000916999119990785	6.58364596453467e-06	0	-8.26209065066860e-05	-0.000781575770018975
0.00859452928205781	0.991405470717942	1987.24906632094	9.95772012725879e-07	0.000917286461381470	6.46104162537450e-06	0	-8.25715868244269e-05	-0.000781584418794057
0.00817279637915857	0.991827203620841	1988.09442005590	9.03208181325540e-07	0.000917609794910936	6.30532684194273e-06	0	-8.25242540380332e-05	-0.000781585783734709
0.00775865765622314	0.992241342343777	1988.92455143482	8.16365192466690e-07	0.000917963780850041	6.11792508668801e-06	0	-8.24789077580847e-05	-0.000781579421718629
0.00735212047446753	0.992647879525533	1989.73944570233	7.35081193234843e-07	0.000918340794468227	5.90069738853773e-06	0	-8.24357424427327e-05	-0.000781565104964185
0.00695319207912536	0.993046807920875	1990.53908833553	6.59193223254882e-07	0.000918731489990249	5.65581205682333e-06	0	-8.23950829812131e-05	-0.000781542832262730
0.00656187959927467	0.993438120400725	1991.32346504435	5.88536364814462e-07	0.000919125749946404	5.38568705316986e-06	0	-8.23573113851358e-05	-0.000781512833681097
0.00617819004766606	0.993821809952334	1992.09256177188	5.22942796875564e-07	0.000919513815332361	5.09296816119425e-06	0	-8.23227964469754e-05	-0.000781475552117635
0.00580213032055286	0.994197869679447	1992.84636469476	4.62241086157745e-07	0.000919887331790227	4.78052344996799e-06	0	-8.22918366725658e-05	-0.000781431601267600
0.00543370719752277	0.994566292802477	1993.58486022346	4.06255951087432e-07	0.000920240071069644	4.45145266586741e-06	0	-8.22646226339395e-05	-0.000781381713250109
0.00507292734133132	0.994927072658669	1994.30803500264	3.54808566422157e-07	0.000920568193183492	4.10911367009042e-06	0	-8.22412198338743e-05	-0.000781326693048295
0.00471979729773660	0.995280202702263	1995.01587591148	3.07717322162258e-07	0.000920870061236011	3.75715954046374e-06	0	-8.22215690525508e-05	-0.000781267391690779
0.00437432349533637	0.995625676504664	1995.70837006401	2.64798852141078e-07	0.000921145742867388	3.39956914176137e-06	0	-8.22054990493285e-05	-0.000781204701170302
0.00403651224540640	0.995963487754594	1996.38550480943	2.25869129209355e-07	0.000921396385346071	3.04064857822338e-06	0	-8.21927464754923e-05	-0.000781139565841057
0.00370636974174038	0.996293630258260	1997.04726773241	1.90744459568001e-07	0.000921623631550446	2.68498635462055e-06	0	-8.21829790333959e-05	-0.000781072999263054
0.00338390206049208	0.996616097939508	1997.69364665345	1.59242276119933e-07	0.000921829180419292	2.33735376171026e-06	0	-8.21758192541943e-05	-0.000781006093179024
0.00306911516001845	0.996930884839982	1998.32462962917	1.31181700646519e-07	0.000922014525220351	2.00255218899390e-06	0	-8.21708672142048e-05	-0.000780940007480005
0.00276201488072557	0.997237985119274	1998.94020495261	1.06383893377437e-07	0.000922180850314699	1.68522070834268e-06	0	-8.21677210256761e-05	-0.000780875936372585
0.00246260694491503	0.997537393055085	1999.54036115354	8.46722403819901e-08	0.000922329040263054	1.38962821775860e-06	0	-8.21659942501032e-05	-0.000780815054199378
0.00217089695663282	0.997829103043367	2000.12508699879	6.58724364641141e-08	0.000922459751097721	1.11947784615811e-06	0	-8.21653296811551e-05	-0.000780758451114879
0.00188689040152026	0.998113109598480	2000.69437149251	4.98125184510752e-08	0.000922573502706439	8.77749291756246e-07	0	-8.21654092814074e-05	-0.000780707071538577
0.00161059264666548	0.998389407353335	2001.24820387652	3.63228912619071e-08	0.000922670765757006	6.66599652366417e-07	0	-8.21659603783828e-05	-0.000780661666528300
0.00134200894045803	0.998657991059542	2001.78657363052	2.52363797725741e-08	0.000922752030797512	4.87328162527482e-07	0	-8.21667584672337e-05	-0.000780622766423961
0.00108114441244415	0.998918855587556	2002.30947047247	1.63883261724710e-08	0.000922817856105477	3.40399923549214e-07	0	-8.21676271290972e-05	-0.000780590674631028
0.000828004073184763	0.999171995926815	2002.81688435882	9.61674137486214e-09	0.000922868896047336	2.25515809667492e-07	0	-8.21684356459376e-05	-0.000780565479177345
0.000582592814114250	0.999417407185886	2003.30880548479	4.76251001214378e-09	0.000922905912930954	1.41713125819898e-07	0	-8.21690948946332e-05	-0.000780547076558040
0.000344915407401969	0.999655084592598	2003.78522428469	1.66964100422608e-09	0.000922929773425816	9.24847562116260e-08	0	-8.21695520523584e-05	-0.000780535202223988
0.000114976505814595	0.999885023494185	2004.24613143216	1.85609899069803e-10	0.000922975901594973	4.62866914280535e-08	0	-8.21704719287604e-05	-0.000780529463141764
