# Postprocessed results of turbulent pipe flow 
# Reynolds stress transporation term: k 
# ------------------------------------------------------------------
# uTau = 0.0241079 
# nu = 1.20482e-05 
# ------------------------------------------------------------------
# r	 1-r	 y+	 production	 Turbulent_Transport	 Viscous_Transport	  Pressure_Strain	 Pressure_Transport	 Viscous_Dissipation	 
# ------------------------------------------------------------------
1	0	0	0	2.08446403578857e-10	7.25123942452141e-06	-3.13641928384152e-20	0.000115217056296727	-1.05111363607849e-32
0.999955187634167	4.48123658329802e-05	0.0898253386646465	0	-2.22023187930084e-10	3.31564406789955e-05	-0.00434882999128411	0.00428216003927620	-1.04628755315919e-05
0.999902564001706	9.74359982940376e-05	0.195308178494976	0	-3.29573037614883e-09	8.56692580592497e-05	-0.00906774892534022	0.00896698273623258	-4.70809075241546e-05
0.999842130928339	0.000157869071661043	0.316444859873703	0	-2.31194119515473e-08	0.000189954091582419	-0.0140005518541336	0.0138511484547769	-0.000116846027540604
0.999773890361304	0.000226109638695959	0.453231479607750	0	-1.05294782733361e-07	0.000347189051777979	-0.0189890077088536	0.0187764290813352	-0.000225124202429732
0.999697844369260	0.000302155630739986	0.605663891118961	0	-3.60881555915515e-07	0.000559662704610897	-0.0238797719327344	0.0235912431078227	-0.000375207324069063
0.999613995142192	0.000386004857808042	0.773737704633485	0	-1.00955534202026e-06	0.000825595596820324	-0.0285310044521322	0.0281573701108026	-0.000568088383354950
0.999522344991310	0.000477655008690014	0.957448287384738	0	-2.42107160162462e-06	0.00113919887482760	-0.0328180789878256	0.0323556171591954	-0.000802467110843644
0.999422896348953	0.000577103651047017	1.15679076380634	0	-5.13677446386319e-06	0.00149111899923247	-0.0366381053255780	0.0360900976038449	-0.00107498149517796
0.999315651768484	0.000684348231515974	1.37176001574176	0	-9.84802603128912e-06	0.00186920466083399	-0.0399129765027384	0.0392908594640902	-0.00138062665121810
0.999200613924187	0.000799386075812980	1.60235068265148	0	-1.73082368495774e-05	0.00225949931334028	-0.0425907480155434	0.0419147188592683	-0.00171331245664105
0.999077785611161	0.000922214388838993	1.84855716182489	0	-2.81615642864970e-05	0.00264734164960675	-0.0446453589569175	0.0439443357996937	-0.00206649956042060
0.998947169745211	0.00105283025478897	2.11037360859901	0	-4.26849325879855e-05	0.00301845222780806	-0.0460748242083243	0.0453857165378347	-0.00243384697479927
0.998808769362744	0.00119123063725601	2.38779393656726	0	-6.04595649676196e-05	0.00335989712455001	-0.0468981390657647	0.0462644476158797	-0.00280980790971100
0.998662587620649	0.00133741237935103	2.68081181781935	0	-8.00104921365214e-05	0.00366084433035991	-0.0471512344431953	0.0466210622923342	-0.00319011796409964
0.998508627796193	0.00149137220380702	2.98942068315023	0	-9.84724384848974e-05	0.00391306182409919	-0.0468823755924058	0.0465059945410265	-0.00357213251051056
0.998346893286899	0.00165310671310104	3.31361372230470	0	-0.000111352090017372	0.00411114168662032	-0.0461474164055355	0.0459745871959603	-0.00395498735622157
0.998177387610434	0.00182261238956605	3.65338388420148	0	-0.000112455433878603	0.00425246643267226	-0.0450053038166964	0.0450825883036277	-0.00433957611394300
0.998000114404488	0.00199988559551201	4.00872387717602	0	-9.40333378110144e-05	0.00433695860504843	-0.0435141718773523	0.0438824943025391	-0.00472835736773574
0.997815077426654	0.00218492257334602	4.37962616922126	0	-4.71710724373967e-05	0.00436667092534311	-0.0417282788127685	0.0424209872550850	-0.00512502228941552
0.997622280554307	0.00237771944569298	4.76608298822959	0	3.75867247959631e-05	0.00434528181314236	-0.0396959321176176	0.0407375783079203	-0.00553406645073672
0.997421727784479	0.00257827221552098	5.16808632224403	0	0.000169418528865967	0.00427756083779646	-0.0374584297034158	0.0388644276904784	-0.00596031649559942
0.997213423233732	0.00278657676626803	5.58562791971243	0	0.000356287640541168	0.00416886196474154	-0.0350499348966983	0.0368271816728687	-0.00640846242283193
0.996997371138035	0.00300262886196501	6.01869928973380	0	0.000603975083440156	0.00402469059751723	-0.0324981146488548	0.0346465658843661	-0.00688263995720265
0.996773575852631	0.00322642414736896	6.46729170232555	0	0.000915185814829101	0.00385037479519538	-0.0298253144308355	0.0323404137503102	-0.00738609629039164
0.996542041851904	0.00345795814809602	6.93139618868995	0	0.00128882973240813	0.00365085350547686	-0.0270500222852833	0.0299257925665727	-0.00792095856896482
0.996302773729253	0.00369722627074698	7.41100354146576	0	0.00171956607381525	0.00343057762330268	-0.0241883855924252	0.0274209168347470	-0.00848811041014582
0.996055776196952	0.00394422380304804	7.90610431501042	0	0.00219767437882818	0.00319350572129070	-0.0212555834262805	0.0248466035553345	-0.00908716954249702
0.995801054086013	0.00419894591398695	8.41668882567292	0	0.00270928069109055	0.00294316710869372	-0.0182669137547186	0.0222271135627758	-0.00971655065880203
0.995538612346054	0.00446138765394599	8.94274715206038	0	0.00323692949113636	0.00268276114256460	-0.0152385169258972	0.0195903209784820	-0.0103735921989832
0.995268456045154	0.00473154395484599	9.48426913532667	0	0.00376045478820270	0.00241526352233197	-0.0121877189965509	0.0169672467710793	-0.0110547243233542
0.994990590369711	0.00500940963028895	10.0412443794584	0	0.00425807296658533	0.00214351688190434	-0.00913302953329560	0.0143910679181849	-0.0117556573913087
0.994705020624303	0.00529497937569701	10.6136622515534	0	0.00470760097740298	0.00187029205875779	-0.00609386010203651	0.0118957597974606	-0.0124715745431682
0.994411752231539	0.00558824776846101	11.2015118821184	0	0.00508769929928499	0.00159831444856511	-0.00309004596331926	0.00951454788455092	-0.0131973166037810
0.994110790731916	0.00588920926808401	11.8047821653571	0	0.00537904389275590	0.00133025566075799	-0.000141262989511452	0.00727834579227824	-0.0139275510982441
0.993802141783668	0.00619785821633201	12.4234617594717	0	0.00556533905801268	0.00106869584404606	0.00273357364368895	0.00521434042145252	-0.0146569205127689
0.993485811162616	0.00651418883738397	13.0575390869641	0	0.00563409816164660	0.000816066591792115	0.00551686349745397	0.00334484957496291	-0.0153801682032898
0.993161804762017	0.00683819523798301	13.7070023349389	0	0.00557714540924457	0.000574586855539886	0.00819278294056852	0.00168653160486564	-0.0160922428123899
0.992830128592411	0.00716987140758896	14.3718394554089	0	0.00539082595281916	0.000346203197079477	0.0107476254419234	0.000249979270564023	-0.0167883825512063
0.992490788781466	0.00750921121853398	15.0520381656074	0	0.00507594505389369	0.000132542573284909	0.0131700103934763	-0.000960318995765639	-0.0174641807909430
0.992143791573819	0.00785620842618096	15.7475859483053	0	0.00463748030606000	-6.51170584095675e-05	0.0154509817326079	-0.00194570806629494	-0.0181156365916795
0.991789143330920	0.00821085666907995	16.4584700521251	0	0.00408411936854893	-0.000245857077462867	0.0175839979183834	-0.00271284301412239	-0.0187391910800248
0.991426850530871	0.00857314946912902	17.1846774918631	0	0.00342767519692274	-0.000409112328392394	0.0195648181875243	-0.00327297551305395	-0.0193317504306734
0.991056919768265	0.00894308023173496	17.9261950488115	0	0.00268242763766382	-0.000554654388403303	0.0213913319787050	-0.00364112860074712	-0.0198906975916442
0.990679357754020	0.00932064224597995	18.6830092710926	0	0.00186442838020629	-0.000682567089589400	0.0230633387645758	-0.00383521327765817	-0.0204138907904951
0.990294171315216	0.00970582868478398	19.4551064739842	0	0.000990804394066115	-0.000793211812531687	0.0245823072370699	-0.00387514518369904	-0.0208996525459251
0.989901367394930	0.0100986326050700	20.2424727402510	0	7.90989672466282e-05	-0.000887182377441556	0.0259511470974746	-0.00378201460694499	-0.0213467537896519
0.989500953052064	0.0104990469479360	21.0450939204889	0	-0.000853317254273150	-0.000965257159000527	0.0271739644327253	-0.00357732520528437	-0.0217543921255581
0.989092935461176	0.0109070645388240	21.8629556334643	0	-0.00178974751823721	-0.00102835619068877	0.0282558065398692	-0.00328231742639126	-0.0221221611124386
0.988677321912312	0.0113226780876881	22.6960432664511	0	-0.00271457823299249	-0.00107750477814557	0.0292024338405543	-0.00291740035843587	-0.0224500151104003
0.988254119810828	0.0117458801891720	23.5443419755857	0	-0.00361358863965238	-0.00111380561008264	0.0300200989403434	-0.00250168738782742	-0.0227382338846841
0.987823336677216	0.0121766633227840	24.4078366862184	0	-0.00447416430960222	-0.00113841904126202	0.0307153180084428	-0.00205262121685940	-0.0229873801665123
0.987384980146932	0.0126150198530680	25.2865120932562	0	-0.00528545017363794	-0.00115253699548894	0.0312946943574181	-0.00158569561532531	-0.0231982635974824
0.986939057970213	0.0130609420297870	26.1803526615304	0	-0.00603845923117138	-0.00115734648481736	0.0317647692736318	-0.00111426445209199	-0.0233719112285742
0.986485578011899	0.0135144219881010	27.0893426261532	0	-0.00672609871195507	-0.00115399814830545	0.0321319202268620	-0.000649480373737025	-0.0235095369299830
0.986024548251253	0.0139754517487470	28.0134659928787	0	-0.00734311505676811	-0.00114358081282102	0.0324023678923356	-0.000200394971408142	-0.0236125129827128
0.985555976781777	0.0144440232182230	28.9527065384715	0	-0.00788599493483295	-0.00112710507890914	0.0325822200884987	0.000225842392417448	-0.0236823414426441
0.985079871811029	0.0149201281889710	29.9070478110737	0	-0.00835281912591384	-0.00110550412244805	0.0326775488411506	0.000623731536669981	-0.0237206205501926
0.984596241660436	0.0154037583395640	30.8764731305794	0	-0.00874310442545726	-0.00107963828743455	0.0326944277569542	0.000989193707132351	-0.0237290099992309
0.984105094765106	0.0158949052348940	31.8609655890124	0	-0.00905764561646244	-0.00105028953095172	0.0326389073159761	0.00131941860261224	-0.0237092118892204
0.983606439673643	0.0163935603263570	32.8605080508957	0	-0.00929836306042897	-0.00101815221594194	0.0325168727203993	0.00161278846187049	-0.0236629575632371
0.983100285047950	0.0168997149520500	33.8750831536476	0	-0.00946811634213048	-0.000983837963116947	0.0323340462344362	0.00186872040764342	-0.0235919887128052
0.982586639663045	0.0174133603369550	34.9046733079497	0	-0.00957045204178878	-0.000947894429992850	0.0320959569221434	0.00208748247463862	-0.0234980304800205
0.982065512406857	0.0179344875931430	35.9492606981566	0	-0.00960938028582705	-0.000910819231073085	0.0318078676088399	0.00227001197596492	-0.0233827768609554
0.981536912280045	0.0184630877199550	37.0088272826576	0	-0.00958921400504111	-0.000873060610398652	0.0314749195233995	0.00241766132452371	-0.0232478828090248
0.981000848395788	0.0189991516042120	38.0833547942989	0	-0.00951449000745309	-0.000835009107360277	0.0311021227443585	0.00253204979147004	-0.0230949549432677
0.980457329979594	0.0195426700204060	39.1728247407655	0	-0.00938994393567499	-0.000796984125947152	0.0306944036343704	0.00261495325589847	-0.0229255591925661
0.979906366369101	0.0200936336308990	40.2772184049806	0	-0.00922051926790888	-0.000759225765850797	0.0302565978245250	0.00266828933481700	-0.0227412118638305
0.979347967013871	0.0206520329861291	41.3965168455183	0	-0.00901135517955001	-0.000721904789472559	0.0297933316246370	0.00269418228932797	-0.0225433732296585
0.978782141475193	0.0212178585248070	42.5307008969982	0	-0.00876767575483023	-0.000685145706006898	0.0293089653663444	0.00269494401332509	-0.0223334431512096
0.978208899425876	0.0217911005741240	43.6797511705016	0	-0.00849458863873008	-0.000649047373110975	0.0288075670604354	0.00267297382257470	-0.0221127615874535
0.977628250650044	0.0223717493499560	44.8436480539805	0	-0.00819693855782851	-0.000613704903590780	0.0282927798708493	0.00263076345249453	-0.0218825932848833
0.977040205042929	0.0229597949570710	46.0223717126740	0	-0.00787928505508823	-0.000579228778345775	0.0277677966681084	0.00257089782846509	-0.0216441231489433
0.976444772610664	0.0235552273893360	47.2159020895227	0	-0.00754584200516760	-0.000545746665946069	0.0272355420725964	0.00249591193818238	-0.0213984634509598
0.975841963470071	0.0241580365299290	48.4242189055935	0	-0.00720040231593387	-0.000513390342521581	0.0266986006322467	0.00240818770041711	-0.0211466400867461
0.975231787848450	0.0247682121515500	49.6473016605032	0	-0.00684634290213606	-0.000482259299408953	0.0261594387949658	0.00230978509780637	-0.0208896163626599
0.974614256083370	0.0253857439166300	50.8851296328362	0	-0.00648677135954039	-0.000452391874118382	0.0256204333559471	0.00220249940720194	-0.0206283043613279
0.973989378622450	0.0260106213775499	52.1376818805850	0	-0.00612462860153619	-0.000423795864845049	0.0250836880992925	0.00208802310108559	-0.0203635394769779
0.973357166023145	0.0266428339768550	53.4049372415781	0	-0.00576256348709482	-0.000396492829615569	0.0245511142670857	0.00196787240239275	-0.0200960809884748
0.972717628952531	0.0272823710474690	54.6868743339113	0	-0.00540289422904051	-0.000370512683430656	0.0240244114321977	0.00184338304675986	-0.0198266338033551
0.972070778187083	0.0279292218129170	55.9834715563925	0	-0.00504769546229414	-0.000345859354152967	0.0235050722349460	0.00171578039201651	-0.0195558509092458
0.971416624612461	0.0285833753875390	57.2947070889709	0	-0.00469886835528763	-0.000322516373790601	0.0229942701679071	0.00158630696209857	-0.0192843374839233
0.970755179223280	0.0292448207767200	58.6205588931983	0	-0.00435799927327940	-0.000300476776916396	0.0224928986770884	0.00145609735988978	-0.0190126357433577
0.970086453122898	0.0299135468771020	59.9610047126533	0	-0.00402621862493207	-0.000279717831008021	0.0220018950415255	0.00132584861019992	-0.0187412473432708
0.969410457523182	0.0305895424768180	61.3160220734107	0	-0.00370434052512543	-0.000260173461940296	0.0215222613212479	0.00119584056886538	-0.0184706398728960
0.968727203744291	0.0312727962557090	62.6855882844768	0	-0.00339309175557388	-0.000241756771692239	0.0210549866259274	0.00106623074503941	-0.0182012412574558
0.968036703214443	0.0319632967855570	64.0696804382560	0	-0.00309324718049163	-0.000224402756934639	0.0206007399283534	0.000937409526881377	-0.0179334298285998
0.967338967469691	0.0326610325303091	65.4682754110003	0	-0.00280542830246623	-0.000208086388165202	0.0201598483958176	0.000809977500486104	-0.0176675257960071
0.966634008153692	0.0333659918463080	66.8813498632711	0	-0.00252994700612823	-0.000192800489940720	0.0197322731323949	0.000684581695388025	-0.0174037944308497
0.965921837017476	0.0340781629825240	68.3088802404045	0	-0.00226692563891208	-0.000178525078606013	0.0193178690252075	0.000561744487873175	-0.0171424696789088
0.965202465919214	0.0347975340807860	69.7508427729737	0	-0.00201649276396772	-0.000165200142425729	0.0189165659084764	0.000441868417614435	-0.0168837791680806
0.964475906823987	0.0355240931760130	71.2072134772541	0	-0.00177880934286011	-0.000152744086019055	0.0185280513407979	0.000325443404290747	-0.0166279191600214
0.963742171803546	0.0362578281964540	72.6779681557030	0	-0.00155379475028370	-0.000141091945414418	0.0181519733636200	0.000212853789578022	-0.0163750677337050
0.963001273036081	0.0369987269639190	74.1630823974240	0	-0.00134111106442757	-0.000130193622669112	0.0177879539433817	0.000104307617914842	-0.0161253878541810
0.962253222805982	0.0377467771940180	75.6625315786442	0	-0.00114041597313578	-0.000120013463667280	0.0174355881209065	-4.45733605228541e-08	-0.0158790042387366
0.961498033503598	0.0385019664964020	77.1762908631996	0	-0.000951459927556186	-0.000110522371832367	0.0170947357009209	-0.000100160630031492	-0.0156360167946459
0.960735717625002	0.0392642823749980	78.7043352030038	0	-0.000774196241293831	-0.000101675063733451	0.0167651938572269	-0.000195895451152175	-0.0153965158818748
0.959966287771743	0.0400337122282570	80.2466393385470	0	-0.000608678051395239	-9.34176356897220e-05	0.0164467157826627	-0.000287066193560235	-0.0151605813719277
0.959189756650610	0.0408102433493900	81.8031777993678	0	-0.000454867126359416	-8.57103100101438e-05	0.0161392547292091	-0.000373650951375505	-0.0149282748177500
0.958406137073383	0.0415938629266170	83.3739249045533	0	-0.000312612760993448	-7.85427848235554e-05	0.0158424009719696	-0.000455506261953784	-0.0146996175547827
0.957615441956593	0.0423845580434070	84.9588547632190	0	-0.000181550826541065	-7.19193582921645e-05	0.0155557409307397	-0.000532562696722403	-0.0144746424493018
0.956817684321269	0.0431823156787310	86.5579412750172	0	-6.10477998389890e-05	-6.58346255380007e-05	0.0152788526377722	-0.000604912956226464	-0.0142533854215426
0.956012877292696	0.0439871227073040	88.1711581306212	0	4.97070371667386e-05	-6.02816581610141e-05	0.0150111231549387	-0.000672668341574300	-0.0140358558363855
0.955201034100165	0.0447989658998350	89.7984788122269	0	0.000151590093445828	-5.52535909118530e-05	0.0147520068568557	-0.000735964955284426	-0.0138220429697312
0.954382168076720	0.0456178319232800	91.4398765940592	0	0.000245339547835286	-5.07254666968958e-05	0.0145009124858556	-0.000794862311383285	-0.0136119270523544
0.953556292658908	0.0464437073410920	93.0953245428747	0	0.000331509861964282	-4.66466582427427e-05	0.0142574540731751	-0.000849464708036718	-0.0134054954732654
0.952723421386529	0.0472765786134710	94.7647955184606	0	0.000410499153751751	-4.29597911408446e-05	0.0140214194916683	-0.000899960014141482	-0.0132027327073277
0.951883567902379	0.0481164320976210	96.4482621741517	0	0.000482671772891414	-3.96039410947036e-05	0.0137925035293279	-0.000946519139663358	-0.0130036093745503
0.951036745951995	0.0489632540480049	98.1456969573408	0	0.000548217674057103	-3.65029165230343e-05	0.0135704207837253	-0.000989180605023618	-0.0128081080256885
0.950182969383401	0.0498170306165990	99.8570721099882	0	0.000607022886973736	-3.35954319288726e-05	0.0133547646195901	-0.00102771079082961	-0.0126162072155539
0.949322252146848	0.0506777478531520	101.582359669142	0	0.000658934048930450	-3.08618678767335e-05	0.0131451461607911	-0.00106184739910368	-0.0124278816510341
0.948454608294556	0.0515453917054440	103.321531467455	0	0.000703933552756312	-2.83138017445202e-05	0.0129413503322930	-0.00109161741590442	-0.0122430891739515
0.947580051980455	0.0524199480195450	105.074559133707	0	0.000742269406212250	-2.59646933841999e-05	0.0127434988625432	-0.00111744986831337	-0.0120617831108729
0.946698597459924	0.0533014025400760	106.841414093324	0	0.000774478230774278	-2.38277880397843e-05	0.0125516683017967	-0.00113994897191518	-0.0118839037191555
0.945810259089527	0.0541897409104730	108.622067568910	0	0.000801468903418080	-2.19085464555463e-05	0.0123656523493787	-0.00115968201452605	-0.0117094021960307
0.944915051326751	0.0550849486732490	110.416490580770	0	0.000824189038393642	-2.01728061622510e-05	0.0121850067112892	-0.00117697669558149	-0.0115382388990396
0.944012988729740	0.0559870112702600	112.224653947444	0	0.000843266643487577	-1.85633901393173e-05	0.0120090198157587	-0.00119181519289670	-0.0113703742880048
0.943104085957032	0.0568959140429680	114.046528286238	0	0.000859172449709538	-1.70297486320138e-05	0.0118373917256394	-0.00120434397958116	-0.0112057677953172
0.942188357767289	0.0578116422327110	115.882084013757	0	0.000872282464269290	-1.55417755564803e-05	0.0116700197364252	-0.00121484473200576	-0.0110443632091216
0.941265819019031	0.0587341809809691	117.731291346448	0	0.000882704197763777	-1.40891970861471e-05	0.0115067068690745	-0.00122335395263443	-0.0108861024657886
0.940336484670365	0.0596635153296350	119.594120301132	0	0.000890227579552787	-1.26785954713628e-05	0.0113472787127502	-0.00122966254412917	-0.0107309115529674
0.939400369778716	0.0605996302212840	121.470540695556	0	0.000894623924391045	-1.13392408256254e-05	0.0111915450163516	-0.00123355662183520	-0.0105787056950176
0.938457489500555	0.0615425104994450	123.360522148928	0	0.000895849798134202	-1.01053349206699e-05	0.0110394731503999	-0.00123506531985752	-0.0104294296986784
0.937507859091128	0.0624921409088720	125.264034082463	0	0.000894009744448062	-9.01246502592660e-06	0.0108911093440107	-0.00123446192172715	-0.0102830403871665
0.936551493904178	0.0634485060958220	127.181045719944	0	0.000889587809839799	-8.09946437294908e-06	0.0107465504201887	-0.00123230993453039	-0.0101394968815200
0.935588409391676	0.0644115906083240	129.111526088255	0	0.000883372419655795	-7.37342622801387e-06	0.0106058490974825	-0.00122931186535660	-0.00999876354869618
0.934618621103541	0.0653813788964590	131.055444017949	0	0.000875986335918927	-6.79921506152885e-06	0.0104689028462814	-0.00122594029191086	-0.00986079464453528
0.933642144687362	0.0663578553126381	133.012768143800	0	0.000867705256231229	-6.33137403756215e-06	0.0103354923639303	-0.00122230322148125	-0.00972552839587231
0.932658995888126	0.0673410041118741	134.983466905348	0	0.000858653780662190	-5.92713012976891e-06	0.0102053488475665	-0.00121831785392548	-0.00959291107142915
0.931669190547931	0.0683308094520690	136.967508547480	0	0.000848785507571368	-5.54134720939095e-06	0.0100782216042222	-0.00121374314399925	-0.00946290766834614
0.930672744605713	0.0693272553942870	138.964861120972	0	0.000837852881026474	-5.14593124596386e-06	0.00995367225462857	-0.00120810458778747	-0.00933546526726680
0.929669674096957	0.0703303259030430	140.975492483068	0	0.000825679284620833	-4.73519609799033e-06	0.00983145962817204	-0.00120106896879432	-0.00921052287711694
0.928659995153424	0.0713400048465760	142.999370298032	0	0.000812060048100421	-4.31243860383091e-06	0.00971146792228745	-0.00119245935916866	-0.00908801540542152
0.927643724002858	0.0723562759971420	145.036462037730	0	0.000796977769440544	-3.89071912487878e-06	0.00959365715034130	-0.00118232925626798	-0.00896787888579784
0.926620876968707	0.0733791230312930	147.086734982193	0	0.000780784381261903	-3.48746405040281e-06	0.00947811941821299	-0.00117106692751070	-0.00885006523813336
0.925591470469839	0.0744085295301610	149.150156220185	0	0.000764004252445227	-3.11352430003336e-06	0.00936479586595260	-0.00115913635769986	-0.00873452680198870
0.924555521020249	0.0754444789797510	151.226692649788	0	0.000747057049419462	-2.77387924538982e-06	0.00925368945849619	-0.00114689851429585	-0.00862121844990526
0.923513045228779	0.0764869547712210	153.316310978967	0	0.000730028997613114	-2.48022739838961e-06	0.00914475848358507	-0.00113440188028714	-0.00851010001177365
0.922464059798821	0.0775359402011790	155.418977726165	0	0.000712874111224521	-2.25174159611888e-06	0.00903774970774952	-0.00112142592088728	-0.00840112420037290
0.921408581528037	0.0785914184719631	157.534659220860	0	0.000695633547665747	-2.08948061291131e-06	0.00893243131738940	-0.00110781043572228	-0.00829425917521882
0.920346627308059	0.0796533726919410	159.663321604171	0	0.000678380859439933	-1.96337915755965e-06	0.00882860601386342	-0.00109356719067486	-0.00818946683453869
0.919278214124205	0.0807217858757950	161.804930829428	0	0.000661222947401752	-1.83197952496346e-06	0.00872636024543839	-0.00107898397825314	-0.00808668934946588
0.918203359055181	0.0817966409448190	163.959452662761	0	0.000644239415641410	-1.65418610816415e-06	0.00862588687847903	-0.00106438298529155	-0.00798586382561932
0.917122079272789	0.0828779207272110	166.126852683697	0	0.000627225270115982	-1.40031339306108e-06	0.00852724873035270	-0.00104983115000296	-0.00788692747822201
0.916034392041636	0.0839656079583641	168.307096285735	0	0.000609923625127910	-1.06939988098133e-06	0.00843070610812420	-0.00103537385580371	-0.00778984186077573
0.914940314718831	0.0850596852811690	170.500148676956	0	0.000592224423232327	-6.94669423209224e-07	0.00833628333604680	-0.00102096466941948	-0.00769457916855187
0.913839864753694	0.0861601352463060	172.705974880605	0	0.000574152056883283	-3.33845673288762e-07	0.00824385685486302	-0.00100642402295032	-0.00760110033940626
0.912733059687460	0.0872669403125400	174.924539735690	0	0.000555800586753700	-4.59655591229801e-08	0.00815310910019196	-0.000991433275991196	-0.00750936112144303
0.911619917152973	0.0883800828470270	177.155807897585	0	0.000537322648047967	1.32291930912025e-07	0.00806360864635660	-0.000975705273459834	-0.00741932405207016
0.910500454874393	0.0894995451256070	179.399743838626	0	0.000518875254593805	1.95676109129213e-07	0.00797525745565848	-0.000959246326063186	-0.00733095690756025
0.909374690666895	0.0906253093331050	181.656311848714	0	0.000500653607363222	1.60708482016152e-07	0.00788803072857527	-0.000942303938439097	-0.00724422381857712
0.908242642436366	0.0917573575636340	183.925476035916	0	0.000482755220809258	7.00639311136304e-08	0.00780206734085676	-0.000925185761296461	-0.00715908656416889
0.907104328179100	0.0928956718209000	186.207200327081	0	0.000464906911125431	-1.57535953653651e-08	0.00771741703604752	-0.000907874636355753	-0.00707551001749310
0.905959765981502	0.0940402340184980	188.501448468436	0	0.000446770568801884	-5.87045347654114e-08	0.00763400717896759	-0.000890144221522142	-0.00699345584670496
0.904808974019777	0.0951910259802230	190.808184026200	0	0.000428344014549733	-5.58212846052432e-08	0.00755182450212957	-0.000872001612282841	-0.00691288780507065
0.903651970559629	0.0963480294403710	193.127370387200	0	0.000409893114854513	-1.61314665785654e-08	0.00747096737912479	-0.000853761440223025	-0.00683377467994908
0.902488773955955	0.0975112260440451	195.458970759472	0	0.000391653398148657	5.64198019294445e-08	0.00739164423797276	-0.000835782088045785	-0.00675608541165436
0.901319402652534	0.0986805973474660	197.802948172894	0	0.000373707054411544	1.60864110910168e-07	0.00731386092227359	-0.000818155259891656	-0.00667980130966192
0.900143875181723	0.0998561248182770	200.159265479790	0	0.000356086719872151	2.85979315625664e-07	0.00723745481392401	-0.000800821093511970	-0.00660490805013171
0.898962210164150	0.101037789835850	202.527885355546	0	0.000338918699041688	4.09070654369383e-07	0.00716229570475360	-0.000783759571575887	-0.00653139446345103
0.897774426308399	0.102225573691601	204.908770299244	0	0.000322158357750144	4.96643314742531e-07	0.00708836065533810	-0.000766958021970733	-0.00645924149502859
0.896580542410705	0.103419457589295	207.301882634271	0	0.000305825980638915	5.21317777307028e-07	0.00701565543558140	-0.000750482406583072	-0.00638841742132464
0.895380577354638	0.104619422645362	209.707184508952	0	0.000290171259701199	4.96891732557157e-07	0.00694420611552867	-0.000734559066734031	-0.00631889726754153
0.894174550110796	0.105825449889204	212.124637897167	0	0.000275322518515782	4.63193727755507e-07	0.00687407915580932	-0.000719400609606773	-0.00625065773804654
0.892962479736486	0.107037520263514	214.554204598992	0	0.000261335274719635	4.42399611644293e-07	0.00680536964680270	-0.000705181579019177	-0.00618366345273914
0.891744385375415	0.108255614624585	216.995846241312	0	0.000248224935080299	4.17524561349980e-07	0.00673815728996733	-0.000692033140720220	-0.00611786160316393
0.890520286257375	0.109479713742625	219.449524278461	0	0.000235924882035146	3.59365239352108e-07	0.00667238632694038	-0.000679937907939631	-0.00605320540555768
0.889290201697924	0.110709798302076	221.915199992853	0	0.000224192695877469	2.60291573602772e-07	0.00660799013555965	-0.000668698701143354	-0.00598965702454555
0.888054151098072	0.111945848901928	224.392834495619	0	0.000212732817395694	1.31739397713939e-07	0.00654477278357944	-0.000657944458019160	-0.00592718945522715
0.886812153943965	0.113187846056035	226.882388727234	0	0.000201466315485659	-3.20060791678306e-09	0.00648252432075255	-0.000647465113361647	-0.00586576963436093
0.885564229806563	0.114435770193437	229.383823458167	0	0.000190597498509034	-1.16100073078534e-07	0.00642135376676172	-0.000637476505440169	-0.00580536621382873
0.884310398341324	0.115689601658676	231.897099289514	0	0.000180379799130050	-1.92433261415594e-07	0.00636139373494860	-0.000628292209811263	-0.00574595384809849
0.883050679287887	0.116949320712113	234.422176653628	0	0.000170917571324585	-2.41500593597325e-07	0.00630266323668970	-0.000620019618178905	-0.00568750239275360
0.881785092469745	0.118214907530255	236.959015814784	0	0.000162198217230510	-2.73192857767069e-07	0.00624490958517397	-0.000612442948868669	-0.00562998112901180
0.880513657793928	0.119486342206072	239.507576869804	0	0.000154007212446511	-2.90532428412289e-07	0.00618786986789442	-0.000605190682453617	-0.00557336299779586
0.879236395250680	0.120763604749320	242.067819748712	0	0.000146106717261285	-2.95255838666352e-07	0.00613137408825297	-0.000597920588006131	-0.00551763339931243
0.877953324913137	0.122046675086863	244.639704215377	0	0.000138392142258734	-2.89705735410735e-07	0.00607530896798359	-0.000590419418251832	-0.00546278484035149
0.876664466937001	0.123335533062999	247.223189868166	0	0.000130863252258094	-2.82198873315078e-07	0.00601955930698685	-0.000582556896453639	-0.00540880827417475
0.875369841560218	0.124630158439782	249.818236140590	0	0.000123498969693733	-2.80936180471853e-07	0.00596410530086176	-0.000574282847983107	-0.00535568918773799
0.874069469102652	0.125930530897348	252.424802301957	0	0.000116217474397122	-2.87960315451543e-07	0.00590902581837016	-0.000565622562869048	-0.00530341299926072
0.872763369965759	0.127236630034241	255.042847458026	0	0.000108944727228679	-2.86965828525013e-07	0.00585446610951505	-0.000556664500040313	-0.00525197342953728
0.871451564632258	0.128548435367742	257.672330551666	0	0.000101607615220679	-2.47996664916306e-07	0.00580055099860363	-0.000547468829449457	-0.00520136217959328
0.870134073665809	0.129865926334191	260.313210363501	0	9.41716721118172e-05	-1.45962752180935e-07	0.00574721875368911	-0.000537957707067369	-0.00515156057270897
0.868810917710678	0.131189082289322	262.965445512584	0	8.65181879065607e-05	2.88139123341833e-08	0.00569437544871966	-0.000527914019307535	-0.00510255330621041
0.867482117491414	0.132517882508586	265.628994457041	0	7.84440175560741e-05	2.57141489956348e-07	0.00564177976050084	-0.000516998350267178	-0.00505432431900582
0.866147693812515	0.133852306187485	268.303815494742	0	6.99398217181604e-05	4.95202193180281e-07	0.00558930459028020	-0.000505162067724210	-0.00500685838827788
0.864807667558100	0.135192332441900	270.989866763960	0	6.12893687156817e-05	7.04749487592554e-07	0.00553719269235728	-0.000492816693377109	-0.00496014652332945
0.863462059691576	0.136537940308424	273.687106244036	0	5.28072111085266e-05	8.67012586003213e-07	0.00548559452558902	-0.000480407757199458	-0.00491417877298398
0.862110891255308	0.137889108744692	276.395491756042	0	4.48498989400443e-05	9.70012266842144e-07	0.00543451323516589	-0.000468292954496219	-0.00486894155005189
0.860754183370285	0.139245816629715	279.114980963450	0	3.78918794728024e-05	1.00384942483343e-06	0.00538406417618421	-0.000456887840771739	-0.00482441889942412
0.859391957235788	0.140608042764212	281.845531372796	0	3.22131146165649e-05	9.60708780663557e-07	0.00533418427442946	-0.000446418453595699	-0.00478059497390527
0.858024234129054	0.141975765870946	284.587100334358	0	2.77914284083088e-05	8.42559674651270e-07	0.00528493589992206	-0.000436928081273845	-0.00473745944944402
0.856651035404942	0.143348964595058	287.339645042820	0	2.43797598493011e-05	6.72681369677389e-07	0.00523639108181096	-0.000428399010723008	-0.00469498757156410
0.855272382495598	0.144727617504402	290.103122537946	0	2.17976065234855e-05	4.83083388973179e-07	0.00518875316134075	-0.000421000667621391	-0.00465315913454839
0.853888296910119	0.146111703089881	292.877489705256	0	2.01045672280315e-05	2.95153607983158e-07	0.00514239925336427	-0.000415159806285203	-0.00461194398517287
0.852498800234217	0.147501199765783	295.662703276695	0	1.93911302118803e-05	1.21536051487275e-07	0.00509747814963751	-0.000411138801863821	-0.00457131569949576
0.851103914129877	0.148896085870123	298.458719831321	0	1.95611327579892e-05	-3.15351712949110e-08	0.00505390740583530	-0.000408778829199218	-0.00453125586981215
0.849703660335026	0.150296339664974	301.265495795967	0	2.03181200178598e-05	-1.59184028139301e-07	0.00501143742852144	-0.000407605530219475	-0.00449173587124621
0.848298060663188	0.151701939336812	304.082987445936	0	2.13186781783550e-05	-2.48470884153587e-07	0.00496983547584066	-0.000407072174855026	-0.00445274933615213
0.846887137003148	0.153112862996852	306.911150905670	0	2.23026628527594e-05	-2.88987704545596e-07	0.00492885269359738	-0.000406718709638760	-0.00441429618495107
0.845470911318609	0.154529088681391	309.749942149440	0	2.31660219515586e-05	-2.88842924572851e-07	0.00488840286120330	-0.000406268323735718	-0.00437636234775611
0.844049405647854	0.155950594352146	312.599317002024	0	2.38671492648296e-05	-2.62191000745892e-07	0.00484822310578297	-0.000405433635036908	-0.00433892859595930
0.842622642103404	0.157377357896596	315.459231139390	0	2.43958747831837e-05	-2.05757111302451e-07	0.00480815636722628	-0.000404031370761588	-0.00430198784023182
0.841190642871674	0.158809357128326	318.329640089390	0	2.46785286770186e-05	-1.09509047940574e-07	0.00476824818213248	-0.000402050271747523	-0.00426553684547981
0.839753430212632	0.160246569787368	321.210499232439	0	2.46168165217809e-05	1.70453659119828e-08	0.00472872619174683	-0.000399672236719200	-0.00422957547575192
0.838311026459455	0.161688973540545	324.101763802204	0	2.43398723789996e-05	1.38095418323672e-07	0.00469004635804172	-0.000397385638744815	-0.00419410415566621
0.836863454018185	0.163136545981815	327.003388886301	0	2.41987637196262e-05	2.11327454305629e-07	0.00465226859332424	-0.000395590977062759	-0.00415910896886906
0.835410735367385	0.164589264632615	329.915329426975	0	2.44242654228840e-05	2.27178708724137e-07	0.00461539569222933	-0.000394437318802581	-0.00412458797681321
0.833952893057793	0.166047106942207	332.837540221799	0	2.48271342780165e-05	2.18879779206610e-07	0.00457920780473973	-0.000393639840180708	-0.00409052829345696
0.832489949711976	0.167510050288024	335.769975924368	0	2.51408417664560e-05	2.34424307681544e-07	0.00454336501075788	-0.000392756588685031	-0.00405690384714357
0.831021928023984	0.168978071976016	338.712591044989	0	2.53368993144414e-05	3.08671945190263e-07	0.00450769348847558	-0.000391654313620460	-0.00402370126468110
0.829548850759004	0.170451149240996	341.665339951378	0	2.56846955165564e-05	4.47450380356639e-07	0.00447223160426032	-0.000390626291912433	-0.00399091812076195
0.828070740753009	0.171929259246991	344.628176869360	0	2.66502032182490e-05	6.36921705005026e-07	0.00443716694197594	-0.000390224538349890	-0.00395855597182973
0.826587620912413	0.173412379087587	347.601055883566	0	2.84857970883319e-05	8.52254884528042e-07	0.00440278903356861	-0.000390885139568434	-0.00392661394483341
0.825099514213723	0.174900485786277	350.583930938125	0	3.11559083890658e-05	1.05188669832546e-06	0.00436916227963635	-0.000392612775443007	-0.00389509730571896
0.823606443703183	0.176393556296817	353.576755837380	0	3.45020400259535e-05	1.18672844932545e-06	0.00433620538147230	-0.000395156536167910	-0.00386400540166214
0.822108432496435	0.177891567503565	356.579484246567	0	3.83146027709075e-05	1.22404839647210e-06	0.00430389175947692	-0.000398244350113170	-0.00383333432389828
0.820605503778156	0.179394496221844	359.592069692544	0	4.22786009955839e-05	1.15720626484468e-06	0.00427220104675275	-0.000401529953256702	-0.00380308173385214
0.819097680801716	0.180902319198284	362.614465564475	0	4.59360522577046e-05	1.00085746899550e-06	0.00424098716915602	-0.000404508960309953	-0.00377324366479986
0.817584986888823	0.182415013111177	365.646625114542	0	4.88607395372990e-05	7.87110025556227e-07	0.00421010399262313	-0.000406707474216397	-0.00374382061099720
0.816067445429171	0.183932554570829	368.688501458650	0	5.08477962361659e-05	5.59036696730848e-07	0.00417952085779135	-0.000407942614949862	-0.00371480991792276
0.814545079880086	0.185454920119914	371.740047577140	0	5.19156360874401e-05	3.56378842089863e-07	0.00414931454261500	-0.000408355094121400	-0.00368619872848780
0.813017913766177	0.186982086233823	374.801216315481	0	5.23412738794939e-05	2.11550533362169e-07	0.00411970209825754	-0.000408341691726058	-0.00365797544014079
0.811485970678974	0.188514029321026	377.871960385006	0	5.24294370269117e-05	1.44756804226804e-07	0.00409072446578162	-0.000408213189057864	-0.00363011356263169
0.809949274276582	0.190050725723418	380.952232363594	0	5.23757455070760e-05	1.46862866577884e-07	0.00406234739705723	-0.000408092427890549	-0.00360258936973010
0.808407848283322	0.191592151716678	384.041984696402	0	5.22104389858862e-05	1.83929377707813e-07	0.00403445455497439	-0.000407906861512906	-0.00357537521171842
0.806861716489375	0.193138283510625	387.141169696567	0	5.17058943404068e-05	2.11760415483794e-07	0.00400693969867672	-0.000407417383410823	-0.00354844274435105
0.805310902750428	0.194689097249572	390.249739545922	0	5.06119777667442e-05	2.03001471486787e-07	0.00397963182909352	-0.000406308761668537	-0.00352178337304309
0.803755430987315	0.196244569012685	393.367646295717	0	4.87591904368871e-05	1.57235606416702e-07	0.00395234932603126	-0.000404308468019712	-0.00349540336595883
0.802195325185662	0.197804674814338	396.494841867325	0	4.62899572248069e-05	8.06982358552741e-08	0.00392490992417138	-0.000401417291647163	-0.00346931170162634
0.800630609395529	0.199369390604471	399.631278052963	0	4.37168769332964e-05	-1.66740119019383e-08	0.00389735448488675	-0.000398056899594247	-0.00344352355403008
0.799061307731051	0.200938692268949	402.776906516412	0	4.15680029668711e-05	-1.22951909137989e-07	0.00386984044624128	-0.000394788802202653	-0.00341804474876145
0.797487444370081	0.202512555629919	405.931678793732	0	4.01047650222736e-05	-2.26952334104568e-07	0.00384249078648217	-0.000391912346484978	-0.00339286451845612
0.795909043553829	0.204090956446171	409.095546293985	0	3.91400973078243e-05	-3.07787324671426e-07	0.00381533057601144	-0.000389290823550643	-0.00336797441396210
0.794326129586505	0.205673870413495	412.268460299950	0	3.82013948910868e-05	-3.36095264183554e-07	0.00378833650211480	-0.000386573823591946	-0.00334337267946038
0.792738726834954	0.207261273165046	415.450371968856	0	3.69737086757820e-05	-2.93234781015837e-07	0.00376161324740476	-0.000383645525210326	-0.00331906145600296
0.791146859728301	0.208853140271699	418.641232333095	0	3.54807441300304e-05	-1.89959774579689e-07	0.00373527648145820	-0.000380650803984565	-0.00329504401732668
0.789550552757588	0.210449447242412	421.840992300945	0	3.39195641137683e-05	-6.63975903560131e-08	0.00370918461468005	-0.000377619778130851	-0.00327131258739482
0.787949830475412	0.212050169524588	425.049602657301	0	3.24213039634995e-05	3.64225942851343e-08	0.00368300391050379	-0.000374339381526023	-0.00324785440969333
0.786344717495563	0.213655282504437	428.267014064396	0	3.10827569876862e-05	1.06563922552455e-07	0.00365654748297041	-0.000370652122668001	-0.00322465633907043
0.784735238492660	0.215264761507340	431.493177062534	0	3.00231252587320e-05	1.62024402227433e-07	0.00362973427698539	-0.000366597493900346	-0.00320171001907545
0.783121418201792	0.216878581798208	434.728042070808	0	2.93313467789498e-05	2.25894654148851e-07	0.00360278242085231	-0.000362428530925347	-0.00317901508007145
0.781503281418153	0.218496718581847	437.971559387833	0	2.89146651759724e-05	3.00941805173460e-07	0.00357577011397628	-0.000358233623195075	-0.00315655684551336
0.779880852996674	0.220119147003326	441.223679192479	0	2.86016324571422e-05	3.65447683023477e-07	0.00354873317946298	-0.000353982959415706	-0.00313431466941244
0.778254157851668	0.221745842148332	444.484351544591	0	2.84858854497000e-05	3.91915126380849e-07	0.00352185710638577	-0.000349971163958012	-0.00311228248729330
0.776623220956454	0.223376779043546	447.753526385733	0	2.90734308697836e-05	3.63293811265539e-07	0.00349540381654816	-0.000346874840979841	-0.00309046148597551
0.774988067343000	0.225011932657000	451.031153539914	0	3.08516205739635e-05	2.75268697448771e-07	0.00346968986992110	-0.000345305736770199	-0.00306884794200682
0.773348722101556	0.226651277898444	454.317182714312	0	3.37554310498493e-05	1.41070401141850e-07	0.00344460207146373	-0.000345140658407380	-0.00304743872297227
0.771705210380286	0.228294789619714	457.611563500022	0	3.72137128976050e-05	-1.19914613984089e-09	0.00341983511460713	-0.000345607149925724	-0.00302624237215168
0.770057557384900	0.229942442615100	460.914245372789	0	4.04795461563611e-05	-1.15480744250984e-07	0.00339509194216641	-0.000345825311538163	-0.00300525989881394
0.768405788378293	0.231594211621707	464.225177693730	0	4.32058085417837e-05	-1.95668654412140e-07	0.00337032176906025	-0.000345360812653799	-0.00298449338972499
0.766749928680171	0.233250071319829	467.544309710087	0	4.54703077129834e-05	-2.49454122026469e-07	0.00334545269549551	-0.000344144128068835	-0.00296394206783335
0.765090003666690	0.234909996333310	470.871590555949	0	4.75129284724984e-05	-2.68514832429520e-07	0.00332042699573495	-0.000342268581272160	-0.00294360452365367
0.763426038770081	0.236573961229919	474.206969253005	0	4.93957235916244e-05	-2.32967016161175e-07	0.00329529423035200	-0.000339808237242603	-0.00292347342026406
0.761758059478287	0.238241940521713	477.550394711268	0	5.08922959788625e-05	-1.51757518934442e-07	0.00327014797068692	-0.000336735146354865	-0.00290353207033126
0.760086091334590	0.239913908665410	480.901815729829	0	5.17956212622260e-05	-6.33732594998450e-08	0.00324510569874334	-0.000333025611561303	-0.00288376065132441
0.758410159937245	0.241589840062755	484.261180997584	0	5.20660089662230e-05	3.88777159672431e-09	0.00322016683311224	-0.000328689488827312	-0.00286415743267503
0.756730290939107	0.243269709060893	487.628439093985	0	5.17152936719802e-05	5.10080997112008e-08	0.00319534173407506	-0.000323726452318993	-0.00284473401678747
0.755046510047264	0.244953489952736	491.003538489776	0	5.07834489819734e-05	8.69166447789458e-08	0.00317055765821843	-0.000318157269828887	-0.00282548982332772
0.753358843022664	0.246641156977336	494.386427547739	0	4.95827458109590e-05	1.15582034555663e-07	0.00314585870697323	-0.000312227431012105	-0.00280641819268574
0.751667315679746	0.248332684320254	497.777054523437	0	4.85267507012168e-05	1.48247786447609e-07	0.00312135537976465	-0.000306348789952603	-0.00278752228324776
0.749971953886066	0.250028046113934	501.175367565957	0	4.77355592864319e-05	2.03021144802660e-07	0.00309727910894067	-0.000300827538932606	-0.00276881830578206
0.748272783561929	0.251727216438071	504.581314718656	0	4.69489017118900e-05	2.80692165165086e-07	0.00307384001265835	-0.000295710689368982	-0.00275031427721252
0.746569830680015	0.253430169319985	507.994843919903	0	4.58417675953827e-05	3.55387388891389e-07	0.00305114725349858	-0.000290922347557715	-0.00273199996112957
0.744863121265005	0.255136878734995	511.415903003835	0	4.43823962413249e-05	4.06120700080537e-07	0.00302918214548800	-0.000286466840422672	-0.00271386486159943
0.743152681393209	0.256847318606791	514.844439701099	0	4.28800927513370e-05	4.34782379099726e-07	0.00300790187634299	-0.000282560207148602	-0.00269590268829386
0.741438537192197	0.258561462807803	518.280401639592	0	4.17842230521176e-05	4.55595523075734e-07	0.00298730073382442	-0.000279539965420400	-0.00267810627531602
0.739720714840420	0.260279285159580	521.723736345222	0	4.12789685348056e-05	4.85157607405769e-07	0.00296741308973597	-0.000277589693963341	-0.00266046945805637
0.737999240566837	0.262000759433163	525.174391242653	0	4.11853751217288e-05	5.38686640920926e-07	0.00294824146555888	-0.000276596016785329	-0.00264299176052391
0.736274140650544	0.263725859349456	528.632313656054	0	4.12974145564732e-05	6.23956135296554e-07	0.00292972629167997	-0.000276375749581233	-0.00262568448390831
0.734545441420397	0.265454558579603	532.097450809848	0	4.15379586152882e-05	7.28053704295161e-07	0.00291184205761333	-0.000276807320102676	-0.00260856242849317
0.732813169254636	0.267186830745364	535.569749829470	0	4.19848998919345e-05	8.12723819349239e-07	0.00289449789225344	-0.000277825658149672	-0.00259163108337249
0.731077350580513	0.268922649419487	539.049157742113	0	4.27331884982782e-05	8.38625608689352e-07	0.00287752375620147	-0.000279257129927910	-0.00257489584509702
0.729338011873913	0.270661988126087	542.535621477484	0	4.37614852561520e-05	7.89331433392406e-07	0.00286066089141781	-0.000280767381811215	-0.00255836859026669
0.727595179658981	0.272404820341019	546.029087868556	0	4.49974747113413e-05	6.71076209910284e-07	0.00284369859414538	-0.000282046892795246	-0.00254205305157700
0.725848880507744	0.274151119492256	549.529503652322	0	4.63927390230610e-05	5.06021336111997e-07	0.00282649997752101	-0.000282955129080886	-0.00252593985501446
0.724099141039733	0.275900858960267	553.036815470555	0	4.78611633765911e-05	3.33636699057744e-07	0.00280916503680346	-0.000283535069331455	-0.00251001633325803
0.722345987921611	0.277654012078389	556.550969870553	0	4.92082127712523e-05	1.92345776310555e-07	0.00279180982801092	-0.000283817044316946	-0.00249426476859584
0.720589447866790	0.279410552133210	560.071913305907	0	5.02581456527151e-05	9.29529016247569e-08	0.00277455490236083	-0.000283817960802633	-0.00247866741012098
0.718829547635055	0.281170452364945	563.599592137254	0	5.10003044075519e-05	2.23932939408118e-08	0.00275743793814078	-0.000283582931472754	-0.00246320553465614
0.717066314032193	0.282933685967807	567.133952633021	0	5.15364486026987e-05	-3.32449306066092e-08	0.00274039824336950	-0.000283119573526177	-0.00244786839337342
0.715299773909601	0.284700226090399	570.674940970212	0	5.19539248748886e-05	-7.05231819070520e-08	0.00272327403900183	-0.000282339002169377	-0.00243264710563951
0.713529954163921	0.286470045836079	574.222503235137	0	5.23217424357350e-05	-7.91189821853396e-08	0.00270594681254734	-0.000281179781411447	-0.00241753675304308
0.711756881736655	0.288243118263345	577.776585424185	0	5.27300748989023e-05	-5.32801522233321e-08	0.00268838188801351	-0.000279700063246758	-0.00240253423706821
0.709980583613783	0.290019416386217	581.337133444592	0	5.30897575708159e-05	8.04598227549773e-09	0.00267074643381400	-0.000277992643327446	-0.00238764065258184
0.708201086825391	0.291798913174609	584.904093115182	0	5.31383626253892e-05	9.95507306955678e-08	0.00265319788799698	-0.000276020013229433	-0.00237285931082093
0.706418418445287	0.293581581554713	588.477410167141	0	5.27486601593781e-05	2.06531910225170e-07	0.00263569578124906	-0.000273698814238503	-0.00235818769761996
0.704632605590618	0.295367394409382	592.057030244781	0	5.22235249743810e-05	3.03549255308652e-07	0.00261819764825799	-0.000271194579207774	-0.00234362616271306
0.702843675421498	0.297156324578502	595.642898906291	0	5.20824036292222e-05	3.72815785849240e-07	0.00260061284509602	-0.000268778905291093	-0.00232918102211174
0.701051655140619	0.298948344859381	599.234961624511	0	5.25121530668974e-05	4.15785534796710e-07	0.00258295300203129	-0.000266602032934124	-0.00231485693086662
0.699256571992876	0.300743428007124	602.833163787686	0	5.33530280570460e-05	4.39149067620146e-07	0.00256540555598646	-0.000264738461723036	-0.00230066614007949
0.697458453264982	0.302541546735018	606.437450700238	0	5.43427516173151e-05	4.38411297660861e-07	0.00254818727094947	-0.000263223142450110	-0.00228661165554674
0.695657326285088	0.304342673714912	610.047767583529	0	5.53523147682689e-05	4.03433100057590e-07	0.00253135239611706	-0.000262049611060670	-0.00227268021718888
0.693853218422405	0.306146781577595	613.664059576615	0	5.64011964349208e-05	3.50368288548060e-07	0.00251481590827233	-0.000261169993422211	-0.00225887075990607
0.692046157086815	0.307953842913185	617.286271737030	0	5.76126954815870e-05	3.20030384840991e-07	0.00249842846372512	-0.000260560789839339	-0.00224518418320815
0.690236169728493	0.309763830271507	620.914349041539	0	5.91822859573454e-05	3.42557229764052e-07	0.00248219977041644	-0.000260321909876156	-0.00223161527530495
0.688423283837527	0.311576716162473	624.548236386905	0	6.10535586507423e-05	4.23423498931525e-07	0.00246623202309399	-0.000260434741287670	-0.00221815214117923
0.686607526943528	0.313392473056472	628.187878590667	0	6.28219795504990e-05	5.43999474270513e-07	0.00245055346346222	-0.000260617623890305	-0.00220478611790980
0.684788926615254	0.315211073384746	631.833220391894	0	6.41633850055416e-05	6.73483589081737e-07	0.00243523215145973	-0.000260688264476210	-0.00219151515684585
0.682967510460224	0.317032489539776	635.484206451961	0	6.50466158979697e-05	7.87259069487064e-07	0.00242033503247472	-0.000260691745506158	-0.00217834650898552
0.681143306124333	0.318856693875667	639.140781355318	0	6.56551519222801e-05	8.66126451319907e-07	0.00240600213240916	-0.000260889529322712	-0.00216528830830962
0.679316341291471	0.320683658708529	642.802889610255	0	6.63052626755827e-05	8.95290474774514e-07	0.00239225666323771	-0.000261531362429903	-0.00215234911922606
0.677486643683139	0.322513356316861	646.470475649673	0	6.71671392406368e-05	8.76906103939797e-07	0.00237906063284953	-0.000262636079986734	-0.00213953742249689
0.675654241058062	0.324345758941938	650.143483831856	0	6.80724168227374e-05	8.31793468308773e-07	0.00236611143760819	-0.000263805940794362	-0.00212686552151105
0.673819161211805	0.326180838788195	653.821858441246	0	6.87040246185116e-05	7.84012016905053e-07	0.00235320953030412	-0.000264610961292840	-0.00211434224038557
0.671981431976394	0.328018568023606	657.505543689196	0	6.88284643193102e-05	7.41104903623268e-07	0.00234043594672997	-0.000264927834030690	-0.00210196486040103
0.670141081219921	0.329858918780079	661.194483714770	0	6.85074288618830e-05	6.96177516138945e-07	0.00232783353184774	-0.000264892949392277	-0.00208972178876899
0.668298136846168	0.331701863153832	664.888622585488	0	6.80076819306353e-05	6.47201530416528e-07	0.00231546270628312	-0.000264767543294637	-0.00207760610002726
0.666452626794218	0.333547373205782	668.587904298113	0	6.74772643258137e-05	5.99957516264379e-07	0.00230328907044549	-0.000264659735643721	-0.00206560786280763
0.664604579038068	0.335395420961932	672.292272779423	0	6.68822226124563e-05	5.63775472627635e-07	0.00229126508615649	-0.000264501786504455	-0.00205371889394369
0.662754021586245	0.337245978413755	676.001671886981	0	6.60963640164653e-05	5.49640027199153e-07	0.00227931535888531	-0.000264126055204019	-0.00204194073430811
0.660900982481420	0.339099017518580	679.716045409907	0	6.50130941110248e-05	5.64812302311586e-07	0.00226722779156541	-0.000263276181492236	-0.00203027250516409
0.659045489800021	0.340954510199979	683.435337069661	0	6.35375838043649e-05	6.05454498010300e-07	0.00225481108094123	-0.000261731310027083	-0.00201870533748909
0.657187571651847	0.342812428348153	687.159490520807	0	6.17260261570821e-05	6.54201261703297e-07	0.00224205409641520	-0.000259534003775799	-0.00200722935877650
0.655327256179680	0.344672743820320	690.888449351798	0	5.99690778870920e-05	6.89472318346859e-07	0.00222910370343594	-0.000257066797149160	-0.00199584334614081
0.653464571558901	0.346535428441099	694.622157085742	0	5.86634826258838e-05	6.98285980118331e-07	0.00221600364533390	-0.000254701894993390	-0.00198454938647479
0.651599545997100	0.348400454002900	698.360557181184	0	5.80024726320274e-05	6.81756913195384e-07	0.00220275588289117	-0.000252643305337388	-0.00197334894240758
0.649732207733689	0.350267792266311	702.103593032884	0	5.79880320840100e-05	6.50914989329526e-07	0.00218946647602527	-0.000251006091795161	-0.00196224165210750
0.647862585039518	0.352137414960482	705.851207972585	0	5.85464049897874e-05	6.18300552107682e-07	0.00217621840745076	-0.000249897817823469	-0.00195122961977449
0.645990706216481	0.354009293783519	709.603345269802	0	5.96665980485617e-05	5.97445241387903e-07	0.00216322058941758	-0.000249504830186679	-0.00194032505047544
0.644116599597133	0.355883400402867	713.359948132593	0	6.12607686222365e-05	5.97065795083735e-07	0.00215055070141910	-0.000249904600671203	-0.00192953134061855
0.642240293544303	0.357759706455697	717.120959708329	0	6.33028178926248e-05	6.12384211368433e-07	0.00213831071251867	-0.000251120113542287	-0.00191884501376215
0.640361816450700	0.359638183549300	720.886323084491	0	6.58080672356064e-05	6.32866350036497e-07	0.00212640687467508	-0.000253030056307254	-0.00190826171227347
0.638481196738528	0.361518803261472	724.655981289436	0	6.87070250541224e-05	6.48878615037861e-07	0.00211479458151599	-0.000255455305382766	-0.00189778194754394
0.636598462859101	0.363401537140899	728.429877293169	0	7.19040773696401e-05	6.52337985612577e-07	0.00210343851487644	-0.000258221194073779	-0.00188740290811695
0.634713643292444	0.365286356707556	732.207954008149	0	7.52547434327718e-05	6.31285740540830e-07	0.00209229271021929	-0.000261132240580600	-0.00187711704883628
0.632826766546916	0.367173233453084	735.990154290035	0	7.85432545742060e-05	5.74615186387608e-07	0.00208122970586539	-0.000263907680640734	-0.00186691818045006
0.630937861158812	0.369062138841188	739.776420938493	0	8.15659998435629e-05	4.86863215486109e-07	0.00207012826684366	-0.000266294990353163	-0.00185681099208872
0.629046955691977	0.370953044308023	743.566696697964	0	8.42069885954849e-05	3.87156050772793e-07	0.00205898180314666	-0.000268191676698883	-0.00184679290749282
0.627154078737417	0.372845921262583	747.360924258445	0	8.64277407020640e-05	2.98579197042901e-07	0.00204781529215479	-0.000269600357390713	-0.00183685458875976
0.625259258912909	0.374740741087091	751.159046256272	0	8.82812624847312e-05	2.34398353166775e-07	0.00203666093225229	-0.000270619547279769	-0.00182698474917636
0.623362524862608	0.376637475137392	754.961005274907	0	9.00020829984312e-05	1.89998320775770e-07	0.00202557716920304	-0.000271513581554082	-0.00181717524568494
0.621463905256663	0.378536094743337	758.766743845706	0	9.18323914389054e-05	1.49866208828413e-07	0.00201459033450539	-0.000272513130205198	-0.00180741878596564
0.619563428790820	0.380436571209180	762.576204448719	0	9.38317052768411e-05	1.03343115973689e-07	0.00200356486628110	-0.000273604822015188	-0.00179771869039010
0.617661124186036	0.382338875813964	766.389329513459	0	9.59733812116025e-05	4.98756998151003e-08	0.00199244184013809	-0.000274727717935860	-0.00178808486345217
0.615757020188090	0.384242979811910	770.206061419685	0	9.82234171031197e-05	-9.65686100066276e-09	0.00198128388911440	-0.000275904085998100	-0.00177852492362092
0.613851145567186	0.386148854432814	774.026342498197	0	0.000100471106104285	-7.36318051788284e-08	0.00197035222024428	-0.000277229986954237	-0.00176904422114191
0.611943529117567	0.388056470882433	777.850115031607	0	0.000102572628435134	-1.34265480255768e-07	0.00195979737476934	-0.000278677129241415	-0.00175964052193878
0.610034199657126	0.389965800342874	781.677321255124	0	0.000104383892305306	-1.80951165131992e-07	0.00194953679869099	-0.000280010214472743	-0.00175031231939848
0.608123186027007	0.391876813972993	785.507903357349	0	0.000105835337674776	-2.09203884952389e-07	0.00193928165756637	-0.000280951007510822	-0.00174106055188855
0.606210517091221	0.393789482908779	789.341803481049	0	0.000106982377032157	-2.20403975494006e-07	0.00192899251875220	-0.000281467383437770	-0.00173188269227770
0.604296221736254	0.395703778263746	793.178963723937	0	0.000107817552678395	-2.15104152877092e-07	0.00191876990748951	-0.000281717987863397	-0.00172277088241314
0.602380328870669	0.397619671129331	797.019326139476	0	0.000108430594180235	-1.90122096846425e-07	0.00190878090996882	-0.000281964549593937	-0.00171371276665875
0.600462867424722	0.399537132575278	800.862832737644	0	0.000108887812321586	-1.44284702845857e-07	0.00189915774434356	-0.000282423592937952	-0.00170470440454458
0.598543866349968	0.401456133650032	804.709425485727	0	0.000109246005749846	-8.59650075532414e-08	0.00188985724602396	-0.000283131049484740	-0.00169574053196440
0.596623354618864	0.403376645381136	808.559046309114	0	0.000109622818320450	-2.96284724209126e-08	0.00188082870235402	-0.000284126234860649	-0.00168681929352080
0.594701361224385	0.405298638775615	812.411637092063	0	0.000110252652760081	1.55817729791541e-08	0.00187210699679345	-0.000285583830165748	-0.00167794095763763
0.592777915179627	0.407222084820373	816.267139678503	0	0.000111336604195708	5.40919591579266e-08	0.00186365189356372	-0.000287598273387253	-0.00166911400214842
0.590853045517412	0.409146954482588	820.125495872822	0	0.000112856449242207	8.95806719385318e-08	0.00185526584365004	-0.000289973749127156	-0.00166034083162516
0.588926781289904	0.411073218710096	823.986647440637	0	0.000114545381563317	1.15796505947187e-07	0.00184672484751851	-0.000292292041409421	-0.00165161995162596
0.586999151568207	0.413000848431793	827.850536109599	0	0.000116021483393510	1.28926115249043e-07	0.00183789836355155	-0.000294121145453151	-0.00164294729294475
0.585070185441979	0.414929814558021	831.717103570172	0	0.000117107997924924	1.29998404619907e-07	0.00182871986240724	-0.000295240602106996	-0.00163431487826229
0.583139912019037	0.416860087980963	835.586291476415	0	0.000117963895950753	1.27115105573121e-07	0.00181912327108782	-0.000295659699746870	-0.00162571660432949
0.581208360424962	0.418791639575038	839.458041446785	0	0.000118780216631438	1.38633532343722e-07	0.00180893952963011	-0.000295359161031379	-0.00161715255902079
0.579275559802708	0.420724440197292	843.332295064911	0	0.000119379234615541	1.83043230966251e-07	0.00179812836361291	-0.000294217131086484	-0.00160862100060171
0.577341539312211	0.422658460687789	847.208993880384	0	0.000119530902994005	2.63424210014200e-07	0.00178683480229517	-0.000292215308519442	-0.00160011566842258
0.575406328129989	0.424593671870011	851.088079409556	0	0.000119330178068688	3.61003692351118e-07	0.00177517889421305	-0.000289594684829764	-0.00159163213132920
0.573469955448758	0.426530044551242	854.969493136312	0	0.000119166393298394	4.46519612092791e-07	0.00176334273014855	-0.000286782989885474	-0.00158317496831668
0.571532450477029	0.428467549522971	858.853176512875	0	0.000119280158702723	4.98272471847199e-07	0.00175146659129076	-0.000284054837649125	-0.00157475364287961
0.569593842438720	0.430406157561280	862.739070960585	0	0.000119566574664757	5.11749217220138e-07	0.00173963980893833	-0.000281402704614863	-0.00156637988525981
0.567654160572763	0.432345839427237	866.627117870686	0	0.000119769455851977	4.96959919625059e-07	0.00172789498204938	-0.000278662904699819	-0.00155805879264110
0.565713434132707	0.434286565867293	870.517258605125	0	0.000119698644570287	4.66055431553041e-07	0.00171634244734552	-0.000275791717258496	-0.00154979192010484
0.563771692386322	0.436228307613678	874.409434497342	0	0.000119362276623239	4.25259836876183e-07	0.00170502991936312	-0.000272886477863994	-0.00154157790370717
0.561828964615215	0.438171035384785	878.303586853040	0	0.000118885371412473	3.87038125190212e-07	0.00169409066006747	-0.000270161111421953	-0.00153341952657255
0.559885280114424	0.440114719885576	882.199656951001	0	0.000118363751966444	3.74101033397143e-07	0.00168351737308398	-0.000267720087238806	-0.00152530861750664
0.557940668192031	0.442059331807969	886.097586043861	0	0.000117828810099473	4.03378414798992e-07	0.00167320429650272	-0.000265585336673532	-0.00151724130887058
0.555995158168766	0.444004841831234	889.997315358903	0	0.000117400730930579	4.75453485167731e-07	0.00166318355098611	-0.000263855186300451	-0.00150921297938622
0.554048779377611	0.445951220622389	893.898786098850	0	0.000117215560636160	5.70599347307839e-07	0.00165338549685136	-0.000262599123911305	-0.00150121338140667
0.552101561163411	0.447898438836589	897.801939442648	0	0.000117393330234105	6.65785092239401e-07	0.00164377894869815	-0.000261851068155029	-0.00149324591546941
0.550153532882470	0.449846467117530	901.706716546272	0	0.000117922886588380	7.51876165140373e-07	0.00163429939160981	-0.000261555984194681	-0.00148531638721754
0.548204723902166	0.451795276097834	905.613058543500	0	0.000118759774066283	8.27253054869403e-07	0.00162489685655551	-0.000261634933540840	-0.00147743123715888
0.546255163600551	0.453744836399449	909.520906546714	0	0.000119941181184637	8.93772663659713e-07	0.00161552101687619	-0.000262016562747526	-0.00146959288315777
0.544304881365957	0.455695118634043	913.430201647691	0	0.000121407409968876	9.57525308357255e-07	0.00160611790548152	-0.000262608135990344	-0.00146179693196076
0.542353906596604	0.457646093403396	917.340884918386	0	0.000123145772507496	1.02657097177452e-06	0.00159661585524275	-0.000263321526375989	-0.00145404468694774
0.540402268700200	0.459597731299800	921.252897411737	0	0.000125116754736995	1.09913310521767e-06	0.00158700167911842	-0.000264071779238265	-0.00144634400188909
0.538449997093550	0.461550002906450	925.166180162447	0	0.000127215799839220	1.15531899936644e-06	0.00157723894867182	-0.000264733778480945	-0.00143869887036418
0.536497121202161	0.463502878797839	929.080674187776	0	0.000129436452603689	1.17164092608522e-06	0.00156733951478408	-0.000265256756145198	-0.00143111445061656
0.534543670459844	0.465456329540156	932.996320488338	0	0.000131800381002435	1.14362257185628e-06	0.00155729663321438	-0.000265621439090566	-0.00142359449419492
0.532589674308323	0.467410325691677	936.913060048886	0	0.000134231296305450	1.08924622005684e-06	0.00154711106105030	-0.000265797735890649	-0.00141614096905840
0.530635162196834	0.469364837803166	940.830833839116	0	0.000136663118202357	1.03410997773233e-06	0.00153690363610024	-0.000265846629571933	-0.00140875838847211
0.528680163581736	0.471319836418264	944.749582814446	0	0.000139047964089210	9.96807300423923e-07	0.00152678206694130	-0.000265862971039416	-0.00140144637462862
0.526724707926113	0.473275292073887	948.669247916813	0	0.000141342853333401	9.85788633348123e-07	0.00151690276237679	-0.000265974296832517	-0.00139420920612895
0.524768824699375	0.475231175300625	952.589770075474	0	0.000143590867055203	9.98428406603177e-07	0.00150734050160746	-0.000266328965216997	-0.00138704546928923
0.522812543376871	0.477187456623129	956.511090207783	0	0.000145955529743434	1.02085433493930e-06	0.00149818352070050	-0.000267153439643105	-0.00137994757775069
0.520855893439485	0.479144106560515	960.433149219996	0	0.000148635913627652	1.03934379853058e-06	0.00148952870378803	-0.000268710065267406	-0.00137291418357206
0.518898904373246	0.481101095626754	964.355888008060	0	0.000151745254852159	1.04726788226585e-06	0.00148144043021413	-0.000271165651799688	-0.00136595048649814
0.516941605668929	0.483058394331071	968.279247458405	0	0.000155257655658837	1.03681932385552e-06	0.00147408215523827	-0.000274628886384238	-0.00135906495815811
0.514984026821660	0.485015973178340	972.203168448742	0	0.000159217662554730	9.92834633431371e-07	0.00146745525513340	-0.000279101093111275	-0.00135225476871318
0.513026197330525	0.486973802669475	976.127591848843	0	0.000163625734880470	9.04931385411689e-07	0.00146136212937479	-0.000284373226038139	-0.00134551219751292
0.511068146698168	0.488931853301832	980.052458521349	0	0.000168255291433383	7.78703754796318e-07	0.00145559694692659	-0.000290065863477969	-0.00133882697851385
0.509109904430396	0.490890095569604	983.977709322559	0	0.000172750798328107	6.33127251439461e-07	0.00144997219515683	-0.000295737107438153	-0.00133218490559404
0.507151500035789	0.492848499964211	987.903285103217	0	0.000176799545443803	4.90290791569097e-07	0.00144441493967530	-0.000301033513321838	-0.00132557586199738
0.505192963025297	0.494807036974703	991.829126709312	0	0.000180209463592911	3.71206958330145e-07	0.00143876879950163	-0.000305621068165069	-0.00131899803929160
0.503234322911848	0.496765677088152	995.755174982872	0	0.000182886043385242	2.91561617296495e-07	0.00143284328225960	-0.000309258342266536	-0.00131245524748028
0.501275609209953	0.498724390790047	999.681370762751	0	0.000184905951053387	2.52482463699315e-07	0.00142664435866602	-0.000311978308305025	-0.00130595213925774
0.499316851435307	0.500683148564693	1003.60765488543	0	0.000186431808150300	2.44416087511858e-07	0.00142016626478215	-0.000313924885820872	-0.00129949068402524
0.497358079104395	0.502641920895605	1007.53396818580	0	0.000187581767486644	2.55103734188211e-07	0.00141347270643994	-0.000315242771869380	-0.00129307179870385
0.495399321734095	0.504600678265905	1011.46025149797	0	0.000188401853497831	2.75814755014640e-07	0.00140657266622573	-0.000315995972656537	-0.00128668587636390
0.493440608841286	0.506559391158714	1015.38644565606	0	0.000188883458766785	2.98871724598913e-07	0.00139950470397757	-0.000316241892523463	-0.00128032152167258
0.491481969942444	0.508518030057556	1019.31249149496	0	0.000189101532128165	3.15708356371194e-07	0.00139239005409221	-0.000316178076435249	-0.00127397356281266
0.489523434553254	0.510476565446746	1023.23832985120	0	0.000189217949953923	3.18900135745854e-07	0.00138533203731774	-0.000316031674741705	-0.00126763897152632
0.487565032188209	0.512434967811791	1027.16390156365	0	0.000189315846735292	2.98673299985730e-07	0.00137836363934605	-0.000315901087497223	-0.00126132275738615
0.485606792360218	0.514393207639782	1031.08914747437	0	0.000189440676539835	2.48432828572322e-07	0.00137141720027276	-0.000315777317584762	-0.00125502993096250
0.483648744580205	0.516351255419795	1035.01400842942	0	0.000189705221615559	1.73247228011277e-07	0.00136444288488619	-0.000315715980682006	-0.00124876789404646
0.481690918356717	0.518309081643283	1038.93842527960	0	0.000190309988111543	9.34587593498630e-08	0.00135748083934760	-0.000315914372440294	-0.00124254300085598
0.479733343195527	0.520266656804473	1042.86233888128	0	0.000191353512628946	3.41937594546445e-08	0.00135058890772751	-0.000316541360060877	-0.00123635536465560
0.477776048599235	0.522223951400765	1046.78569009718	0	0.000192812060595574	1.17642988089287e-08	0.00134377927262963	-0.000317636368572937	-0.00123020245658932
0.475819064066878	0.524180935933122	1050.70841979719	0	0.000194616721685157	3.57008612143624e-08	0.00133707101487161	-0.000319142528355937	-0.00122408053305459
0.473862419093528	0.526137580906472	1054.63046885911	0	0.000196586850265075	1.08739414132161e-07	0.00133044210942646	-0.000320913794632887	-0.00121798608452987
0.471906143169898	0.528093856830102	1058.55177816950	0	0.000198543876689980	2.27380000547340e-07	0.00132393390045951	-0.000322804744845859	-0.00121192265192108
0.469950265781948	0.530049734218052	1062.47228862445	0	0.000200390422541528	3.80308544064387e-07	0.00131750968815697	-0.000324662895522154	-0.00120589590046853
0.467994816410485	0.532005183589515	1066.39194113036	0	0.000202118952675486	5.44640409641156e-07	0.00131106670115802	-0.000326353385208325	-0.00119991057478291
0.466039824530772	0.533960175469228	1070.31067660477	0	0.000203789297849432	6.96856367987589e-07	0.00130454917728283	-0.000327815414675924	-0.00119396676422549
0.464085319612126	0.535914680387874	1074.22843597711	0	0.000205435171164479	8.27346254587255e-07	0.00129795707287281	-0.000329058334685855	-0.00118806190650110
0.462131331117527	0.537868668882473	1078.14516018954	0	0.000207105219392624	9.38700334259768e-07	0.00129130537924599	-0.000330143138104967	-0.00118220044606191
0.460177888503218	0.539822111496782	1082.06079019770	0	0.000208876369458520	1.03494978583137e-06	0.00128457597501627	-0.000331142514683772	-0.00117638890388651
0.458225021218314	0.541774978781686	1085.97526697153	0	0.000210767513850725	1.11397848054190e-06	0.00127774453433720	-0.000332090057369650	-0.00117062842050410
0.456272758704401	0.543727241295599	1089.88853149606	0	0.000212821584022973	1.16839351499180e-06	0.00127078859562915	-0.000333036245361001	-0.00116492180946415
0.454321130395142	0.545678869604858	1093.80052477221	0	0.000215150388658017	1.19621384600609e-06	0.00126377926648121	-0.000334120720523946	-0.00115927445749795
0.452370165715881	0.547629834284119	1097.71118781755	0	0.000217851644185335	1.20173124982670e-06	0.00125674110168952	-0.000335454405880116	-0.00115368333772756
0.450419894083249	0.549580105916751	1101.62046166714	0	0.000220943659461231	1.19252547817701e-06	0.00124972669576191	-0.000337048611644254	-0.00114813931214504
0.448470344904763	0.551529655095237	1105.52828737430	0	0.000224240769430064	1.17826216083893e-06	0.00124260548872484	-0.000338650852007194	-0.00114263001536425
0.446521547578438	0.553478452421562	1109.43460601140	0	0.000227490351810430	1.16433509734409e-06	0.00123519331440886	-0.000339917977703160	-0.00113714957611387
0.444573531492383	0.555426468507617	1113.33935867066	0	0.000230594960214300	1.15045301907874e-06	0.00122740905853349	-0.000340688712091291	-0.00113169692701818
0.442626326024409	0.557373673975591	1117.24248646495	0	0.000233655265521085	1.13067555290574e-06	0.00121927871635568	-0.000341080113255401	-0.00112627120731002
0.440679960541635	0.559320039458365	1121.14393052856	0	0.000236852194311601	1.10132660791441e-06	0.00121100214479476	-0.000341397883125552	-0.00112087806687563
0.438734464400089	0.561265535599911	1125.04363201802	0	0.000240220461323854	1.06884097359185e-06	0.00120277801627391	-0.000341868733727744	-0.00111552445807912
0.436789866944313	0.563210133055687	1128.94153211288	0	0.000243671285300557	1.03796926981710e-06	0.00119473587768190	-0.000342572334261412	-0.00111021315231016
0.434846197506971	0.565153802493029	1132.83757201651	0	0.000247158540691397	1.00823287953655e-06	0.00118691721103755	-0.000343499183148430	-0.00110494061800698
0.432903485408446	0.567096514591554	1136.73169295689	0	0.000250685918653872	9.78359126580213e-07	0.00117924930071843	-0.000344580814552905	-0.00109969950819901
0.430961759956452	0.569038240043548	1140.62383618738	0	0.000254270301889690	9.47797082535506e-07	0.00117164486280514	-0.000345717005542292	-0.00109449121196296
0.429021050445635	0.570978949554365	1144.51394298756	0	0.000257825950662902	9.18987217659083e-07	0.00116405544955219	-0.000346759312945685	-0.00108932245411705
0.427081386157176	0.572918613842824	1148.40195466397	0	0.000261168196612205	8.95083502757373e-07	0.00115634912704047	-0.000347431861132322	-0.00108419173872957
0.425142796358400	0.574857203641600	1152.28781255097	0	0.000264080813543453	8.80023256951765e-07	0.00114842266614643	-0.000347429067386943	-0.00107909687172433
0.423205310302376	0.576794689697624	1156.17145801144	0	0.000266408978689278	8.75871542509734e-07	0.00114013691420771	-0.000346491036962094	-0.00107403427779341
0.421268957227524	0.578731042772476	1160.05283243767	0	0.000268134231557375	8.83315171701577e-07	0.00113134353070598	-0.000344463894836498	-0.00106899962958855
0.419333766357222	0.580666233642778	1163.93187725207	0	0.000269309841802958	9.01922736797479e-07	0.00112198996531054	-0.000341341454640672	-0.00106398932854131
0.417399766899406	0.582600233100594	1167.80853390803	0	0.000270096889936383	9.24053922826828e-07	0.00111214293628772	-0.000337318992254577	-0.00105900225235018
0.415466988046177	0.584533011953823	1171.68274389065	0	0.000270658455543220	9.38108368530757e-07	0.00110202536281849	-0.000332741188874934	-0.00105404347287507
0.413535458973408	0.586464541026592	1175.55444871759	0	0.000271075525399531	9.37422114829230e-07	0.00109185186186888	-0.000327914929950870	-0.00104911172697013
0.411605208840346	0.588394791159654	1179.42358993982	0	0.000271357471260071	9.23186448666659e-07	0.00108183626405628	-0.000323110690599998	-0.00104420446738915
0.409676266789220	0.590323733210780	1183.29010914241	0	0.000271592342346321	8.99637524621651e-07	0.00107223010952273	-0.000318672446289339	-0.00103931599116100
0.407748661944841	0.592251338055159	1187.15394794537	0	0.000271992555510798	8.71562409639591e-07	0.00106322993779314	-0.000314972939116953	-0.00103443833813589
0.405822423414216	0.594177576585784	1191.01504800439	0	0.000272732897076808	8.47295785869389e-07	0.00105487343838620	-0.000312222211848660	-0.00102957345030652
0.403897580286144	0.596102419713856	1194.87335101164	0	0.000273836875064552	8.35600296708301e-07	0.00104714002493782	-0.000310401504487970	-0.00102472352034179
0.401974161630826	0.598025838369174	1198.72879869658	0	0.000275117985577700	8.37855472334469e-07	0.00103989634246704	-0.000309267313551009	-0.00101989044812516
0.400052196499472	0.599947803500528	1202.58133282676	0	0.000276423476712384	8.48404811796241e-07	0.00103303618474253	-0.000308557745062266	-0.00101508083059589
0.398131713923904	0.601868286076096	1206.43089520856	0	0.000277704572605164	8.62181419977344e-07	0.00102643687739543	-0.000308101358844976	-0.00101030662162506
0.396212742916160	0.603787257083840	1210.27742768802	0	0.000278990911801191	8.75869764923619e-07	0.00102003310469281	-0.000307837150648250	-0.00100557136843618
0.394295312468104	0.605704687531896	1214.12087215164	0	0.000280297199067364	8.87171252778914e-07	0.00101384594283946	-0.000307764880696734	-0.00100086875529662
0.392379451551031	0.607620548448969	1217.96117052714	0	0.000281605014604743	8.99735954383100e-07	0.00100782734848938	-0.000307833648151013	-0.000996194707607774
0.390465189115268	0.609534810884732	1221.79826478425	0	0.000282909422302031	9.21147539732395e-07	0.00100185635100979	-0.000307915288825052	-0.000991555372965999
0.388552554089788	0.611447445910212	1225.63209693554	0	0.000284187544002394	9.48458412768470e-07	0.000995752134021067	-0.000307844780819866	-0.000986951632897514
0.386641575381809	0.613358424618191	1229.46260903715	0	0.000285501618142738	9.63349530456493e-07	0.000989498506952950	-0.000307640635445814	-0.000982379528460385
0.384732281876405	0.615267718123595	1233.28974318964	0	0.000286963604329213	9.49189351132974e-07	0.000983133883707347	-0.000307435759189905	-0.000977837487705031
0.382824702436108	0.617175297563892	1237.11344153873	0	0.000288655625114829	9.01655276830881e-07	0.000976761871551212	-0.000307405279597578	-0.000973329658641961
0.380918865900520	0.619081134099480	1240.93364627611	0	0.000290651039104289	8.27504988227684e-07	0.000970500897402591	-0.000307735139068540	-0.000968862530584618
0.379014801085915	0.620985198914085	1244.75029964025	0	0.000293012026477706	7.41878978254754e-07	0.000964371185475476	-0.000308521069887147	-0.000964438409916877
0.377112536784847	0.622887463215153	1248.56334391713	0	0.000295719856199019	6.60762117379565e-07	0.000958334963378856	-0.000309704097162304	-0.000960054944969459
0.375212101765756	0.624787898234244	1252.37272144110	0	0.000298650764766747	5.99486249935977e-07	0.000952258012037212	-0.000311064206111229	-0.000955704708877272
0.373313524772579	0.626686475227421	1256.17837459561	0	0.000301633013707157	5.70754127926838e-07	0.000946050520785383	-0.000312395254144257	-0.000951376069004549
0.371416834524351	0.628583165475649	1259.98024581401	0	0.000304585189237904	5.81885712916092e-07	0.000939702566828683	-0.000313617702091400	-0.000947056724582322
0.369522059714816	0.630477940285184	1263.77827758038	0	0.000307518175468638	6.36155617383962e-07	0.000933284282882854	-0.000314795734042002	-0.000942736378475168
0.367629229012034	0.632370770987966	1267.57241243025	0	0.000310432409097041	7.35123156841099e-07	0.000926841252856372	-0.000315987222979993	-0.000938409852313085
0.365738371057985	0.634261628942015	1271.36259295145	0	0.000313296277505504	8.78420579846598e-07	0.000920440820427747	-0.000317204389283712	-0.000934081003648813
0.363849514468183	0.636150485531817	1275.14876178486	0	0.000316073561467947	1.05614584323043e-06	0.000914079111827735	-0.000318410103357199	-0.000929759792643278
0.361962687831276	0.638037312168724	1278.93086162519	0	0.000318751807824477	1.24338641223426e-06	0.000907787682883472	-0.000319587652709479	-0.000925455862339150
0.360077919708662	0.639922080291338	1282.70883522179	0	0.000321359704237376	1.40821982789026e-06	0.000901561244645697	-0.000320725897116651	-0.000921179531216361
0.358195238634087	0.641804761365913	1286.48262537943	0	0.000323933335608927	1.52848647354982e-06	0.000895419291869362	-0.000321828303808472	-0.000916944826810871
0.356314673113265	0.643685326886735	1290.25217495908	0	0.000326488463692458	1.59641010466119e-06	0.000889425054221625	-0.000322951204721043	-0.000912765731855291
0.354436251623474	0.645563748376526	1294.01742687870	0	0.000329032726741310	1.61271531597359e-06	0.000883674432887413	-0.000324191277980121	-0.000908649902107392
0.352560002613174	0.647439997386826	1297.77832411402	0	0.000331541318041942	1.57938246571371e-06	0.000878375064117800	-0.000325689536938534	-0.000904595620625531
0.350685954501610	0.649314045498390	1301.53480969933	0	0.000333994669566608	1.49784064830034e-06	0.000873557990681787	-0.000327481277689684	-0.000900594522965023
0.348814135678424	0.651185864321576	1305.28682672825	0	0.000336402045927232	1.37825237567502e-06	0.000869167096188467	-0.000329507500807398	-0.000896640468808209
0.346944574503260	0.653055425496740	1309.03431835454	0	0.000338735845118050	1.23938666950205e-06	0.000865055668796234	-0.000331644945657876	-0.000892726157530333
0.345077299305376	0.654922700694624	1312.77722779287	0	0.000340967836027124	1.10135398405992e-06	0.000861112245620859	-0.000333795422111262	-0.000888845249321536
0.343212338383254	0.656787661616746	1316.51549831959	0	0.000343115901181500	9.81717889409586e-07	0.000857280723096150	-0.000335938948723882	-0.000884992030617713
0.341349720004205	0.658650279995795	1320.24907327353	0	0.000345238857067003	8.94920652746741e-07	0.000853436309375449	-0.000338050491660551	-0.000881162035039012
0.339489472403982	0.660510527596018	1323.97789605680	0	0.000347385872201840	8.53241199161726e-07	0.000849516867686039	-0.000340114169286299	-0.000877351608129934
0.337631623786390	0.662368376213610	1327.70191013552	0	0.000349600818313092	8.60675747401437e-07	0.000845492872353279	-0.000342155613425884	-0.000873557206541463
0.335776202322893	0.664223797677107	1331.42105904066	0	0.000351971041979951	9.13674599477495e-07	0.000841396047345185	-0.000344270327256964	-0.000869776720036390
0.333923236152225	0.666076763847775	1335.13528636877	0	0.000354511604457702	1.00768177408960e-06	0.000837297594911333	-0.000346518878184013	-0.000866011073064106
0.332072753380003	0.667927246619997	1338.84453578282	0	0.000357086738121701	1.13551952589209e-06	0.000833197587015887	-0.000348795780100314	-0.000862262387723475
0.330224782078333	0.669775217921667	1342.54875101291	0	0.000359536762149285	1.28136301933516e-06	0.000829057594492443	-0.000350919412969469	-0.000858530446767044
0.328379350285422	0.671620649714578	1346.24787585712	0	0.000361765102048694	1.42342474510862e-06	0.000824820965755814	-0.000352728089172587	-0.000854814507009711
0.326536486005191	0.673463513994809	1349.94185418225	0	0.000363766061878903	1.54239955700782e-06	0.000820412074104340	-0.000354141093102399	-0.000851112930549956
0.324696217206884	0.675303782793116	1353.63062992460	0	0.000365638268368717	1.62672364254321e-06	0.000815887455881596	-0.000355242439549446	-0.000847425961909434
0.322858571824677	0.677141428175323	1357.31414709076	0	0.000367472920224669	1.67375543196387e-06	0.000811259051772501	-0.000356115492352564	-0.000843754318289895
0.321023577757293	0.678976422242707	1360.99234975841	0	0.000369276601261305	1.68939474591147e-06	0.000806526337071549	-0.000356774822560369	-0.000840097652289869
0.319191262867613	0.680808737132387	1364.66518207704	0	0.000371007042198266	1.68623432680426e-06	0.000801728942663258	-0.000357226191649172	-0.000836461318138122
0.317361654982285	0.682638345017715	1368.33258826880	0	0.000372644362182024	1.67617080506640e-06	0.000796893176555419	-0.000357515496947760	-0.000832850736191929
0.315534781891338	0.684465218108662	1371.99451262921	0	0.000374217314368090	1.66434117604945e-06	0.000792149039914906	-0.000357779671348022	-0.000829269756156881
0.313710671347793	0.686289328652207	1375.65089952801	0	0.000375755816354341	1.64805779143869e-06	0.000787553514446897	-0.000358110227677649	-0.000825720716461112
0.311889351067277	0.688110648932723	1379.30169340986	0	0.000377270716555609	1.62003874488084e-06	0.000783097941996671	-0.000358515293616908	-0.000822206070164595
0.310070848727634	0.689929151272366	1382.94683879516	0	0.000378762262864879	1.57373823113533e-06	0.000778751787045862	-0.000358951870124845	-0.000818728411085142
0.308255191968537	0.691744808031463	1386.58628028086	0	0.000380185664104806	1.50759289542390e-06	0.000774464078529741	-0.000359330049132698	-0.000815287656185827
0.306442408391105	0.693557591608895	1390.21996254114	0	0.000381475285360722	1.42774148042526e-06	0.000770207650811439	-0.000359552941738407	-0.000811880590358463
0.304632525557511	0.695367474442489	1393.84783032828	0	0.000382588686352180	1.34688841463496e-06	0.000765899517939506	-0.000359524796186306	-0.000808502369442468
0.302825570990597	0.697174429009403	1397.46982847338	0	0.000383562083556433	1.28022652897383e-06	0.000761487947031012	-0.000359241139833393	-0.000805150870193957
0.301021572173492	0.698978427826508	1401.08590188716	0	0.000384503691607063	1.23944354585253e-06	0.000756987232835556	-0.000358807250812670	-0.000801824096741780
0.299220556549218	0.700779443450782	1404.69599556071	0	0.000385472916476562	1.22463884228988e-06	0.000752427076018323	-0.000358328355027852	-0.000798515499225975
0.297422551520311	0.702577448479689	1408.30005456631	0	0.000386433353452607	1.22690872611566e-06	0.000747876511918502	-0.000357842873792244	-0.000795217932563333
0.295627584448431	0.704372415551569	1411.89802405813	0	0.000387286252367102	1.23890770223335e-06	0.000743352243300446	-0.000357304418245984	-0.000791927308287151
0.293835682653982	0.706164317346018	1415.48984927307	0	0.000387975454896194	1.26026445279551e-06	0.000738861457040009	-0.000356666429718421	-0.000788647128621348
0.292046873415717	0.707953126584283	1419.07547553152	0	0.000388525104872595	1.29539123967813e-06	0.000734402373969985	-0.000355919329818046	-0.000785384216250959
0.290261183970365	0.709738816029635	1422.65484823807	0	0.000389026517347308	1.34513818182586e-06	0.000729920422382881	-0.000355075825543596	-0.000782143520412015
0.288478641512238	0.711521358487762	1426.22791288237	0	0.000389593332527291	1.40378240435996e-06	0.000725394999848947	-0.000354188675065778	-0.000778929619585749
0.286699273192849	0.713300726807151	1429.79461503985	0	0.000390287383679474	1.46070596412750e-06	0.000720806971742183	-0.000353304631096514	-0.000775746355878600
0.284923106120528	0.715076893879472	1433.35490037249	0	0.000391116752119025	1.50380598462830e-06	0.000716171621203285	-0.000352460147863927	-0.000772594669997254
0.283150167360040	0.716849832639960	1436.90871462961	0	0.000392065536552091	1.52235132752101e-06	0.000711531573335648	-0.000351698235333779	-0.000769472412943259
0.281380483932197	0.718619516067803	1440.45600364862	0	0.000393168779118058	1.50983392070789e-06	0.000706915515214316	-0.000351086813088643	-0.000766377918314396
0.279614082813479	0.720385917186521	1443.99671335580	0	0.000394488025366952	1.46691173301273e-06	0.000702384529324984	-0.000350731186063144	-0.000763310035892746
0.277850990935649	0.722149009064351	1447.53078976706	0	0.000396054887035864	1.39808701551883e-06	0.000698028518691874	-0.000350746937669438	-0.000760264921353692
0.276091235185371	0.723908764814629	1451.05817898871	0	0.000397883373172562	1.31231966381331e-06	0.000693951105235300	-0.000351239592933046	-0.000757238425937077
0.274334842403824	0.725665157596176	1454.57882721823	0	0.000399952046503432	1.22206973473558e-06	0.000690183652027298	-0.000352243775981382	-0.000754226963965448
0.272581839386326	0.727418160613674	1458.09268074504	0	0.000402219454936868	1.13703522969973e-06	0.000686728243555018	-0.000353718634117092	-0.000751230118207653
0.270832252881948	0.729167747118052	1461.59968595125	0	0.000404607512154320	1.06142518987652e-06	0.000683496499762560	-0.000355524341250811	-0.000748246229086774
0.269086109593132	0.730913890406868	1465.09978931244	0	0.000407044169780529	9.95925668240639e-07	0.000680374607645968	-0.000357482090269629	-0.000745274034505923
0.267343436175311	0.732656563824689	1468.59293739842	0	0.000409480569794009	9.42844300057945e-07	0.000677255517763568	-0.000359420288448469	-0.000742313346359196
0.265604259236530	0.734395740763470	1472.07907687398	0	0.000411862765667125	9.06756905586655e-07	0.000674007329299159	-0.000361168488232311	-0.000739363315223950
0.263868605337060	0.736131394662940	1475.55815449969	0	0.000414151005209685	8.94452055363047e-07	0.000670532573542261	-0.000362598681131044	-0.000736423882527146
0.262136500989023	0.737863499010977	1479.03011713261	0	0.000416306502540671	9.14037388190992e-07	0.000666788788478376	-0.000363647326789044	-0.000733495861199656
0.260407972656008	0.739592027343992	1482.49491172710	0	0.000418313764221149	9.67415274554381e-07	0.000662770123627425	-0.000364313286673862	-0.000730579360413487
0.258683046752694	0.741316953247306	1485.95248533556	0	0.000420225763001172	1.04544432527517e-06	0.000658504681846761	-0.000364669048556392	-0.000727673147224368
0.256961749644468	0.743038250355532	1489.40278510918	0	0.000422148235835766	1.13350719283872e-06	0.000654032435302877	-0.000364831700388493	-0.000724776319347944
0.255244107647048	0.744755892352952	1492.84575829872	0	0.000424178378034449	1.22049541977869e-06	0.000649360602672105	-0.000364887479742694	-0.000721890169675423
0.253530147026102	0.746469852973898	1496.28135225527	0	0.000426333018337094	1.30252233271080e-06	0.000644527244911112	-0.000364872871824411	-0.000719018913624193
0.251819893996874	0.748180106003126	1499.70951443097	0	0.000428556752836911	1.37938208367246e-06	0.000639571721760795	-0.000364766798586257	-0.000716165684826496
0.250113374723799	0.749886625276201	1503.13019237985	0	0.000430758924978678	1.45078488776199e-06	0.000634500390875598	-0.000364493433582223	-0.000713331400565270
0.248410615320131	0.751589384679869	1506.54333375848	0	0.000432848189131078	1.51475225062127e-06	0.000629328211378271	-0.000363977040887455	-0.000710517353887484
0.246711641847563	0.753288358152437	1509.94888632681	0	0.000434790347066307	1.56678470761708e-06	0.000624086036195322	-0.000363202623008938	-0.000707725935384297
0.245016480315848	0.754983519684152	1513.34679794891	0	0.000436614452588057	1.60319940782013e-06	0.000618799257927589	-0.000362219786586922	-0.000704959905104571
0.243325156682429	0.756674843317571	1516.73701659368	0	0.000438392564440334	1.62443516711707e-06	0.000613531587216915	-0.000361144179992080	-0.000702221495876891
0.241637696852054	0.758362303147946	1520.11949033567	0	0.000440184741620037	1.63469828852569e-06	0.000608362934607184	-0.000360107977627145	-0.000699511770490519
0.239954126676406	0.760045873323594	1523.49416735578	0	0.000442002172049797	1.63935148934921e-06	0.000603375214215779	-0.000359216255276427	-0.000696831075645857
0.238274471953723	0.761725528046277	1526.86099594205	0	0.000443823225908095	1.64081424161647e-06	0.000598631129684542	-0.000358525480719391	-0.000694179285512274
0.236598758428429	0.763401241571571	1530.21992449037	0	0.000445631548565515	1.63739938666382e-06	0.000594136807742481	-0.000358041118686010	-0.000691557380354793
0.234927011790751	0.765072988209249	1533.57090150530	0	0.000447446729960588	1.62814975721806e-06	0.000589860164731109	-0.000357751298433194	-0.000688965080192127
0.233259257676350	0.766740742323650	1536.91387560075	0	0.000449308385086860	1.61665082543176e-06	0.000585753012839040	-0.000357634412718474	-0.000686402826056875
0.231595521665946	0.768404478334054	1540.24879550077	0	0.000451238980790109	1.61043531619527e-06	0.000581758509680795	-0.000357654829548671	-0.000683873163420287
0.229935829284942	0.770064170715058	1543.57561004027	0	0.000453256451671395	1.61670326331952e-06	0.000577843938025126	-0.000357789145830101	-0.000681378774832741
0.228280206003051	0.771719793996949	1546.89426816583	0	0.000455338713344273	1.63648097633942e-06	0.000573994652255220	-0.000358005121477122	-0.000678920573592578
0.226628677233927	0.773371322766073	1550.20471893635	0	0.000457419842147313	1.66291105177223e-06	0.000570205070016193	-0.000358249255159936	-0.000676498439849858
0.224981268334786	0.775018731665214	1553.50691152391	0	0.000459458012337822	1.68514532674787e-06	0.000566457456672926	-0.000358464304503679	-0.000674110913497416
0.223338004606040	0.776661995393960	1556.80079521441	0	0.000461440724495956	1.69307851676716e-06	0.000562715154135204	-0.000358603801787917	-0.000671754224915223
0.221698911290919	0.778301088709081	1560.08631940839	0	0.000463393174248983	1.68216395629058e-06	0.000558950619270223	-0.000358648957313451	-0.000669425924992343
0.220064013575105	0.779935986424895	1563.36343362174	0	0.000465335783648059	1.65692671306992e-06	0.000555127114944261	-0.000358570699964552	-0.000667125059089441
0.218433336586358	0.781566663413642	1566.63208748645	0	0.000467240072724398	1.62634543591606e-06	0.000551193424011788	-0.000358299835976352	-0.000664849648511246
0.216806905394145	0.783193094605855	1569.89223075136	0	0.000469054258941763	1.59818297636783e-06	0.000547078445397828	-0.000357738179463616	-0.000662596319043723
0.215184745009273	0.784815254990727	1573.14381328290	0	0.000470749624332347	1.57977415477902e-06	0.000542718887417547	-0.000356807564986526	-0.000660362944042467
0.213566880383515	0.786433119616485	1576.38678506582	0	0.000472335935969354	1.57809247838640e-06	0.000538068099149115	-0.000355481928997573	-0.000658149481516910
0.211953336409245	0.788046663590755	1579.62109620394	0	0.000473859227748095	1.59722989677174e-06	0.000533129883415716	-0.000353806783537140	-0.000655956217931643
0.210344137919065	0.789655862080935	1582.84669692089	0	0.000475365456124624	1.63575187389980e-06	0.000527963612498218	-0.000351881336856635	-0.000653782966686624
0.208739309685440	0.791260690314560	1586.06353756085	0	0.000476875540423553	1.68553562640500e-06	0.000522650139433689	-0.000349819386487233	-0.000651628786341815
0.207138876420327	0.792861123579673	1589.27156858926	0	0.000478414638125348	1.73607058236767e-06	0.000517278953735597	-0.000347733732431467	-0.000649492980680114
0.205542862774811	0.794457137225189	1592.47074059362	0	0.000480021903847835	1.77772219676369e-06	0.000511898965438305	-0.000345711049146123	-0.000647374562502631
0.203951293338734	0.796048706661266	1595.66100428415	0	0.000481759815150324	1.80424927478944e-06	0.000506529085279098	-0.000343813650362757	-0.000645274037194125
0.202364192640332	0.797635807359668	1598.84231049459	0	0.000483685028544773	1.81677952836321e-06	0.000501177275367910	-0.000342077475104339	-0.000643194197419394
0.200781585145865	0.799218414854135	1602.01461018289	0	0.000485800955456864	1.82099780901700e-06	0.000495841192440295	-0.000340502389185389	-0.000641137895196126
0.199203495259254	0.800796504740746	1605.17785443195	0	0.000488059663389523	1.82195725678211e-06	0.000490550031313832	-0.000339077493412274	-0.000639107047177004
0.197629947321718	0.802370052678282	1608.33199445038	0	0.000490401763331312	1.82087093305625e-06	0.000485354624373171	-0.000337806742556319	-0.000637101470923987
0.196060965611403	0.803939034388597	1611.47698157319	0	0.000492806663971463	1.81386977262033e-06	0.000480293955644455	-0.000336716189925863	-0.000635118867061274
0.194496574343022	0.805503425656978	1614.61276726257	0	0.000495300304878217	1.79602092892765e-06	0.000475397369336967	-0.000335850217922532	-0.000633158022798193
0.192936797667490	0.807063202332510	1617.73930310857	0	0.000497905156161469	1.76614475411705e-06	0.000470682327322648	-0.000335239000934671	-0.000631218993770196
0.191381659671564	0.808618340328436	1620.85654082985	0	0.000500602192355300	1.72739180900358e-06	0.000466154895865534	-0.000334874674253053	-0.000629302102667459
0.189831184377474	0.810168815622526	1623.96443227441	0	0.000503342175577427	1.68567296840605e-06	0.000461821941151980	-0.000334719671804097	-0.000627406919334247
0.188285395742566	0.811714604257434	1627.06292942031	0	0.000506066442968760	1.64735648859649e-06	0.000457676069512988	-0.000334714551565697	-0.000625532858724029
0.186744317658936	0.813255682341064	1630.15198437641	0	0.000508728738101151	1.61726752927570e-06	0.000453686352265287	-0.000334790570392047	-0.000623678737444038
0.185207973953074	0.814792026046926	1633.23154938306	0	0.000511305425466785	1.59861351757258e-06	0.000449830607530001	-0.000334902529296582	-0.000621842234849578
0.183676388385498	0.816323611614502	1636.30157681286	0	0.000513789337606039	1.59307582732828e-06	0.000446108352124808	-0.000335035512997439	-0.000620020465380051
0.182149584650397	0.817850415349603	1639.36201917136	0	0.000516161400502437	1.60060015672815e-06	0.000442512306232473	-0.000335166818829149	-0.000618209595551560
0.180627586375271	0.819372413624729	1642.41282909779	0	0.000518373143297775	1.61950798585987e-06	0.000439027696570722	-0.000335250956489801	-0.000616404927969239
0.179110417120569	0.820889582879431	1645.45395936579	0	0.000520381244264802	1.64675251520760e-06	0.000435644897646915	-0.000335244284523117	-0.000614602028617633
0.177598100379335	0.822401899620665	1648.48536288409	0	0.000522173550072435	1.67909823058962e-06	0.000432340105043363	-0.000335115911852968	-0.000612797711854566
0.176090659576847	0.823909340423153	1651.50699269728	0	0.000523774240856976	1.71456114112448e-06	0.000429081755218273	-0.000334856968492534	-0.000610991186540690
0.174588118070257	0.825411881929743	1654.51880198648	0	0.000525240182101244	1.75296125743543e-06	0.000425851407647308	-0.000334490765536742	-0.000609184389962360
0.173090499148241	0.826909500851759	1657.52074407010	0	0.000526630244969657	1.79537040217239e-06	0.000422643003405803	-0.000334057869250869	-0.000607380258901959
0.171597826030637	0.828402173969363	1660.51277240452	0	0.000527976750661580	1.84351151349346e-06	0.000419479002295196	-0.000333605144938250	-0.000605581998394093
0.170110121868089	0.829889878131911	1663.49484058480	0	0.000529275724257163	1.90007949891283e-06	0.000416404183811400	-0.000333174044159499	-0.000603792751258015
0.168627409741696	0.831372590258304	1666.46690234543	0	0.000530491302952502	1.96783842443195e-06	0.000413455993025871	-0.000332783009713404	-0.000602014946434363
0.167149712662653	0.832850287337347	1669.42891156100	0	0.000531589687000426	2.04725826448275e-06	0.000410661181917937	-0.000332439081705633	-0.000600250410313987
0.165677053571898	0.834322946428102	1672.38082224694	0	0.000532573546207394	2.13576147935033e-06	0.000408032028763243	-0.000332153611423236	-0.000598500579310025
0.164209455339760	0.835790544660240	1675.32258856021	0	0.000533478850373640	2.22882518601263e-06	0.000405562609745730	-0.000331943474101317	-0.000596766780774202
0.162746940765606	0.837253059234394	1678.25416480001	0	0.000534351179627281	2.32262755582883e-06	0.000403251744538158	-0.000331831322084302	-0.000595050903664351
0.161289532577484	0.838710467422516	1681.17550540851	0	0.000535212054681416	2.41638322623877e-06	0.000401105912610649	-0.000331830823390850	-0.000593355609968451
0.159837253431778	0.840162746568222	1684.08656497151	0	0.000536043147408472	2.51138194645358e-06	0.000399142229632152	-0.000331937115464467	-0.000591683787521780
0.158390125912853	0.841609874087147	1686.98729821917	0	0.000536805061179660	2.60762211628177e-06	0.000397379977130609	-0.000332126548440038	-0.000590037829834563
0.156948172532703	0.843051827467297	1689.87766002675	0	0.000537459571314476	2.70062504998737e-06	0.000395811763989634	-0.000332355631613555	-0.000588418991758851
0.155511415730605	0.844488584269395	1692.75760541522	0	0.000537985711345163	2.78238361018369e-06	0.000394419866904874	-0.000332579628937637	-0.000586828313091129
0.154079877872768	0.845920122127232	1695.62708955205	0	0.000538374461034906	2.84473381044584e-06	0.000393179822019636	-0.000332759634254000	-0.000585266962487379
0.152653581251983	0.847346418748017	1698.48606775185	0	0.000538627699026460	2.88121766530592e-06	0.000392062097823281	-0.000332866270168986	-0.000583736362691368
0.151232548087275	0.848767451912725	1701.33449547712	0	0.000538760606640059	2.88873298023753e-06	0.000391041964728704	-0.000332883931833472	-0.000582238126666986
0.149816800523559	0.850183199476441	1704.17232833889	0	0.000538800965780001	2.86753799720456e-06	0.000390082442452984	-0.000332801317891254	-0.000580773347035294
0.148406360631288	0.851593639368712	1706.99952209745	0	0.000538785020283828	2.82027665134900e-06	0.000389138388914007	-0.000332605747592244	-0.000579342972728036
0.147001250406112	0.852998749593888	1709.81603266304	0	0.000538729518584719	2.75188474409130e-06	0.000388163499077533	-0.000332270820284060	-0.000577947045361135
0.145601491768529	0.854398508231471	1712.62181609653	0	0.000538617732523567	2.66818449843070e-06	0.000387123237626631	-0.000331757630553120	-0.000576584354286335
0.144207106563540	0.855792893436460	1715.41682861013	0	0.000538417928271923	2.57410154652396e-06	0.000386001326363067	-0.000331035398801742	-0.000575252271349067
0.142818116560307	0.857181883439693	1718.20102656806	0	0.000538116924251567	2.47315097732140e-06	0.000384794969927783	-0.000330101404751162	-0.000573947083114535
0.141434543451810	0.858565456548190	1720.97436648725	0	0.000537735502620811	2.36835255563634e-06	0.000383510205321799	-0.000328982646132488	-0.000572665414140655
0.140056408854501	0.859943591145499	1723.73680503803	0	0.000537305734346857	2.26314523127662e-06	0.000382147781839899	-0.000327710613010950	-0.000571404407703289
0.138683734307964	0.861316265692036	1726.48829904481	0	0.000536849256218260	2.16116448154044e-06	0.000380703883714228	-0.000326306826760269	-0.000570161064545307
0.137316541274573	0.862683458725427	1729.22880548676	0	0.000536376421157020	2.06620505756782e-06	0.000379170929277797	-0.000324784381255669	-0.000568932609585010
0.135954851139152	0.864045148860848	1731.95828149850	0	0.000535890712342848	1.98128227830185e-06	0.000377546077062639	-0.000323157904894194	-0.000567717036040780
0.134598685208633	0.865401314791367	1734.67668437079	0	0.000535400703806886	1.90714822835863e-06	0.000375835704008979	-0.000321451694027241	-0.000566512628799467
0.133248064711720	0.866751935288280	1737.38397155118	0	0.000534920679182992	1.84204139255486e-06	0.000374046574009996	-0.000319693741149871	-0.000565317642769779
0.131903010798546	0.868096989201454	1740.08010064473	0	0.000534464824310509	1.78280452159573e-06	0.000372191079011765	-0.000317912444046998	-0.000564130864288297
0.130563544540339	0.869436455459661	1742.76502941465	0	0.000534043284474774	1.72660580949551e-06	0.000370289223797362	-0.000316135477960724	-0.000562952257884114
0.129229686929082	0.870770313070918	1745.43871578301	0	0.000533660813475597	1.67161260398150e-06	0.000368366153184891	-0.000314389908586224	-0.000561782687873035
0.127901458877179	0.872098541122821	1748.10111783138	0	0.000533322602439093	1.61753634745349e-06	0.000366453193559189	-0.000312704825732522	-0.000560623856993326
0.126578881217118	0.873421118782882	1750.75219380153	0	0.000533036279935088	1.56576681885741e-06	0.000364577090805204	-0.000311107183401169	-0.000559477478221706
0.125261974701134	0.874738025298866	1753.39190209609	0	0.000532811172982843	1.51849443776020e-06	0.000362753732707650	-0.000309616221923889	-0.000558344955369060
0.123950760000879	0.876049239999121	1756.02020127920	0	0.000532650800736766	1.47823296747926e-06	0.000360987378775026	-0.000308236824069676	-0.000557227418658349
0.122645257707084	0.877354742292916	1758.63705007725	0	0.000532544972060239	1.44678034107349e-06	0.000359273935170992	-0.000306957072249007	-0.000556125214657697
0.121345488329231	0.878654511670769	1761.24240737945	0	0.000532475567295866	1.42400215855829e-06	0.000357608318209005	-0.000305755387960603	-0.000555038078255464
0.120051472295216	0.879948527704784	1763.83623223855	0	0.000532427060643907	1.40847204645921e-06	0.000355975426944586	-0.000304602471736416	-0.000553965691334286
0.118763229951022	0.881236770048978	1766.41848387152	0	0.000532381490081427	1.39900011545452e-06	0.000354356320043561	-0.000303462691696007	-0.000552908156717382
0.117480781560385	0.882519218439615	1768.98912166016	0	0.000532308605425491	1.39582729442121e-06	0.000352745360216708	-0.000302300279533772	-0.000551866282322808
0.116204147304467	0.883795852695533	1771.54810515182	0	0.000532167363837676	1.40080281530308e-06	0.000351143514988488	-0.000301079270501985	-0.000550840953436163
0.114933347281528	0.885066652718472	1774.09539406000	0	0.000531912539331479	1.41552955428694e-06	0.000349555862377098	-0.000299764363125988	-0.000549832626205653
0.113668401506594	0.886331598493406	1776.63094826504	0	0.000531508563493109	1.43946945718485e-06	0.000347984095883028	-0.000298322831776591	-0.000548841283270812
0.112409329911132	0.887590670088868	1779.15472781480	0	0.000530939363868702	1.46996519084614e-06	0.000346418005157346	-0.000296724065892673	-0.000547866356175895
0.111156152342724	0.888843847657276	1781.66669292525	0	0.000530206140957327	1.50308075213353e-06	0.000344835986012041	-0.000294941895488697	-0.000546907491760561
0.109908888564741	0.890091111435259	1784.16680398118	0	0.000529325239268236	1.53515356825225e-06	0.000343216150871586	-0.000292960567199076	-0.000545965286831945
0.108667558256017	0.891332441743983	1786.65502153683	0	0.000528314616746734	1.56384844779295e-06	0.000341537078664228	-0.000290771445889364	-0.000545040658764223
0.107432181010528	0.892567818989472	1789.13130631653	0	0.000527187275111606	1.58769079137694e-06	0.000339787312305138	-0.000288375445002338	-0.000544134211384331
0.106202776337064	0.893797223662936	1791.59561921537	0	0.000525956091499930	1.60597583798173e-06	0.000337967166438572	-0.000285786994435126	-0.000543246013342553
0.104979363658911	0.895020636341089	1794.04792129983	0	0.000524634042598751	1.61925074754949e-06	0.000336082310136047	-0.000283030273408897	-0.000542375542771738
0.103761962313528	0.896238037686472	1796.48817380842	0	0.000523231033024206	1.62999179884411e-06	0.000334148688139806	-0.000280136726997618	-0.000541522692611065
0.102550591552225	0.897449408447775	1798.91633815235	0	0.000521748965834427	1.64240272246791e-06	0.000332184092697140	-0.000277136864840124	-0.000540687854003770
0.101345270539846	0.898654729460154	1801.33237591612	0	0.000520188427874716	1.66053663376143e-06	0.000330207983090814	-0.000274062220901158	-0.000539871520727944
0.100146018354447	0.899853981645553	1803.73624885823	0	0.000518561057918595	1.68648469396259e-06	0.000328240162313626	-0.000270951312675568	-0.000539073403391690
0.0989528539869803	0.901047146013020	1806.12791891175	0	0.000516893431098413	1.72030670904830e-06	0.000326298355799900	-0.000267849716869228	-0.000538292388115089
0.0977657963409758	0.902234203659024	1808.50734818501	0	0.000515220558487679	1.76113023605695e-06	0.000324400814010258	-0.000264806117698566	-0.000537527189822464
0.0965848642322262	0.903415135767774	1810.87449896218	0	0.000513575947241281	1.80772617210810e-06	0.000322565114712956	-0.000261865529004714	-0.000536776591945177
0.0954100763884696	0.904589923611531	1813.22933370395	0	0.000511986005440368	1.85847878054140e-06	0.000320806668524855	-0.000259064661569477	-0.000536039532035091
0.0942414514490770	0.905758548550923	1815.57181504815	0	0.000510468246276497	1.91149754547255e-06	0.000319137323822899	-0.000256429195460795	-0.000535315137572266
0.0930790079647369	0.906920992035263	1817.90190581034	0	0.000509029683989772	1.96485935967303e-06	0.000317562968337317	-0.000253971341517633	-0.000534602903890740
0.0919227643971439	0.908077235602856	1820.21956898449	0	0.000507669719230478	2.01670551821421e-06	0.000316084477269051	-0.000251692001082281	-0.000533902753816802
0.0907727391186860	0.909227260881314	1822.52476774359	0	0.000506384256992247	2.06538687428592e-06	0.000314700617581902	-0.000249585276106288	-0.000533215011233301
0.0896289504121345	0.910371049587866	1824.81746544024	0	0.000505168824120516	2.10962886336139e-06	0.000313406666986063	-0.000247639665784549	-0.000532540297502446
0.0884914164703329	0.911508583529667	1827.09762560732	0	0.000504019805731966	2.14853016209038e-06	0.000312192359208615	-0.000245837178086738	-0.000531879277831480
0.0873601553958892	0.912639844604111	1829.36521195857	0	0.000502933135954186	2.18151802289938e-06	0.000311042616464664	-0.000244153075379978	-0.000531232479088379
0.0862351852008669	0.913764814799133	1831.62018838923	0	0.000501903501771977	2.20822178937212e-06	0.000309938866322723	-0.000242557246577370	-0.000530600075970787
0.0851165238064779	0.914883476193522	1833.86251897665	0	0.000500924457470040	2.22825088099831e-06	0.000308859758267170	-0.000241016360485531	-0.000529981655038519
0.0840041890427768	0.915995810957223	1836.09216798091	0	0.000499988008301076	2.24110597162165e-06	0.000307782190109937	-0.000239495985486419	-0.000529376258885165
0.0828981986483551	0.917101801351645	1838.30909984541	0	0.000499085287318036	2.24620304283486e-06	0.000306684397776818	-0.000237964608305637	-0.000528782904562119
0.0817985702700373	0.918201429729963	1840.51327919750	0	0.000498210471138039	2.24284529108620e-06	0.000305547776778900	-0.000236398480327796	-0.000528200935529213
0.0807053214625775	0.919294678537423	1842.70467084910	0	0.000497364250219724	2.23033635103063e-06	0.000304358223642021	-0.000234784716907520	-0.000527629865031334
0.0796184696883570	0.920381530311643	1844.88323979727	0	0.000496552507415576	2.20843749408106e-06	0.000303108244287092	-0.000233121087550237	-0.000527069188818967
0.0785380323170827	0.921461967682917	1847.04895122483	0	0.000495781151092138	2.17773461271344e-06	0.000301796256214869	-0.000231412374006347	-0.000526518203954784
0.0774640266254875	0.922535973374513	1849.20177050099	0	0.000495052384905866	2.13948285778266e-06	0.000300424552141341	-0.000229666635282323	-0.000525975961651192
0.0763964697970300	0.923603530202970	1851.34166318189	0	0.000494365737591737	2.09513241275235e-06	0.000298998074266477	-0.000227893901102920	-0.000525441326012543
0.0753353789215969	0.924664621078403	1853.46859501126	0	0.000493721763378128	2.04614546228924e-06	0.000297522528211139	-0.000226105454809083	-0.000524913146492304
0.0742807709952051	0.925719229004795	1855.58253192099	0	0.000493123136045610	1.99435545178881e-06	0.000296002811346231	-0.000224312382568695	-0.000524390338541325
0.0732326629197064	0.926767337080294	1857.68344003171	0	0.000492572248280897	1.94236277351686e-06	0.000294444566832891	-0.000222524811207375	-0.000523872054172354
0.0721910715024905	0.927808928497510	1859.77128565339	0	0.000492068641607196	1.89351746621142e-06	0.000292855051946855	-0.000220751626689657	-0.000523357958947261
0.0711560134561919	0.928843986543808	1861.84603528595	0	0.000491607331962263	1.85151158640773e-06	0.000291242294048285	-0.000218999492646062	-0.000522848177463894
0.0701275053983969	0.929872494601603	1863.90765561984	0	0.000491178061590493	1.81963694213242e-06	0.000289616040907299	-0.000217272616644481	-0.000522343068566394
0.0691055638513506	0.930894436148649	1865.95611353659	0	0.000490767418441164	1.79984386398337e-06	0.000287987925398681	-0.000215573840829321	-0.000521842888740271
0.0680902052416662	0.931909794758334	1867.99137610945	0	0.000490363697708756	1.79219479494975e-06	0.000286369988574144	-0.000213906386634008	-0.000521347638803802
0.0670814459000349	0.932918554099965	1870.01341060392	0	0.000489961444577360	1.79487946527884e-06	0.000284773575091615	-0.000212275488356268	-0.000520857020379768
0.0660793020609365	0.933920697939064	1872.02218447837	0	0.000489563749381774	1.80455351946249e-06	0.000283207656119390	-0.000210688720331489	-0.000520370472685932
0.0650837898623524	0.934916210137648	1874.01766538460	0	0.000489181440349673	1.81697488777476e-06	0.000281678623612097	-0.000209155381426957	-0.000519887316170096
0.0640949253454777	0.935905074654522	1875.99982116840	0	0.000488828665935421	1.82780540599671e-06	0.000280191218449629	-0.000207684655318394	-0.000519406874447407
0.0631127244544357	0.936887275545564	1877.96861987016	0	0.000488516522885676	1.83342015926383e-06	0.000278748550491371	-0.000206282437836930	-0.000518928585306803
0.0621372030359940	0.937862796964006	1879.92402972539	0	0.000488248550011291	1.83153637449085e-06	0.000277352154761549	-0.000204949449260317	-0.000518452072547800
0.0611683768392796	0.938831623160720	1881.86601916534	0	0.000488019894948080	1.82149752380636e-06	0.000276002984857117	-0.000203682145434768	-0.000517977236486527
0.0602062615154976	0.939793738484502	1883.79455681755	0	0.000487818899354278	1.80419547841402e-06	0.000274702651385357	-0.000202474829645108	-0.000517504293040713
0.0592508726176487	0.940749127382351	1885.70961150637	0	0.000487629068076636	1.78169264025348e-06	0.000273454305033070	-0.000201321185913995	-0.000517033686054700
0.0583022256002503	0.941697774399750	1887.61115225360	0	0.000487431050954555	1.75672969932341e-06	0.000272262626089610	-0.000200214848475667	-0.000516565974225437
0.0573603358190564	0.942639664180944	1889.49914827898	0	0.000487205659073194	1.73218301434945e-06	0.000271132602318005	-0.000199149699167809	-0.000516101737852111
0.0564252185307794	0.943574781469221	1891.37356900078	0	0.000486938159378115	1.71043235830950e-06	0.000270067896099637	-0.000198120857503518	-0.000515641471594860
0.0554968888928141	0.944503111107186	1893.23438403638	0	0.000486622396015714	1.69292661462047e-06	0.000269069763098016	-0.000197126331671563	-0.000515185553910844
0.0545753619629618	0.945424638037038	1895.08156320275	0	0.000486262320838125	1.68025146160385e-06	0.000268137086993182	-0.000196168280398577	-0.000514734364637693
0.0536606526991550	0.946339347300845	1896.91507651708	0	0.000485869965368567	1.67252668066185e-06	0.000267267407304344	-0.000195252945774948	-0.000514288429604037
0.0527527759591849	0.947247224040815	1898.73489419726	0	0.000485461443197348	1.66970222729900e-06	0.000266458093230540	-0.000194389156614140	-0.000513848423425328
0.0518517465004288	0.948148253499571	1900.54098666248	0	0.000485053244188818	1.67154565068273e-06	0.000265706960602922	-0.000193586067304379	-0.000513415028922437
0.0509575789795788	0.949042421020421	1902.33332453374	0	0.000484659466369483	1.67755745092520e-06	0.000265011987799758	-0.000192850573482415	-0.000512988800514690
0.0500702879523726	0.949929712047627	1904.11187863441	0	0.000484289405715870	1.68708519191782e-06	0.000264370342066705	-0.000192184668835967	-0.000512570183498724
0.0491898878733239	0.950810112126676	1905.87661999075	0	0.000483945984411881	1.69947463475812e-06	0.000263777231727580	-0.000191583730459027	-0.000512159638304110
0.0483163930954558	0.951683606904544	1907.62751983246	0	0.000483626360688008	1.71401520782959e-06	0.000263225460333771	-0.000191037030828146	-0.000511757678105969
0.0474498178700342	0.952550182129966	1909.36454959322	0	0.000483324557578206	1.72980453420425e-06	0.000262706316324748	-0.000190530570329955	-0.000511364796925839
0.0465901763463021	0.953409823653698	1911.08768091120	0	0.000483034731227154	1.74577760822432e-06	0.000262211329016410	-0.000190050904112780	-0.000510981435744455
0.0457374825712166	0.954262517428783	1912.79688562960	0	0.000482753961794404	1.76090622069696e-06	0.000261733398629083	-0.000189588156871315	-0.000510608017046260
0.0448917504891863	0.955108249510814	1914.49213579717	0	0.000482483661100766	1.77436358838501e-06	0.000261266955642131	-0.000189137187657553	-0.000510244951147952
0.0440529939418089	0.955947006058191	1916.17340366877	0	0.000482228925541970	1.78553523428133e-06	0.000260807569467240	-0.000188696747766755	-0.000509892561871626
0.0432212266676121	0.956778773332388	1917.84066170584	0	0.000481996077979838	1.79401684405977e-06	0.000260351248376283	-0.000188267266954602	-0.000509551028654336
0.0423964623017939	0.957603537698206	1919.49388257693	0	0.000481789880014101	1.79971964978138e-06	0.000259894018620846	-0.000187848801447880	-0.000509220433420326
0.0415787143759655	0.958421285624035	1921.13303915826	0	0.000481612323569436	1.80293760622730e-06	0.000259432089121994	-0.000187440470307799	-0.000508900860825041
0.0407679963178945	0.959232003682106	1922.75810453417	0	0.000481463618346426	1.80420732403314e-06	0.000258962239071958	-0.000187041276444067	-0.000508592428289211
0.0399643214512495	0.960035678548751	1924.36905199768	0	0.000481344088625664	1.80404007404602e-06	0.000258482089198596	-0.000186651079467240	-0.000508295226846475
0.0391677029953472	0.960832297004653	1925.96585505098	0	0.000481255371644825	1.80271724144494e-06	0.000257990201314806	-0.000186270766849871	-0.000508009261332834
0.0383781540648987	0.961621845935101	1927.54848740595	0	0.000481200374000697	1.80020863545648e-06	0.000257485839323562	-0.000185901555376409	-0.000507734417811682
0.0375956876697586	0.962404312330241	1929.11692298463	0	0.000481182226492611	1.79617529941891e-06	0.000256968547727168	-0.000185543922595163	-0.000507470462866844
0.0368203167146752	0.963179683285325	1930.67113591975	0	0.000481202675729622	1.79006416530497e-06	0.000256437754401280	-0.000185196569676942	-0.000507217090992976
0.0360520539990413	0.963947946000959	1932.21110055524	0	0.000481260596415222	1.78129224791914e-06	0.000255892701783972	-0.000184855814376871	-0.000506974011131535
0.0352909122166473	0.964709087783353	1933.73679144668	0	0.000481351399069297	1.76940982827961e-06	0.000255332798697602	-0.000184515753860658	-0.000506741001348301
0.0345369039554343	0.965463096044566	1935.24818336184	0	0.000481467584342239	1.75416160945125e-06	0.000254758066998492	-0.000184169109790898	-0.000506517887449941
0.0337900416972503	0.966209958302750	1936.74525128116	0	0.000481599977677694	1.73550676883624e-06	0.000254169475821455	-0.000183808386068956	-0.000506304500707163
0.0330503378176060	0.966949662182394	1938.22797039821	0	0.000481738832945519	1.71367990789609e-06	0.000253569092669749	-0.000183426871411523	-0.000506100673400776
0.0323178045854328	0.967682195414567	1939.69631612019	0	0.000481874378746270	1.68926154493555e-06	0.000252960092061072	-0.000183019217577863	-0.000505906262206311
0.0315924541628419	0.968407545837158	1941.15026406846	0	0.000481997075285871	1.66314074550844e-06	0.000252346602305684	-0.000182581669941376	-0.000505721148005353
0.0308742986048856	0.969125701395114	1942.58979007893	0	0.000482098013143670	1.63632638630914e-06	0.000251733412824736	-0.000182112181288284	-0.000505545191303404
0.0301633498593182	0.969836650140682	1944.01487020261	0	0.000482169505275165	1.60971330029007e-06	0.000251125670585692	-0.000181610495156513	-0.000505378182701333
0.0294596197663597	0.970540380233640	1945.42548070607	0	0.000482205579303101	1.58394193712657e-06	0.000250528583752337	-0.000181078037701516	-0.000505219831630332
0.0287631200584605	0.971236879941540	1946.82159807186	0	0.000482202073141280	1.55939564458466e-06	0.000249947112625517	-0.000180517462266496	-0.000505069788467578
0.0280738623600674	0.971926137639933	1948.20319899907	0	0.000482156311063071	1.53628300257415e-06	0.000249385664529976	-0.000179931942037489	-0.000504927672319007
0.0273918581873910	0.972608141812609	1949.57026040372	0	0.000482066606372266	1.51472535938114e-06	0.000248847870974871	-0.000179324535634885	-0.000504793088735069
0.0267171189481742	0.973282881051826	1950.92275941926	0	0.000481931832722078	1.49481279600725e-06	0.000248336591473615	-0.000178697928666298	-0.000504665641779934
0.0260496559414626	0.973950344058537	1952.26067339701	0	0.000481751149480864	1.47664152987691e-06	0.000247854162542698	-0.000178054584142560	-0.000504544954592414
0.0253894803573763	0.974610519642624	1953.58397990664	0	0.000481523904990865	1.46034528393694e-06	0.000247402707470192	-0.000177397091404170	-0.000504430697781398
0.0247366032768827	0.975263396723117	1954.89265673661	0	0.000481249745592553	1.44611509067340e-06	0.000246984307849806	-0.000176728472435123	-0.000504322609803731
0.0240910356715703	0.975908964328430	1956.18668189463	0	0.000480928894821503	1.43420358877456e-06	0.000246600987173759	-0.000176052310890070	-0.000504220500775032
0.0234527884034260	0.976547211596574	1957.46603360809	0	0.000480562469031034	1.42491044909957e-06	0.000246254586177701	-0.000175372683944456	-0.000504124241859530
0.0228218722246109	0.977178127775389	1958.73069032455	0	0.000480152685809945	1.41853464858816e-06	0.000245946635279000	-0.000174693957136870	-0.000504033741090631
0.0221982977772397	0.977801702222760	1959.98063071213	0	0.000479702920458701	1.41528492924086e-06	0.000245678282252108	-0.000174020545111236	-0.000503948907439302
0.0215820755931608	0.978417924406839	1961.21583365999	0	0.000479217665098607	1.41517244502297e-06	0.000245450269643476	-0.000173356733787612	-0.000503869615629422
0.0209732160937378	0.979026783906262	1962.43627827876	0	0.000478702448789014	1.41793564694325e-06	0.000245262934152446	-0.000172706609271912	-0.000503795689428312
0.0203717295896327	0.979628270410367	1963.64194390094	0	0.000478163697684824	1.42303840419225e-06	0.000245116222128719	-0.000172074071620972	-0.000503726913252696
0.0197776262805901	0.980222373719410	1964.83281008139	0	0.000477608439059448	1.42974902316865e-06	0.000245009721274080	-0.000171462852129201	-0.000503663069634173
0.0191909162552239	0.980809083744776	1966.00885659772	0	0.000477043777925944	1.43727170293594e-06	0.000244942703023156	-0.000170876452693764	-0.000503603988683114
0.0186116094908037	0.981388390509196	1967.17006345073	0	0.000476476224573501	1.44487432243858e-06	0.000244914180231387	-0.000170318002313140	-0.000503549585549688
0.0180397158530448	0.981960284146955	1968.31641086482	0	0.000475911119116112	1.45195304099884e-06	0.000244922975584484	-0.000169790100948488	-0.000503499861133516
0.0174752450958980	0.982524754904102	1969.44787928842	0	0.000475352414685778	1.45801086720576e-06	0.000244967771318065	-0.000169294722844379	-0.000503454861660415
0.0169182068613421	0.983081793138658	1970.56444939442	0	0.000474802898316198	1.46258175765191e-06	0.000245047112636277	-0.000168833197017318	-0.000503414621927366
0.0163686106791769	0.983631389320823	1971.66610208055	0	0.000474264701929740	1.46515299184885e-06	0.000245159364697368	-0.000168406236578376	-0.000503379119334176
0.0158264659668182	0.984173534033182	1972.75281846983	0	0.000473739844860151	1.46512048080881e-06	0.000245302646163144	-0.000168013979596199	-0.000503348243442620
0.0152917820290947	0.984708217970905	1973.82457991093	0	0.000473230565906249	1.46179338965099e-06	0.000245474776953054	-0.000167656018945710	-0.000503321780334847
0.0147645680580457	0.985235431941954	1974.88136797864	0	0.000472739314763143	1.45445179978316e-06	0.000245673289215557	-0.000167331425993067	-0.000503299419649194
0.0142448331327208	0.985755166867279	1975.92316447422	0	0.000472268448599904	1.44243424814566e-06	0.000245895521408079	-0.000167038787928778	-0.000503280784545070
0.0137325862189807	0.986267413781019	1976.94995142579	0	0.000471819831081148	1.42520756174982e-06	0.000246138750061891	-0.000166776263853449	-0.000503265470126576
0.0132278361693007	0.986772163830699	1977.96171108880	0	0.000471394562089635	1.40238233317383e-06	0.000246400290036067	-0.000166541649513755	-0.000503253074733371
0.0127305917225737	0.987269408277426	1978.95842594632	0	0.000470992963348277	1.37367883200158e-06	0.000246677526782171	-0.000166332443170036	-0.000503243218689337
0.0122408615039170	0.987759138496083	1979.94007870951	0	0.000470614793102797	1.33888156469779e-06	0.000246967886419035	-0.000166145914421542	-0.000503235553770749
0.0117586540244792	0.988241345975521	1980.90665231798	0	0.000470259562558034	1.29781948284243e-06	0.000247268777367633	-0.000165979185158615	-0.000503229768020697
0.0112839776812490	0.988716022318751	1981.85812994015	0	0.000469926812857992	1.25038247695753e-06	0.000247577543477229	-0.000165829329714518	-0.000503225587817535
0.0108168407568659	0.989183159243134	1982.79449497367	0	0.000469616262852955	1.19655821001119e-06	0.000247891453147325	-0.000165693489959608	-0.000503222776515494
0.0103572514194327	0.989642748580567	1983.71573104578	0	0.000469327814441082	1.13646246250537e-06	0.000248207727349885	-0.000165568993040558	-0.000503221128335265
0.00990521772232810	0.990094782277672	1984.62182201365	0	0.000469061463982071	1.07034268630455e-06	0.000248523596205799	-0.000165453461163388	-0.000503220457690360
0.00946074760402322	0.990539252395977	1985.51275196481	0	0.000468817192414392	9.98550556001315e-07	0.000248836370224969	-0.000165344907554702	-0.000503220586442179
0.00902384888789752	0.990976151112103	1986.38850521748	0	0.000468594895454176	9.21494428008120e-07	0.000249143513388601	-0.000165241813013372	-0.000503221332753813
0.00859452928205781	0.991405470717942	1987.24906632094	0	0.000468394385424012	8.39589645033753e-07	0.000249442707419818	-0.000165143173648854	-0.000503222504556155
0.00817279637915857	0.991827203620841	1988.09442005590	0	0.000468215464076130	7.53223159020571e-07	0.000249731899545459	-0.000165048508076066	-0.000503223898950054
0.00775865765622314	0.992241342343777	1988.92455143482	0	0.000468058040028201	6.62742082122134e-07	0.000250009329986413	-0.000164957815516169	-0.000503225307214362
0.00735212047446753	0.992647879525533	1989.73944570233	0	0.000467922248750579	5.68467418226362e-07	0.000250273540085570	-0.000164871484885465	-0.000503226523917913
0.00695319207912536	0.993046807920875	1990.53908833553	0	0.000467808529461697	4.70727243280399e-07	0.000250523366218895	-0.000164790165962426	-0.000503227357930578
0.00656187959927467	0.993438120400725	1991.32346504435	0	0.000467717622328878	3.69899238195830e-07	0.000250757926681185	-0.000164714622770272	-0.000503227642911241
0.00617819004766606	0.993821809952334	1992.09256177188	0	0.000467650468942559	2.66451350340492e-07	0.000250976607658268	-0.000164645592893951	-0.000503227245260430
0.00580213032055286	0.994197869679447	1992.84636469476	0	0.000467608024032192	1.60971187726461e-07	0.000251179050988781	-0.000164583673345132	-0.000503226068573467
0.00543370719752277	0.994566292802477	1993.58486022346	0	0.000467591009534733	5.41785328770703e-08	0.000251365142704291	-0.000164529245267879	-0.000503224054970099
0.00507292734133132	0.994927072658669	1994.30803500264	0	0.000467599656680014	-5.30800903040032e-08	0.000251534999171322	-0.000164482439667749	-0.000503221184674807
0.00471979729773660	0.995280202702263	1995.01587591148	0	0.000467633484045435	-1.59852062180147e-07	0.000251688947724143	-0.000164443138105102	-0.000503217475328714
0.00437432349533637	0.995625676504664	1995.70837006401	0	0.000467691150328098	-2.65109994725495e-07	0.000251827500355831	-0.000164410998098657	-0.000503212981680585
0.00403651224540640	0.995963487754594	1996.38550480943	0	0.000467770404308425	-3.67789151454242e-07	0.000251951321326098	-0.000164385492950985	-0.000503207795081528
0.00370636974174038	0.996293630258260	1997.04726773241	0	0.000467868136366620	-4.66827358341707e-07	0.000252061191285833	-0.000164365958066792	-0.000503202041389156
0.00338390206049208	0.996616097939508	1997.69364665345	0	0.000467980520051297	-5.61204901805800e-07	0.000252157971129015	-0.000164351638508389	-0.000503195875965451
0.00306911516001845	0.996930884839982	1998.32462962917	0	0.000468103220956409	-6.49982300870428e-07	0.000252242568364119	-0.000164341734428410	-0.000503189475332469
0.00276201488072557	0.997237985119274	1998.94020495261	0	0.000468231644300654	-7.32333776670620e-07	0.000252315907789219	-0.000164335442051352	-0.000503183026197263
0.00246260694491503	0.997537393055085	1999.54036115354	0	0.000468361191841118	-8.07574215333654e-07	0.000252378907231804	-0.000164331988500206	-0.000503176713398323
0.00217089695663282	0.997829103043367	2000.12508699879	0	0.000468487502129592	-8.75177817690475e-07	0.000252432458360448	-0.000164330659362310	-0.000503170708562779
0.00188689040152026	0.998113109598480	2000.69437149251	0	0.000468606654219884	-9.34787440746576e-07	0.000252477412183244	-0.000164330818562815	-0.000503165160938424
0.00161059264666548	0.998389407353335	2001.24820387652	0	0.000468715322207273	-9.86214716808013e-07	0.000252514568747420	-0.000164331920756766	-0.000503160191227021
0.00134200894045803	0.998657991059542	2001.78657363052	0	0.000468810875098583	-1.02943215354024e-06	0.000252544670563606	-0.000164333516934467	-0.000503155888573258
0.00108114441244415	0.998918855587556	2002.30947047247	0	0.000468891422592274	-1.06455900225423e-06	0.000252568399341948	-0.000164335254258194	-0.000503152310347511
0.000828004073184763	0.999171995926815	2002.81688435882	0	0.000468955811886503	-1.09184296014051e-06	0.000252586375656068	-0.000164336871291875	-0.000503149484072715
0.000582592814114250	0.999417407185886	2003.30880548479	0	0.000469003583282395	-1.11163970804022e-06	0.000252599161094960	-0.000164338189789266	-0.000503147410768320
0.000344915407401969	0.999655084592598	2003.78522428469	0	0.000469034891357914	-1.12353798682796e-06	0.000252607262422629	-0.000164339104104717	-0.000503146069054057
0.000114976505814595	0.999885023494185	2004.24613143216	0	0.000469113015146603	-1.13310103659520e-06	0.000252611137201489	-0.000164340943857521	-0.000503145419501138
